"","Source","Site_name","Original_source","Site","Core","Habitat_type","Latitude","Longitude","accuracy_flag","accuracy_code","Country","Year_collected","U_depth_m","L_depth_m","Method","Conv_factor","SOM_perc","SOM_perc_mean","SOM_perc_sd","OC_perc","OC_perc_mean","OC_perc_sd","BD_reported_g_cm3"
"1","Copertino et al under review","MC 4","Braga et al 2011","Algodoal",4,"Salt marsh",-0.6786,-47.8463,"direct from dataset","1","Brazil","2007",0,0.1,"LOI","0.47*x+0.0008",NA,0.17,0.07,NA,0.08,0.0337,NA
"2","Copertino et al under review","MC 87","Negrin et al 2019","Bahia Blanca Spartina",87,"Salt marsh",-38.7403,-62.3539,"direct from dataset","1","Argentina","2011/2012",0,0.15,"LOI","0.47*x+0.0008",NA,8.9,1.75,NA,4.18,0.8233,NA
"3","Copertino et al under review","MC 88","Negrin et al 2019","Bahia Blanca Spartina",88,"Salt marsh",-38.7403,-62.3539,"direct from dataset","1","Argentina","2011/2012",0,0.15,"LOI","0.47*x+0.0008",NA,2.36,0.75,NA,1.11,0.3533,NA
"4","Copertino et al under review","MC 89","Negrin et al 2019","Bahia Blanca Spartina",89,"Salt marsh",-38.7403,-62.3539,"direct from dataset","1","Argentina","2011/2012",0,0.15,"LOI","0.47*x+0.0008",NA,8.56,0.45,NA,4.02,0.2123,NA
"5","Copertino et al under review","MC 8","Braga et al 2011","Bragança",8,"Salt marsh",-0.7889,-46.7217,"direct from dataset","1","Brazil","2007",0,0.1,"LOI","0.47*x+0.0008",NA,0.39,0.27,NA,0.18,0.1277,NA
"6","Copertino et al under review","MC 18","Adaime 1978","Cananéia / Pta. Arrozal",18,"Salt marsh",-25.0367,-47.93,"direct from dataset","1","Brazil","1974",0,0.05,"LOI","0.47*x+0.0008",10.2,NA,NA,3.4,NA,NA,NA
"7","Copertino et al under review","MC 18","Adaime 1978","Cananéia / Pta. Arrozal",18,"Salt marsh",-25.0367,-47.93,"direct from dataset","1","Brazil","1974",0.05,0.1,"LOI","0.47*x+0.0008",16.08,NA,NA,4.4,NA,NA,NA
"8","Copertino et al under review","MC 18","Adaime 1978","Cananéia / Pta. Arrozal",18,"Salt marsh",-25.0367,-47.93,"direct from dataset","1","Brazil","1974",0.1,0.2,"LOI","0.47*x+0.0008",15.07,NA,NA,5.4,NA,NA,NA
"9","Copertino et al under review","MC 21","Flynn et al 1998","Cananéia / Pta. Arrozal",21,"Salt marsh",-25.0366,-47.9282,"direct from dataset","1","Brazil","1988",0,0.1,"LOI","0.47*x+0.0008",NA,0.03,NA,0.01,NA,NA,NA
"10","Copertino et al under review","MC 24","Flynn et al 1998","Cananéia / Pta. Arrozal",24,"Salt marsh",-25.0366,-47.9282,"direct from dataset","1","Brazil","1988",0,0.1,"LOI","0.47*x+0.0008",NA,1.27,NA,0.6,NA,NA,NA
"11","Copertino et al under review","MC 16","Ottero et al 2006","Cananéia /Pai Matos",16,"Salt marsh",-24.9981,-47.9067,"direct from dataset","1","Brazil","2004",0,0.015,"EA","0.47*x+0.0008",NA,NA,NA,4.3,NA,NA,NA
"12","Copertino et al under review","MC 16","Ottero et al 2006","Cananéia /Pai Matos",16,"Salt marsh",-24.9981,-47.9067,"direct from dataset","1","Brazil","2004",0.015,0.045,"EA","0.47*x+0.0008",NA,NA,NA,4.6,NA,NA,NA
"13","Copertino et al under review","MC 16","Ottero et al 2006","Cananéia /Pai Matos",16,"Salt marsh",-24.9981,-47.9067,"direct from dataset","1","Brazil","2004",0.045,0.08,"EA","0.47*x+0.0008",NA,NA,NA,4.15,NA,NA,NA
"14","Copertino et al under review","MC 16","Ottero et al 2006","Cananéia /Pai Matos",16,"Salt marsh",-24.9981,-47.9067,"direct from dataset","1","Brazil","2004",0.08,0.125,"EA","0.47*x+0.0008",NA,NA,NA,3.7,NA,NA,NA
"15","Copertino et al under review","MC 16","Ottero et al 2006","Cananéia /Pai Matos",16,"Salt marsh",-24.9981,-47.9067,"direct from dataset","1","Brazil","2004",0.125,0.175,"EA","0.47*x+0.0008",NA,NA,NA,4.1,NA,NA,NA
"16","Copertino et al under review","MC 16","Ottero et al 2006","Cananéia /Pai Matos",16,"Salt marsh",-24.9981,-47.9067,"direct from dataset","1","Brazil","2004",0.175,0.225,"EA","0.47*x+0.0008",NA,NA,NA,3.6,NA,NA,NA
"17","Copertino et al under review","MC 16","Ottero et al 2006","Cananéia /Pai Matos",16,"Salt marsh",-24.9981,-47.9067,"direct from dataset","1","Brazil","2004",0.225,0.275,"EA","0.47*x+0.0008",NA,NA,NA,2.4,NA,NA,NA
"18","Copertino et al under review","MC 17","Ferreira 2008","Cananéia /Pai Matos",17,"Salt marsh",-24.9981,-47.9067,"direct from dataset","1","Brazil","2005",0,0.05,"EA","0.47*x+0.0008",NA,NA,NA,3.7,NA,NA,NA
"19","Copertino et al under review","MC 17","Ferreira 2008","Cananéia /Pai Matos",17,"Salt marsh",-24.9981,-47.9067,"direct from dataset","1","Brazil","2005",0.05,0.1,"EA","0.47*x+0.0008",NA,NA,NA,4,NA,NA,NA
"20","Copertino et al under review","MC 17","Ferreira 2008","Cananéia /Pai Matos",17,"Salt marsh",-24.9981,-47.9067,"direct from dataset","1","Brazil","2005",0.2,0.4,"EA","0.47*x+0.0008",NA,NA,NA,4.02,NA,NA,NA
"21","Copertino et al under review","MC 7","Braga et al 2011","Canela",7,"Salt marsh",-0.7874,-46.723,"direct from dataset","1","Brazil","2007",0,0.1,"LOI","0.47*x+0.0008",NA,0.18,0.06,NA,0.09,0.029,NA
"22","Copertino et al under review","MC 1","Braga et al 2011","Curuça",1,"Salt marsh",-0.602,-47.5796,"direct from dataset","1","Brazil","2007",0,0.1,"LOI","0.47*x+0.0008",NA,0.68,0.11,NA,0.32,0.0525,NA
"23","Copertino et al under review","MC 45","Zanin 2003","Floripa/Ratones",45,"Salt marsh",-27.4517,-48.5278,"direct from dataset","1","Brazil","2000/ 2001",0,0.1,"LOI","0.47*x+0.0008",15.18,NA,NA,7.14,NA,NA,NA
"24","Copertino et al under review","MC 46","Zanin 2003","Floripa/Ratones",46,"Salt marsh",-27.4517,-48.5278,"direct from dataset","1","Brazil","2000/ 2001",0,0.1,"LOI","0.47*x+0.0008",15.04,NA,NA,7.07,NA,NA,NA
"25","Copertino et al under review","MC 47","Zanin 2003","Floripa/Ratones",47,"Salt marsh",-27.4519,-48.5364,"direct from dataset","1","Brazil","2000/ 2001",0,0.1,"LOI","0.47*x+0.0008",15.65,NA,NA,7.36,NA,NA,NA
"26","Copertino et al under review","MC 48","Zanin 2003","Floripa/Ratones",48,"Salt marsh",-27.4519,-48.5364,"direct from dataset","1","Brazil","2000/ 2001",0,0.1,"LOI","0.47*x+0.0008",14,NA,NA,6.58,NA,NA,NA
"27","Copertino et al under review","MC 49","Zanin 2003","Floripa/Ratones",49,"Salt marsh",-27.4531,-48.5303,"direct from dataset","1","Brazil","2000/ 2001",0,0.1,"LOI","0.47*x+0.0008",17.78,NA,NA,8.36,NA,NA,NA
"28","Copertino et al under review","MC 50","Zanin 2003","Floripa/Ratones",50,"Salt marsh",-27.4531,-48.5303,"direct from dataset","1","Brazil","2000/ 2001",0,0.1,"LOI","0.47*x+0.0008",16.65,NA,NA,7.83,NA,NA,NA
"29","Copertino et al under review","MC 86","Hidalgo et al 2021","Mar Chiquita",86,"Salt marsh",-37.7492,-57.4211,"direct from dataset","1","Argentina","2011",0,0.07,"LOI","0.47*x+0.0008",NA,6.5,1.21,NA,3.06,0.5695,NA
"30","Copertino et al under review","MC 2","Braga et al 2011","Marapanim",2,"Salt marsh",-0.6078,-47.3258,"direct from dataset","1","Brazil","2007",0,0.1,"LOI","0.47*x+0.0008",NA,0.67,0.07,NA,0.32,0.0337,NA
"31","Copertino et al under review","MC 3","Braga et al 2011","Maruda",3,"Salt marsh",-0.6078,-47.6336,"direct from dataset","1","Brazil","2007",0,0.1,"LOI","0.47*x+0.0008",NA,0.1,0.12,NA,0.05,0.0572,NA
"32","Copertino et al under review","MC 25","Neto & Lana 1997","Paranaguá Bay",25,"Salt marsh",-25.4944,-48.6411,"direct from dataset","1","Brazil","1991",0,0.1,"LOI","0.47*x+0.0008",25,NA,NA,11.75,NA,NA,NA
"33","Copertino et al under review","MC 26","Neto & Lana 1997","Paranaguá Bay",26,"Salt marsh",-25.4543,-48.5939,"direct from dataset","1","Brazil","1991",0,0.1,"LOI","0.47*x+0.0008",25,NA,NA,11.75,NA,NA,NA
"34","Copertino et al under review","MC 27","Neto & Lana 1997","Paranaguá Bay",27,"Salt marsh",-25.5129,-48.5911,"direct from dataset","1","Brazil","1991",0,0.1,"LOI","0.47*x+0.0008",19,NA,NA,8.93,NA,NA,NA
"35","Copertino et al under review","MC 28","Neto & Lana 1997","Paranaguá Bay",28,"Salt marsh",-25.4534,-48.5329,"direct from dataset","1","Brazil","1991",0,0.1,"LOI","0.47*x+0.0008",17,NA,NA,7.99,NA,NA,NA
"36","Copertino et al under review","MC 29","Neto & Lana 1997","Paranaguá Bay",29,"Salt marsh",-25.4762,-48.5027,"direct from dataset","1","Brazil","1991",0,0.1,"LOI","0.47*x+0.0008",14,NA,NA,6.58,NA,NA,NA
"37","Copertino et al under review","MC 30","Neto & Lana 1997","Paranaguá Bay",30,"Salt marsh",-25.5104,-48.4614,"direct from dataset","1","Brazil","1991",0,0.1,"LOI","0.47*x+0.0008",8,NA,NA,3.76,NA,NA,NA
"38","Copertino et al under review","MC 31","Neto & Lana 1997","Paranaguá Bay",31,"Salt marsh",-25.5528,-48.4393,"direct from dataset","1","Brazil","1991",0,0.1,"LOI","0.47*x+0.0008",5,NA,NA,2.35,NA,NA,NA
"39","Copertino et al under review","MC 32","Neto & Lana 1997","Paranaguá Bay",32,"Salt marsh",-25.5133,-48.4274,"direct from dataset","1","Brazil","1991",0,0.1,"LOI","0.47*x+0.0008",4,NA,NA,1.88,NA,NA,NA
"40","Copertino et al under review","MC 33","Neto & Lana 1997","Paranaguá Bay",33,"Salt marsh",-25.54,-48.4059,"direct from dataset","1","Brazil","1991",0,0.1,"LOI","0.47*x+0.0008",3,NA,NA,1.41,NA,NA,NA
"41","Copertino et al under review","MC 34","Neto & Lana 1997","Paranaguá Bay",34,"Salt marsh",-25.546,-48.4148,"direct from dataset","1","Brazil","1991",0,0.1,"LOI","0.47*x+0.0008",3,NA,NA,1.41,NA,NA,NA
"42","Copertino et al under review","MC 35","Neto & Lana 1997","Paranaguá Bay",35,"Salt marsh",-25.5507,-48.3917,"direct from dataset","1","Brazil","1991",0,0.1,"LOI","0.47*x+0.0008",4,NA,NA,1.88,NA,NA,NA
"43","Copertino et al under review","MC 36","Neto & Lana 1997","Paranaguá Bay",36,"Salt marsh",-25.545,-48.3743,"direct from dataset","1","Brazil","1991",0,0.1,"LOI","0.47*x+0.0008",3,NA,NA,1.41,NA,NA,NA
"44","Copertino et al under review","MC 37","Neto & Lana 1997","Paranaguá Bay",37,"Salt marsh",-25.5119,-48.4403,"direct from dataset","1","Brazil","1991",0,0.1,"LOI","0.47*x+0.0008",2,NA,NA,0.94,NA,NA,NA
"45","Copertino et al under review","MC 38","Neto & Lana 1997","Paranaguá Bay",38,"Salt marsh",-25.557,-48.3647,"direct from dataset","1","Brazil","1991",0,0.1,"LOI","0.47*x+0.0008",2.5,NA,NA,1.18,NA,NA,NA
"46","Copertino et al under review","MC 39","Neto & Lana 1997","Paranaguá Bay",39,"Salt marsh",-25.5604,-48.3169,"direct from dataset","1","Brazil","1991",0,0.1,"LOI","0.47*x+0.0008",3,NA,NA,1.41,NA,NA,NA
"47","Copertino et al under review","MC 40","Neto & Lana 1997","Paranaguá Bay",40,"Salt marsh",-25.5507,-48.3917,"direct from dataset","1","Brazil","1991",0,0.1,"LOI","0.47*x+0.0008",3,NA,NA,1.41,NA,NA,NA
"48","Copertino et al under review","MC 41","Neto & Lana 1997","Paranaguá Bay",41,"Salt marsh",-25.545,-48.3743,"direct from dataset","1","Brazil","1991",0,0.1,"LOI","0.47*x+0.0008",1,NA,NA,0.47,NA,NA,NA
"49","Copertino et al under review","MC 42","Neto & Lana 1997","Paranaguá Bay",42,"Salt marsh",-25.545,-48.3743,"direct from dataset","1","Brazil","1991",0,0.1,"LOI","0.47*x+0.0008",3,NA,NA,1.41,NA,NA,NA
"50","Copertino et al under review","MC 43","Neto & Lana 1997","Paranaguá Bay",43,"Salt marsh",-25.557,-48.3647,"direct from dataset","1","Brazil","1991",0,0.1,"LOI","0.47*x+0.0008",1,NA,NA,0.47,NA,NA,NA
"51","Copertino et al under review","MC 44","Neto & Lana 1997","Paranaguá Bay",44,"Salt marsh",-25.5604,-48.3169,"direct from dataset","1","Brazil","1991",0,0.1,"LOI","0.47*x+0.0008",2,NA,NA,0.94,NA,NA,NA
"52","Copertino et al under review","MC 55","UNPUBLISHED","Patos Lagoon",55,"Salt marsh",-32.019,-52.1002,"direct from dataset","1","Brazil","2015",0,0.02,"EA","0.47*x+0.0008",NA,NA,NA,4.79,NA,NA,0.35
"53","Copertino et al under review","MC 55","UNPUBLISHED","Patos Lagoon",55,"Salt marsh",-32.019,-52.1002,"direct from dataset","1","Brazil","2015",0.02,0.04,"EA","0.47*x+0.0008",NA,NA,NA,5.39,NA,NA,0.31
"54","Copertino et al under review","MC 55","UNPUBLISHED","Patos Lagoon",55,"Salt marsh",-32.019,-52.1002,"direct from dataset","1","Brazil","2015",0.04,0.06,"EA","0.47*x+0.0008",NA,NA,NA,4.87,NA,NA,0.33
"55","Copertino et al under review","MC 55","UNPUBLISHED","Patos Lagoon",55,"Salt marsh",-32.019,-52.1002,"direct from dataset","1","Brazil","2015",0.06,0.08,"EA","0.47*x+0.0008",NA,NA,NA,4.47,NA,NA,0.32
"56","Copertino et al under review","MC 55","UNPUBLISHED","Patos Lagoon",55,"Salt marsh",-32.019,-52.1002,"direct from dataset","1","Brazil","2015",0.08,0.1,"EA","0.47*x+0.0008",NA,NA,NA,4.66,NA,NA,0.32
"57","Copertino et al under review","MC 55","UNPUBLISHED","Patos Lagoon",55,"Salt marsh",-32.019,-52.1002,"direct from dataset","1","Brazil","2015",0.1,0.12,"EA","0.47*x+0.0008",NA,NA,NA,4.87,NA,NA,0.31
"58","Copertino et al under review","MC 55","UNPUBLISHED","Patos Lagoon",55,"Salt marsh",-32.019,-52.1002,"direct from dataset","1","Brazil","2015",0.12,0.14,"EA","0.47*x+0.0008",NA,NA,NA,3.67,NA,NA,0.3
"59","Copertino et al under review","MC 55","UNPUBLISHED","Patos Lagoon",55,"Salt marsh",-32.019,-52.1002,"direct from dataset","1","Brazil","2015",0.14,0.16,"EA","0.47*x+0.0008",NA,NA,NA,1.98,NA,NA,0.55
"60","Copertino et al under review","MC 55","UNPUBLISHED","Patos Lagoon",55,"Salt marsh",-32.019,-52.1002,"direct from dataset","1","Brazil","2015",0.16,0.18,"EA","0.47*x+0.0008",NA,NA,NA,1.47,NA,NA,0.54
"61","Copertino et al under review","MC 55","UNPUBLISHED","Patos Lagoon",55,"Salt marsh",-32.019,-52.1002,"direct from dataset","1","Brazil","2015",0.18,0.2,"EA","0.47*x+0.0008",NA,NA,NA,1.25,NA,NA,0.64
"62","Copertino et al under review","MC 55","UNPUBLISHED","Patos Lagoon",55,"Salt marsh",-32.019,-52.1002,"direct from dataset","1","Brazil","2015",0.2,0.25,"EA","0.47*x+0.0008",NA,NA,NA,0.85,NA,NA,0.65
"63","Copertino et al under review","MC 55","UNPUBLISHED","Patos Lagoon",55,"Salt marsh",-32.019,-52.1002,"direct from dataset","1","Brazil","2015",0.25,0.3,"EA","0.47*x+0.0008",NA,NA,NA,0.57,NA,NA,0.67
"64","Copertino et al under review","MC 55","UNPUBLISHED","Patos Lagoon",55,"Salt marsh",-32.019,-52.1002,"direct from dataset","1","Brazil","2015",0.3,0.35,"EA","0.47*x+0.0008",NA,NA,NA,0.42,NA,NA,0.74
"65","Copertino et al under review","MC 55","UNPUBLISHED","Patos Lagoon",55,"Salt marsh",-32.019,-52.1002,"direct from dataset","1","Brazil","2015",0.35,0.4,"EA","0.47*x+0.0008",NA,NA,NA,0.36,NA,NA,0.79
"66","Copertino et al under review","MC 55","UNPUBLISHED","Patos Lagoon",55,"Salt marsh",-32.019,-52.1002,"direct from dataset","1","Brazil","2015",0.4,0.45,"EA","0.47*x+0.0008",NA,NA,NA,0.32,NA,NA,0.8
"67","Copertino et al under review","MC 55","UNPUBLISHED","Patos Lagoon",55,"Salt marsh",-32.019,-52.1002,"direct from dataset","1","Brazil","2015",0.45,0.5,"EA","0.47*x+0.0008",NA,NA,NA,0.35,NA,NA,0.69
"68","Copertino et al under review","MC 56","UNPUBLISHED","Patos Lagoon",56,"Salt marsh",-32.004,-52.1944,"direct from dataset","1","Brazil","2015",0,0.02,"EA","0.47*x+0.0008",NA,NA,NA,9.05,NA,NA,1.22
"69","Copertino et al under review","MC 56","UNPUBLISHED","Patos Lagoon",56,"Salt marsh",-32.004,-52.1944,"direct from dataset","1","Brazil","2015",0.02,0.04,"EA","0.47*x+0.0008",NA,NA,NA,8.79,NA,NA,0.47
"70","Copertino et al under review","MC 56","UNPUBLISHED","Patos Lagoon",56,"Salt marsh",-32.004,-52.1944,"direct from dataset","1","Brazil","2015",0.04,0.06,"EA","0.47*x+0.0008",NA,NA,NA,8.14,NA,NA,0.48
"71","Copertino et al under review","MC 56","UNPUBLISHED","Patos Lagoon",56,"Salt marsh",-32.004,-52.1944,"direct from dataset","1","Brazil","2015",0.06,0.08,"EA","0.47*x+0.0008",NA,NA,NA,8.91,NA,NA,0.47
"72","Copertino et al under review","MC 56","UNPUBLISHED","Patos Lagoon",56,"Salt marsh",-32.004,-52.1944,"direct from dataset","1","Brazil","2015",0.08,0.1,"EA","0.47*x+0.0008",NA,NA,NA,6.86,NA,NA,0.58
"73","Copertino et al under review","MC 56","UNPUBLISHED","Patos Lagoon",56,"Salt marsh",-32.004,-52.1944,"direct from dataset","1","Brazil","2015",0.1,0.12,"EA","0.47*x+0.0008",NA,NA,NA,6.29,NA,NA,0.49
"74","Copertino et al under review","MC 56","UNPUBLISHED","Patos Lagoon",56,"Salt marsh",-32.004,-52.1944,"direct from dataset","1","Brazil","2015",0.12,0.14,"EA","0.47*x+0.0008",NA,NA,NA,4.86,NA,NA,0.62
"75","Copertino et al under review","MC 56","UNPUBLISHED","Patos Lagoon",56,"Salt marsh",-32.004,-52.1944,"direct from dataset","1","Brazil","2015",0.14,0.16,"EA","0.47*x+0.0008",NA,NA,NA,4.3,NA,NA,0.78
"76","Copertino et al under review","MC 56","UNPUBLISHED","Patos Lagoon",56,"Salt marsh",-32.004,-52.1944,"direct from dataset","1","Brazil","2015",0.16,0.18,"EA","0.47*x+0.0008",NA,NA,NA,4.17,NA,NA,0.69
"77","Copertino et al under review","MC 56","UNPUBLISHED","Patos Lagoon",56,"Salt marsh",-32.004,-52.1944,"direct from dataset","1","Brazil","2015",0.18,0.2,"EA","0.47*x+0.0008",NA,NA,NA,3.94,NA,NA,0.74
"78","Copertino et al under review","MC 56","UNPUBLISHED","Patos Lagoon",56,"Salt marsh",-32.004,-52.1944,"direct from dataset","1","Brazil","2015",0.2,0.25,"EA","0.47*x+0.0008",NA,NA,NA,3.67,NA,NA,0.82
"79","Copertino et al under review","MC 56","UNPUBLISHED","Patos Lagoon",56,"Salt marsh",-32.004,-52.1944,"direct from dataset","1","Brazil","2015",0.25,0.3,"EA","0.47*x+0.0008",NA,NA,NA,3.22,NA,NA,1.01
"80","Copertino et al under review","MC 56","UNPUBLISHED","Patos Lagoon",56,"Salt marsh",-32.004,-52.1944,"direct from dataset","1","Brazil","2015",0.3,0.35,"EA","0.47*x+0.0008",NA,NA,NA,2.31,NA,NA,0.99
"81","Copertino et al under review","MC 56","UNPUBLISHED","Patos Lagoon",56,"Salt marsh",-32.004,-52.1944,"direct from dataset","1","Brazil","2015",0.35,0.4,"EA","0.47*x+0.0008",NA,NA,NA,1.97,NA,NA,1.32
"82","Copertino et al under review","MC 56","UNPUBLISHED","Patos Lagoon",56,"Salt marsh",-32.004,-52.1944,"direct from dataset","1","Brazil","2015",0.4,0.45,"EA","0.47*x+0.0008",NA,NA,NA,2.04,NA,NA,1.44
"83","Copertino et al under review","MC 56","UNPUBLISHED","Patos Lagoon",56,"Salt marsh",-32.004,-52.1944,"direct from dataset","1","Brazil","2015",0.45,0.5,"EA","0.47*x+0.0008",NA,NA,NA,1.55,NA,NA,1.54
"84","Copertino et al under review","MC 57","UNPUBLISHED","Patos Lagoon",57,"Salt marsh",-32.023,-52.2376,"direct from dataset","1","Brazil","2015",0,0.02,"EA","0.47*x+0.0008",NA,NA,NA,0.49,NA,NA,1.53
"85","Copertino et al under review","MC 57","UNPUBLISHED","Patos Lagoon",57,"Salt marsh",-32.023,-52.2376,"direct from dataset","1","Brazil","2015",0.02,0.04,"EA","0.47*x+0.0008",NA,NA,NA,0.19,NA,NA,1.13
"86","Copertino et al under review","MC 57","UNPUBLISHED","Patos Lagoon",57,"Salt marsh",-32.023,-52.2376,"direct from dataset","1","Brazil","2015",0.04,0.06,"EA","0.47*x+0.0008",NA,NA,NA,0.2,NA,NA,1.33
"87","Copertino et al under review","MC 57","UNPUBLISHED","Patos Lagoon",57,"Salt marsh",-32.023,-52.2376,"direct from dataset","1","Brazil","2015",0.06,0.08,"EA","0.47*x+0.0008",NA,NA,NA,0.41,NA,NA,1.24
"88","Copertino et al under review","MC 57","UNPUBLISHED","Patos Lagoon",57,"Salt marsh",-32.023,-52.2376,"direct from dataset","1","Brazil","2015",0.08,0.1,"EA","0.47*x+0.0008",NA,NA,NA,0.53,NA,NA,1.21
"89","Copertino et al under review","MC 57","UNPUBLISHED","Patos Lagoon",57,"Salt marsh",-32.023,-52.2376,"direct from dataset","1","Brazil","2015",0.1,0.12,"EA","0.47*x+0.0008",NA,NA,NA,0.4,NA,NA,1.25
"90","Copertino et al under review","MC 57","UNPUBLISHED","Patos Lagoon",57,"Salt marsh",-32.023,-52.2376,"direct from dataset","1","Brazil","2015",0.12,0.14,"EA","0.47*x+0.0008",NA,NA,NA,0.35,NA,NA,1.04
"91","Copertino et al under review","MC 57","UNPUBLISHED","Patos Lagoon",57,"Salt marsh",-32.023,-52.2376,"direct from dataset","1","Brazil","2015",0.14,0.16,"EA","0.47*x+0.0008",NA,NA,NA,0.29,NA,NA,1.22
"92","Copertino et al under review","MC 57","UNPUBLISHED","Patos Lagoon",57,"Salt marsh",-32.023,-52.2376,"direct from dataset","1","Brazil","2015",0.16,0.18,"EA","0.47*x+0.0008",NA,NA,NA,0.25,NA,NA,1.24
"93","Copertino et al under review","MC 57","UNPUBLISHED","Patos Lagoon",57,"Salt marsh",-32.023,-52.2376,"direct from dataset","1","Brazil","2015",0.18,0.2,"EA","0.47*x+0.0008",NA,NA,NA,0.16,NA,NA,1.35
"94","Copertino et al under review","MC 57","UNPUBLISHED","Patos Lagoon",57,"Salt marsh",-32.023,-52.2376,"direct from dataset","1","Brazil","2015",0.2,0.25,"EA","0.47*x+0.0008",NA,NA,NA,0.61,NA,NA,1.19
"95","Copertino et al under review","MC 57","UNPUBLISHED","Patos Lagoon",57,"Salt marsh",-32.023,-52.2376,"direct from dataset","1","Brazil","2015",0.25,0.3,"EA","0.47*x+0.0008",NA,NA,NA,0.55,NA,NA,1.25
"96","Copertino et al under review","MC 57","UNPUBLISHED","Patos Lagoon",57,"Salt marsh",-32.023,-52.2376,"direct from dataset","1","Brazil","2015",0.3,0.35,"EA","0.47*x+0.0008",NA,NA,NA,0.21,NA,NA,1.2
"97","Copertino et al under review","MC 57","UNPUBLISHED","Patos Lagoon",57,"Salt marsh",-32.023,-52.2376,"direct from dataset","1","Brazil","2015",0.35,0.4,"EA","0.47*x+0.0008",NA,NA,NA,0.13,NA,NA,1.48
"98","Copertino et al under review","MC 57","UNPUBLISHED","Patos Lagoon",57,"Salt marsh",-32.023,-52.2376,"direct from dataset","1","Brazil","2015",0.4,0.45,"EA","0.47*x+0.0008",NA,NA,NA,0.16,NA,NA,1.25
"99","Copertino et al under review","MC 57","UNPUBLISHED","Patos Lagoon",57,"Salt marsh",-32.023,-52.2376,"direct from dataset","1","Brazil","2015",0.45,0.5,"EA","0.47*x+0.0008",NA,NA,NA,0.12,NA,NA,1.14
"100","Copertino et al under review","MC 58","Azevedo 2015-UNPUBLISHED","Patos Lagoon ",58,"Salt marsh",-32.0211,-52.1056,"direct from dataset","1","Brazil","2012",0,0.1,"LOI","0.47*x+0.0008",3,NA,NA,1.41,NA,NA,NA
"101","Copertino et al under review","MC 59","Azevedo 2015-UNPUBLISHED","Patos Lagoon ",59,"Salt marsh",-32.0211,-52.1056,"direct from dataset","1","Brazil","2012",0,0.1,"LOI","0.47*x+0.0008",1,NA,NA,0.47,NA,NA,NA
"102","Copertino et al under review","MC 60","Azevedo 2015-UNPUBLISHED","Patos Lagoon ",60,"Salt marsh",-32.0211,-52.1056,"direct from dataset","1","Brazil","2012",0,0.1,"LOI","0.47*x+0.0008",3,NA,NA,1.41,NA,NA,NA
"103","Copertino et al under review","MC 61","Azevedo 2015-UNPUBLISHED","Patos Lagoon ",61,"Salt marsh",-32.0211,-52.1056,"direct from dataset","1","Brazil","2012",0,0.1,"LOI","0.47*x+0.0008",0.5,NA,NA,0.24,NA,NA,NA
"104","Copertino et al under review","MC 62","Azevedo 2015-UNPUBLISHED","Patos Lagoon ",62,"Salt marsh",-32.0211,-52.1056,"direct from dataset","1","Brazil","2012",0,0.1,"LOI","0.47*x+0.0008",2.5,NA,NA,1.18,NA,NA,NA
"105","Copertino et al under review","MC 63","Azevedo 2015-UNPUBLISHED","Patos Lagoon ",63,"Salt marsh",-32.0211,-52.1056,"direct from dataset","1","Brazil","2012",0,0.1,"LOI","0.47*x+0.0008",4,NA,NA,1.88,NA,NA,NA
"106","Copertino et al under review","MC 64","Azevedo 2015-UNPUBLISHED","Patos Lagoon ",64,"Salt marsh",-32.0512,-52.0849,"direct from dataset","1","Brazil","2012",0,0.1,"LOI","0.47*x+0.0008",2.5,NA,NA,1.18,NA,NA,NA
"107","Copertino et al under review","MC 65","Azevedo 2015-UNPUBLISHED","Patos Lagoon ",65,"Salt marsh",-32.0512,-52.0849,"direct from dataset","1","Brazil","2012",0,0.1,"LOI","0.47*x+0.0008",3,NA,NA,1.41,NA,NA,NA
"108","Copertino et al under review","MC 66","Azevedo 2015-UNPUBLISHED","Patos Lagoon ",66,"Salt marsh",-32.0512,-52.0849,"direct from dataset","1","Brazil","2012",0,0.1,"LOI","0.47*x+0.0008",6,NA,NA,2.82,NA,NA,NA
"109","Copertino et al under review","MC 67","Azevedo 2015-UNPUBLISHED","Patos Lagoon ",67,"Salt marsh",-32.0512,-52.0849,"direct from dataset","1","Brazil","2012",0,0.1,"LOI","0.47*x+0.0008",6.2,NA,NA,2.91,NA,NA,NA
"110","Copertino et al under review","MC 68","Azevedo 2015-UNPUBLISHED","Patos Lagoon ",68,"Salt marsh",-32.0512,-52.0849,"direct from dataset","1","Brazil","2012",0,0.1,"LOI","0.47*x+0.0008",3,NA,NA,1.41,NA,NA,NA
"111","Copertino et al under review","MC 69","Azevedo 2015-UNPUBLISHED","Patos Lagoon ",69,"Salt marsh",-32.0512,-52.0849,"direct from dataset","1","Brazil","2012",0,0.1,"LOI","0.47*x+0.0008",6,NA,NA,2.82,NA,NA,NA
"112","Copertino et al under review","MC 70","Azevedo 2015-UNPUBLISHED","Patos Lagoon ",70,"Salt marsh",-32.0464,-52.1024,"direct from dataset","1","Brazil","2012",0,0.1,"LOI","0.47*x+0.0008",2,NA,NA,0.94,NA,NA,NA
"113","Copertino et al under review","MC 71","Azevedo 2015-UNPUBLISHED","Patos Lagoon ",71,"Salt marsh",-32.0464,-52.1024,"direct from dataset","1","Brazil","2012",0,0.1,"LOI","0.47*x+0.0008",3,NA,NA,1.41,NA,NA,NA
"114","Copertino et al under review","MC 72","Azevedo 2015-UNPUBLISHED","Patos Lagoon ",72,"Salt marsh",-32.0464,-52.1024,"direct from dataset","1","Brazil","2012",0,0.1,"LOI","0.47*x+0.0008",6,NA,NA,2.82,NA,NA,NA
"115","Copertino et al under review","MC 73","Azevedo 2015-UNPUBLISHED","Patos Lagoon ",73,"Salt marsh",-32.0464,-52.1024,"direct from dataset","1","Brazil","2012",0,0.1,"LOI","0.47*x+0.0008",6.2,NA,NA,2.91,NA,NA,NA
"116","Copertino et al under review","MC 74","Azevedo 2015-UNPUBLISHED","Patos Lagoon ",74,"Salt marsh",-32.0464,-52.1024,"direct from dataset","1","Brazil","2012",0,0.1,"LOI","0.47*x+0.0008",27,NA,NA,12.69,NA,NA,NA
"117","Copertino et al under review","MC 75","Azevedo 2015-UNPUBLISHED","Patos Lagoon ",75,"Salt marsh",-32.0464,-52.1024,"direct from dataset","1","Brazil","2012",0,0.1,"LOI","0.47*x+0.0008",12,NA,NA,5.64,NA,NA,NA
"118","Copertino et al under review","MC 76","Costa et al 2019","Patos Lagoon ",76,"Salt marsh",-32.1103,-52.0759,"direct from dataset","1","Brazil","2016",0,0.61,"EA","0.47*x+0.0008",NA,0.7,0.3,NA,0.33,0.1418,NA
"119","Copertino et al under review","MC 77","Costa et al 2019","Patos Lagoon ",77,"Salt marsh",-32.0208,-52.1007,"direct from dataset","1","Brazil","2016",0,0.61,"EA","0.47*x+0.0008",NA,1,1.2,NA,0.47,0.5648,NA
"120","Copertino et al under review","MC 78","Costa et al 2019","Patos Lagoon ",78,"Salt marsh",-31.954,-52.0073,"direct from dataset","1","Brazil","2016",0,0.61,"EA","0.47*x+0.0008",NA,2.6,3.4,NA,1.22,1.5988,NA
"121","Copertino et al under review","MC 104","Bouza et al 2017","Peninsula Vadez",104,"Salt marsh",-42.4144,-64.6086,"direct from dataset","1","Argentina","?",0,0.2,"EA","0.47*x+0.0008",NA,NA,NA,12.9,NA,NA,NA
"122","Copertino et al under review","MC 104","Bouza et al 2017","Peninsula Vadez",104,"Salt marsh",-42.4144,-64.6086,"direct from dataset","1","Argentina","?",0.2,0.44,"EA","0.47*x+0.0008",NA,NA,NA,14.4,NA,NA,NA
"123","Copertino et al under review","MC 104","Bouza et al 2017","Peninsula Vadez",104,"Salt marsh",-42.4144,-64.6086,"direct from dataset","1","Argentina","?",0.44,0.64,"EA","0.47*x+0.0008",NA,NA,NA,14.7,NA,NA,NA
"124","Copertino et al under review","MC 104","Bouza et al 2017","Peninsula Vadez",104,"Salt marsh",-42.4144,-64.6086,"direct from dataset","1","Argentina","?",0.64,1,"EA","0.47*x+0.0008",NA,NA,NA,8.8,NA,NA,NA
"125","Copertino et al under review","MC 105","Rios et al 2018","Peninsula Vadez",105,"Salt marsh",-42.4272,-64.1251,"direct from dataset","1","Argentina","?",0,0.08,"EA","0.47*x+0.0008",NA,NA,NA,5.9,NA,NA,NA
"126","Copertino et al under review","MC 105","Rios et al 2018","Peninsula Vadez",105,"Salt marsh",-42.4272,-64.1251,"direct from dataset","1","Argentina","?",0.08,0.17,"EA","0.47*x+0.0008",NA,NA,NA,3.4,NA,NA,NA
"127","Copertino et al under review","MC 105","Rios et al 2018","Peninsula Vadez",105,"Salt marsh",-42.4272,-64.1251,"direct from dataset","1","Argentina","?",0.17,1,"EA","0.47*x+0.0008",NA,NA,NA,1,NA,NA,NA
"128","Copertino et al under review","MC 106","Rios et al 2018","Peninsula Vadez",106,"Salt marsh",-42.4287,-64.1248,"direct from dataset","1","Argentina","?",0,0.07,"EA","0.47*x+0.0008",NA,NA,NA,3.3,NA,NA,NA
"129","Copertino et al under review","MC 106","Rios et al 2018","Peninsula Vadez",106,"Salt marsh",-42.4287,-64.1248,"direct from dataset","1","Argentina","?",0.07,0.4,"EA","0.47*x+0.0008",NA,NA,NA,3,NA,NA,NA
"130","Copertino et al under review","MC 106","Rios et al 2018","Peninsula Vadez",106,"Salt marsh",-42.4287,-64.1248,"direct from dataset","1","Argentina","?",0.4,0.73,"EA","0.47*x+0.0008",NA,NA,NA,2.8,NA,NA,NA
"131","Copertino et al under review","MC 106","Rios et al 2018","Peninsula Vadez",106,"Salt marsh",-42.4287,-64.1248,"direct from dataset","1","Argentina","?",0.73,1,"EA","0.47*x+0.0008",NA,NA,NA,2,NA,NA,NA
"132","Copertino et al under review","MC 107","Rios et al 2018","Peninsula Vadez",107,"Salt marsh",-42.4266,-64.1206,"direct from dataset","1","Argentina","?",0,0.18,"EA","0.47*x+0.0008",NA,NA,NA,3.3,NA,NA,NA
"133","Copertino et al under review","MC 107","Rios et al 2018","Peninsula Vadez",107,"Salt marsh",-42.4266,-64.1206,"direct from dataset","1","Argentina","?",0.18,0.32,"EA","0.47*x+0.0008",NA,NA,NA,2.5,NA,NA,NA
"134","Copertino et al under review","MC 107","Rios et al 2018","Peninsula Vadez",107,"Salt marsh",-42.4266,-64.1206,"direct from dataset","1","Argentina","?",0.32,0.58,"EA","0.47*x+0.0008",NA,NA,NA,3.2,NA,NA,NA
"135","Copertino et al under review","MC 107","Rios et al 2018","Peninsula Vadez",107,"Salt marsh",-42.4266,-64.1206,"direct from dataset","1","Argentina","?",0.58,1,"EA","0.47*x+0.0008",NA,NA,NA,1.1,NA,NA,NA
"136","Copertino et al under review","MC 108","Rios et al 2018","Peninsula Vadez",108,"Salt marsh",-42.4277,-64.1246,"direct from dataset","1","Argentina","?",0,0.32,"EA","0.47*x+0.0008",NA,NA,NA,0.3,NA,NA,NA
"137","Copertino et al under review","MC 108","Rios et al 2018","Peninsula Vadez",108,"Salt marsh",-42.4277,-64.1246,"direct from dataset","1","Argentina","?",0.32,1,"EA","0.47*x+0.0008",NA,NA,NA,0.2,NA,NA,NA
"138","Copertino et al under review","MC 109","Rios et al 2018","Peninsula Vadez",109,"Salt marsh",-42.426,-64.1216,"direct from dataset","1","Argentina","?",0,0.1,"EA","0.47*x+0.0008",NA,NA,NA,4.2,NA,NA,NA
"139","Copertino et al under review","MC 109","Rios et al 2018","Peninsula Vadez",109,"Salt marsh",-42.426,-64.1216,"direct from dataset","1","Argentina","?",0.1,0.35,"EA","0.47*x+0.0008",NA,NA,NA,2.2,NA,NA,NA
"140","Copertino et al under review","MC 109","Rios et al 2018","Peninsula Vadez",109,"Salt marsh",-42.426,-64.1216,"direct from dataset","1","Argentina","?",0.35,0.75,"EA","0.47*x+0.0008",NA,NA,NA,0.3,NA,NA,NA
"141","Copertino et al under review","MC 109","Rios et al 2018","Peninsula Vadez",109,"Salt marsh",-42.426,-64.1216,"direct from dataset","1","Argentina","?",0.75,1,"EA","0.47*x+0.0008",NA,NA,NA,0.2,NA,NA,NA
"142","Copertino et al under review","MC 110","Rios et al 2018","Peninsula Vadez",110,"Salt marsh",-42.4271,-64.1196,"direct from dataset","1","Argentina","?",0,0.12,"EA","0.47*x+0.0008",NA,NA,NA,2.6,NA,NA,NA
"143","Copertino et al under review","MC 110","Rios et al 2018","Peninsula Vadez",110,"Salt marsh",-42.4271,-64.1196,"direct from dataset","1","Argentina","?",0.12,0.27,"EA","0.47*x+0.0008",NA,NA,NA,1.5,NA,NA,NA
"144","Copertino et al under review","MC 110","Rios et al 2018","Peninsula Vadez",110,"Salt marsh",-42.4271,-64.1196,"direct from dataset","1","Argentina","?",0.27,0.75,"EA","0.47*x+0.0008",NA,NA,NA,0.4,NA,NA,NA
"145","Copertino et al under review","MC 110","Rios et al 2018","Peninsula Vadez",110,"Salt marsh",-42.4271,-64.1196,"direct from dataset","1","Argentina","?",0.75,1,"EA","0.47*x+0.0008",NA,NA,NA,0.4,NA,NA,NA
"146","Copertino et al under review","MC 6","Braga et al 2011","Pirabas",6,"Salt marsh",-0.7529,-47.3258,"direct from dataset","1","Brazil","2007",0,0.1,"LOI","0.47*x+0.0008",NA,0.7,0.13,NA,0.33,0.0619,NA
"147","Copertino et al under review","MC 111","Idaskin et al 2014","Rawson/Chubut River",111,"Salt marsh",-43.3338,-65.0669,"direct from dataset","1","Argentina","2012",0,0.15,"LOI","0.47*x+0.0008",NA,3.14,0.34,NA,1.48,0.1606,NA
"148","Copertino et al under review","MC 114","Idaskin et al 2014","Rawson/Chubut River",114,"Salt marsh",-43.3324,-65.0671,"direct from dataset","1","Argentina","2012",0,0.15,"LOI","0.47*x+0.0008",NA,3.92,0.75,NA,1.84,0.3533,NA
"149","Copertino et al under review","MC 9","Rabelo 2012","Rio Caeté - Praia de Ajuruteua",9,"Salt marsh",-0.8314,-46.6028,"direct from dataset","1","Brazil","2009",0,0.2,"LOI","0.47*x+0.0008",NA,2.19,0.08,NA,1.03,0.0384,NA
"150","Copertino et al under review","MC 10","Rebelo 2012","Rio Caeté  - Furo Grande",10,"Salt marsh",-0.8547,-46.6086,"direct from dataset","1","Brazil","2009",0,0.2,"LOI","0.47*x+0.0008",NA,2.86,0.07,NA,1.35,0.0337,NA
"151","Copertino et al under review","MC 5","Braga et al 2011","Salinas",5,"Salt marsh",-0.681,-48.39,"direct from dataset","1","Brazil","2007",0,0.1,"LOI","0.47*x+0.0008",NA,0.65,0.12,NA,0.31,0.0572,NA
"152","Copertino et al under review","MC 14","Lacerda et al 1997","Sepetiba bay",14,"Salt marsh",-22.9722,-43.7116,"direct from dataset","1","Brazil","?",0,0.005,"LOI","0.47*x+0.0008",17,NA,NA,7.9908,NA,NA,NA
"153","Copertino et al under review","MC 14","Lacerda et al 1997","Sepetiba bay",14,"Salt marsh",-22.9722,-43.7116,"direct from dataset","1","Brazil","?",0.005,0.01,"LOI","0.47*x+0.0008",14,NA,NA,6.5808,NA,NA,NA
"154","Copertino et al under review","MC 14","Lacerda et al 1997","Sepetiba bay",14,"Salt marsh",-22.9722,-43.7116,"direct from dataset","1","Brazil","?",0.01,0.02,"LOI","0.47*x+0.0008",16,NA,NA,7.5208,NA,NA,NA
"155","Copertino et al under review","MC 14","Lacerda et al 1997","Sepetiba bay",14,"Salt marsh",-22.9722,-43.7116,"direct from dataset","1","Brazil","?",0.02,0.04,"LOI","0.47*x+0.0008",15,NA,NA,7.0508,NA,NA,NA
"156","Copertino et al under review","MC 14","Lacerda et al 1997","Sepetiba bay",14,"Salt marsh",-22.9722,-43.7116,"direct from dataset","1","Brazil","?",0.04,0.06,"LOI","0.47*x+0.0008",15,NA,NA,7.0508,NA,NA,NA
"157","Copertino et al under review","MC 14","Lacerda et al 1997","Sepetiba bay",14,"Salt marsh",-22.9722,-43.7116,"direct from dataset","1","Brazil","?",0.06,0.08,"LOI","0.47*x+0.0008",15,NA,NA,7.0508,NA,NA,NA
"158","Copertino et al under review","MC 14","Lacerda et al 1997","Sepetiba bay",14,"Salt marsh",-22.9722,-43.7116,"direct from dataset","1","Brazil","?",0.08,0.1,"LOI","0.47*x+0.0008",15.5,NA,NA,7.2858,NA,NA,NA
"159","Copertino et al under review","MC 14","Lacerda et al 1997","Sepetiba bay",14,"Salt marsh",-22.9722,-43.7116,"direct from dataset","1","Brazil","?",0.1,0.12,"LOI","0.47*x+0.0008",20,NA,NA,9.4008,NA,NA,NA
"160","Copertino et al under review","MC 14","Lacerda et al 1997","Sepetiba bay",14,"Salt marsh",-22.9722,-43.7116,"direct from dataset","1","Brazil","?",0.12,0.2,"LOI","0.47*x+0.0008",17,NA,NA,7.9908,NA,NA,NA
"161","Copertino et al under review","MC 14","Lacerda et al 1997","Sepetiba bay",14,"Salt marsh",-22.9722,-43.7116,"direct from dataset","1","Brazil","?",0.2,0.25,"LOI","0.47*x+0.0008",15,NA,NA,7.0508,NA,NA,NA
"162","Copertino et al under review","MC 14","Lacerda et al 1997","Sepetiba bay",14,"Salt marsh",-22.9722,-43.7116,"direct from dataset","1","Brazil","?",0.25,0.3,"LOI","0.47*x+0.0008",13,NA,NA,6.1108,NA,NA,NA
"163","Copertino et al under review","MC 14","Lacerda et al 1997","Sepetiba bay",14,"Salt marsh",-22.9722,-43.7116,"direct from dataset","1","Brazil","?",0.3,0.35,"LOI","0.47*x+0.0008",12,NA,NA,5.6408,NA,NA,NA
"164","Copertino et al under review","MC 15","Lacerda et al 1997","Sepetiba bay",15,"Salt marsh",-22.9722,-43.7116,"direct from dataset","1","Brazil","?",0,0.005,"LOI","0.47*x+0.0008",13,NA,NA,6.1108,NA,NA,NA
"165","Copertino et al under review","MC 15","Lacerda et al 1997","Sepetiba bay",15,"Salt marsh",-22.9722,-43.7116,"direct from dataset","1","Brazil","?",0.005,0.01,"LOI","0.47*x+0.0008",16,NA,NA,7.5208,NA,NA,NA
"166","Copertino et al under review","MC 15","Lacerda et al 1997","Sepetiba bay",15,"Salt marsh",-22.9722,-43.7116,"direct from dataset","1","Brazil","?",0.01,0.02,"LOI","0.47*x+0.0008",13,NA,NA,6.1108,NA,NA,NA
"167","Copertino et al under review","MC 15","Lacerda et al 1997","Sepetiba bay",15,"Salt marsh",-22.9722,-43.7116,"direct from dataset","1","Brazil","?",0.02,0.04,"LOI","0.47*x+0.0008",15,NA,NA,7.0508,NA,NA,NA
"168","Copertino et al under review","MC 15","Lacerda et al 1997","Sepetiba bay",15,"Salt marsh",-22.9722,-43.7116,"direct from dataset","1","Brazil","?",0.04,0.06,"LOI","0.47*x+0.0008",15,NA,NA,7.0508,NA,NA,NA
"169","Copertino et al under review","MC 15","Lacerda et al 1997","Sepetiba bay",15,"Salt marsh",-22.9722,-43.7116,"direct from dataset","1","Brazil","?",0.06,0.08,"LOI","0.47*x+0.0008",16,NA,NA,7.5208,NA,NA,NA
"170","Copertino et al under review","MC 15","Lacerda et al 1997","Sepetiba bay",15,"Salt marsh",-22.9722,-43.7116,"direct from dataset","1","Brazil","?",0.08,0.1,"LOI","0.47*x+0.0008",15,NA,NA,7.0508,NA,NA,NA
"171","Copertino et al under review","MC 15","Lacerda et al 1997","Sepetiba bay",15,"Salt marsh",-22.9722,-43.7116,"direct from dataset","1","Brazil","?",0.1,0.12,"LOI","0.47*x+0.0008",15,NA,NA,7.0508,NA,NA,NA
"172","Copertino et al under review","MC 15","Lacerda et al 1997","Sepetiba bay",15,"Salt marsh",-22.9722,-43.7116,"direct from dataset","1","Brazil","?",0.12,0.2,"LOI","0.47*x+0.0008",16,NA,NA,7.5208,NA,NA,NA
"173","Copertino et al under review","MC 15","Lacerda et al 1997","Sepetiba bay",15,"Salt marsh",-22.9722,-43.7116,"direct from dataset","1","Brazil","?",0.2,0.25,"LOI","0.47*x+0.0008",15,NA,NA,7.0508,NA,NA,NA
"174","Copertino et al under review","MC 90","Idaskin et al 2015","St. Antonio",90,"Salt marsh",-43.332,-65.0667,"direct from dataset","1","Argentina","2013",0,0.15,"LOI","0.47*x+0.0008",NA,6.46,0.26,NA,3.04,0.123,NA
"175","Copertino et al under review","MC 91","Idaskin et al 2015","St. Antonio",91,"Salt marsh",-43.332,-65.0667,"direct from dataset","1","Argentina","2013",0,0.15,"LOI","0.47*x+0.0008",NA,5.69,0.64,NA,2.68,0.3016,NA
"176","Copertino et al under review","MC 92","Idaskin et al 2015","St. Antonio",92,"Salt marsh",-43.332,-65.0667,"direct from dataset","1","Argentina","2013",0,0.15,"LOI","0.47*x+0.0008",NA,2.93,0.13,NA,1.38,0.0619,NA
"177","Copertino et al under review","MC 93","Idaskin et al 2015","St. Antonio",93,"Salt marsh",-43.332,-65.0667,"direct from dataset","1","Argentina","2013",0,0.15,"LOI","0.47*x+0.0008",NA,2.55,0.29,NA,1.2,0.1371,NA
"178","Copertino et al under review","MC 94","Marinho et al 2018","St. Antonio",94,"Salt marsh",-40.725,-64.9816,"direct from dataset","1","Argentina","2013/2014",0,0.15,"LOI","0.47*x+0.0008",NA,4.5,0.3,NA,2.12,0.1418,NA
"179","Copertino et al under review","MC 95","Marinho et al 2018","St. Antonio",95,"Salt marsh",-40.725,-64.9816,"direct from dataset","1","Argentina","2013/2014",0,0.15,"LOI","0.47*x+0.0008",NA,4,0.4,NA,1.88,0.1888,NA
"180","Copertino et al under review","MC 96","Marinho et al 2018","St. Antonio",96,"Salt marsh",-40.728,-64.9535,"direct from dataset","1","Argentina","2013/2014",0,0.15,"LOI","0.47*x+0.0008",NA,4.7,0.3,NA,2.21,0.1418,NA
"181","Copertino et al under review","MC 97","Marinho et al 2018","St. Antonio",97,"Salt marsh",-40.728,-64.9535,"direct from dataset","1","Argentina","2013/2014",0,0.15,"LOI","0.47*x+0.0008",NA,4.7,0.6,NA,2.21,0.2828,NA
"182","Copertino et al under review","MC 98","Marinho et al 2018","St. Antonio",98,"Salt marsh",-40.733,-64.9164,"direct from dataset","1","Argentina","2013/2014",0,0.15,"LOI","0.47*x+0.0008",NA,3.6,0.4,NA,1.69,0.1888,NA
"183","Copertino et al under review","MC 99","Marinho et al 2018","St. Antonio",99,"Salt marsh",-40.733,-64.9164,"direct from dataset","1","Argentina","2013/2014",0,0.15,"LOI","0.47*x+0.0008",NA,3.6,0.4,NA,1.69,0.1888,NA
"184","Copertino et al under review","MC 100","Marinho et al 2018","St. Antonio",100,"Salt marsh",-40.733,-64.9164,"direct from dataset","1","Argentina","2013/2014",0,0.15,"LOI","0.47*x+0.0008",NA,4.3,0.3,NA,2.02,0.1418,NA
"185","Copertino et al under review","MC 101","Marinho et al 2018","St. Antonio",101,"Salt marsh",-40.733,-64.9164,"direct from dataset","1","Argentina","2013/2014",0,0.15,"LOI","0.47*x+0.0008",NA,3.5,0.9,NA,1.65,0.4238,NA
"186","Copertino et al under review","MC 102","Marinho et al 2018","St. Antonio",102,"Salt marsh",-40.792,-64.8519,"direct from dataset","1","Argentina","2013/2014",0,0.15,"LOI","0.47*x+0.0008",NA,3.6,0.6,NA,1.69,0.2828,NA
"187","Copertino et al under review","MC 103","Marinho et al 2018","St. Antonio",103,"Salt marsh",-40.792,-64.8519,"direct from dataset","1","Argentina","2013/2014",0,0.15,"LOI","0.47*x+0.0008",NA,3.2,0.5,NA,1.5,0.2358,NA
"188","Copertino et al under review","MC 117","Newton 2017","Swan Inlet",117,"Salt marsh",-51.8849,-58.4962,"direct from dataset","1","Argentina","2013",0,0.05,"LOI","0.47*x+0.0008",82,NA,NA,38.54,NA,NA,0.2
"189","Copertino et al under review","MC 117","Newton 2017","Swan Inlet",117,"Salt marsh",-51.8849,-58.4962,"direct from dataset","1","Argentina","2013",0.05,0.1,"LOI","0.47*x+0.0008",82,NA,NA,38.54,NA,NA,0.4
"190","Copertino et al under review","MC 117","Newton 2017","Swan Inlet",117,"Salt marsh",-51.8849,-58.4962,"direct from dataset","1","Argentina","2013",0.1,0.2,"LOI","0.47*x+0.0008",82,NA,NA,38.54,NA,NA,0.45
"191","Copertino et al under review","MC 117","Newton 2017","Swan Inlet",117,"Salt marsh",-51.8849,-58.4962,"direct from dataset","1","Argentina","2013",0.2,0.22,"LOI","0.47*x+0.0008",82,NA,NA,38.54,NA,NA,0.5
"192","Copertino et al under review","MC 117","Newton 2017","Swan Inlet",117,"Salt marsh",-51.8849,-58.4962,"direct from dataset","1","Argentina","2013",0.22,0.27,"LOI","0.47*x+0.0008",86,NA,NA,40.42,NA,NA,0.5
"193","Copertino et al under review","MC 117","Newton 2017","Swan Inlet",117,"Salt marsh",-51.8849,-58.4962,"direct from dataset","1","Argentina","2013",0.27,0.3,"LOI","0.47*x+0.0008",80,NA,NA,37.6,NA,NA,0.5
"194","Copertino et al under review","MC 117","Newton 2017","Swan Inlet",117,"Salt marsh",-51.8849,-58.4962,"direct from dataset","1","Argentina","2013",0.3,0.33,"LOI","0.47*x+0.0008",79,NA,NA,37.13,NA,NA,0.5
"195","Copertino et al under review","MC 117","Newton 2017","Swan Inlet",117,"Salt marsh",-51.8849,-58.4962,"direct from dataset","1","Argentina","2013",0.33,0.35,"LOI","0.47*x+0.0008",78,NA,NA,36.66,NA,NA,0.5
"196","Copertino et al under review","MC 117","Newton 2017","Swan Inlet",117,"Salt marsh",-51.8849,-58.4962,"direct from dataset","1","Argentina","2013",0.35,0.4,"LOI","0.47*x+0.0008",75,NA,NA,35.25,NA,NA,0.5
"197","Copertino et al under review","MC 117","Newton 2017","Swan Inlet",117,"Salt marsh",-51.8849,-58.4962,"direct from dataset","1","Argentina","2013",0.4,0.45,"LOI","0.47*x+0.0008",70,NA,NA,32.9,NA,NA,0.6
"198","Copertino et al under review","MC 117","Newton 2017","Swan Inlet",117,"Salt marsh",-51.8849,-58.4962,"direct from dataset","1","Argentina","2013",0.45,0.5,"LOI","0.47*x+0.0008",68,NA,NA,31.96,NA,NA,0.6
"199","Copertino et al under review","MC 117","Newton 2017","Swan Inlet",117,"Salt marsh",-51.8849,-58.4962,"direct from dataset","1","Argentina","2013",0.5,0.53,"LOI","0.47*x+0.0008",66,NA,NA,31.02,NA,NA,0.7
"200","Copertino et al under review","MC 117","Newton 2017","Swan Inlet",117,"Salt marsh",-51.8849,-58.4962,"direct from dataset","1","Argentina","2013",0.53,0.55,"LOI","0.47*x+0.0008",60,NA,NA,28.2,NA,NA,0.7
"201","Copertino et al under review","MC 117","Newton 2017","Swan Inlet",117,"Salt marsh",-51.8849,-58.4962,"direct from dataset","1","Argentina","2013",0.55,0.58,"LOI","0.47*x+0.0008",55,NA,NA,25.85,NA,NA,0.5
"202","Copertino et al under review","MC 117","Newton 2017","Swan Inlet",117,"Salt marsh",-51.8849,-58.4962,"direct from dataset","1","Argentina","2013",0.58,0.6,"LOI","0.47*x+0.0008",50,NA,NA,23.5,NA,NA,0.5
"203","Copertino et al under review","MC 117","Newton 2017","Swan Inlet",117,"Salt marsh",-51.8849,-58.4962,"direct from dataset","1","Argentina","2013",0.6,0.64,"LOI","0.47*x+0.0008",50,NA,NA,23.5,NA,NA,0.4
"204","Copertino et al under review","MC 117","Newton 2017","Swan Inlet",117,"Salt marsh",-51.8849,-58.4962,"direct from dataset","1","Argentina","2013",0.64,0.66,"LOI","0.47*x+0.0008",49,NA,NA,23.03,NA,NA,0.4
"205","Copertino et al under review","MC 117","Newton 2017","Swan Inlet",117,"Salt marsh",-51.8849,-58.4962,"direct from dataset","1","Argentina","2013",0.66,0.68,"LOI","0.47*x+0.0008",48,NA,NA,22.56,NA,NA,0.4
"206","Copertino et al under review","MC 117","Newton 2017","Swan Inlet",117,"Salt marsh",-51.8849,-58.4962,"direct from dataset","1","Argentina","2013",0.68,0.7,"LOI","0.47*x+0.0008",47,NA,NA,22.09,NA,NA,0.4
"207","Copertino et al under review","MC 117","Newton 2017","Swan Inlet",117,"Salt marsh",-51.8849,-58.4962,"direct from dataset","1","Argentina","2013",0.7,0.71,"LOI","0.47*x+0.0008",46,NA,NA,21.62,NA,NA,0.4
"208","Copertino et al under review","MC 117","Newton 2017","Swan Inlet",117,"Salt marsh",-51.8849,-58.4962,"direct from dataset","1","Argentina","2013",0.71,0.72,"LOI","0.47*x+0.0008",44,NA,NA,20.68,NA,NA,0.4
"209","Copertino et al under review","MC 117","Newton 2017","Swan Inlet",117,"Salt marsh",-51.8849,-58.4962,"direct from dataset","1","Argentina","2013",0.72,0.73,"LOI","0.47*x+0.0008",43,NA,NA,20.21,NA,NA,0.4
"210","Copertino et al under review","MC 117","Newton 2017","Swan Inlet",117,"Salt marsh",-51.8849,-58.4962,"direct from dataset","1","Argentina","2013",0.73,0.74,"LOI","0.47*x+0.0008",41.33,NA,NA,19.43,NA,NA,0.4
"211","Copertino et al under review","MC 117","Newton 2017","Swan Inlet",117,"Salt marsh",-51.8849,-58.4962,"direct from dataset","1","Argentina","2013",0.74,0.75,"LOI","0.47*x+0.0008",39.83,NA,NA,18.72,NA,NA,0.4
"212","Copertino et al under review","MC 117","Newton 2017","Swan Inlet",117,"Salt marsh",-51.8849,-58.4962,"direct from dataset","1","Argentina","2013",0.75,0.76,"LOI","0.47*x+0.0008",38.33,NA,NA,18.02,NA,NA,0.4
"213","Copertino et al under review","MC 117","Newton 2017","Swan Inlet",117,"Salt marsh",-51.8849,-58.4962,"direct from dataset","1","Argentina","2013",0.76,0.77,"LOI","0.47*x+0.0008",36.83,NA,NA,17.31,NA,NA,0.4
"214","Copertino et al under review","MC 117","Newton 2017","Swan Inlet",117,"Salt marsh",-51.8849,-58.4962,"direct from dataset","1","Argentina","2013",0.77,0.78,"LOI","0.47*x+0.0008",35.33,NA,NA,16.61,NA,NA,0.4
"215","Copertino et al under review","MC 117","Newton 2017","Swan Inlet",117,"Salt marsh",-51.8849,-58.4962,"direct from dataset","1","Argentina","2013",0.78,0.79,"LOI","0.47*x+0.0008",33.83,NA,NA,15.9,NA,NA,0.4
"216","Copertino et al under review","MC 117","Newton 2017","Swan Inlet",117,"Salt marsh",-51.8849,-58.4962,"direct from dataset","1","Argentina","2013",0.79,0.8,"LOI","0.47*x+0.0008",32.33,NA,NA,15.2,NA,NA,0.4
"217","Copertino et al under review","MC 117","Newton 2017","Swan Inlet",117,"Salt marsh",-51.8849,-58.4962,"direct from dataset","1","Argentina","2013",0.8,0.81,"LOI","0.47*x+0.0008",30.83,NA,NA,14.49,NA,NA,0.4
"218","Copertino et al under review","MC 117","Newton 2017","Swan Inlet",117,"Salt marsh",-51.8849,-58.4962,"direct from dataset","1","Argentina","2013",0.81,0.82,"LOI","0.47*x+0.0008",29.33,NA,NA,13.79,NA,NA,0.4
"219","Copertino et al under review","MC 117","Newton 2017","Swan Inlet",117,"Salt marsh",-51.8849,-58.4962,"direct from dataset","1","Argentina","2013",0.82,0.83,"LOI","0.47*x+0.0008",27.83,NA,NA,13.08,NA,NA,0.4
"220","Copertino et al under review","MC 117","Newton 2017","Swan Inlet",117,"Salt marsh",-51.8849,-58.4962,"direct from dataset","1","Argentina","2013",0.83,0.84,"LOI","0.47*x+0.0008",26.33,NA,NA,12.38,NA,NA,0.4
"221","Copertino et al under review","MC 117","Newton 2017","Swan Inlet",117,"Salt marsh",-51.8849,-58.4962,"direct from dataset","1","Argentina","2013",0.84,0.85,"LOI","0.47*x+0.0008",24.83,NA,NA,11.67,NA,NA,0.4
"222","Copertino et al under review","MC 117","Newton 2017","Swan Inlet",117,"Salt marsh",-51.8849,-58.4962,"direct from dataset","1","Argentina","2013",0.85,0.86,"LOI","0.47*x+0.0008",23.33,NA,NA,10.97,NA,NA,0.4
"223","Copertino et al under review","MC 117","Newton 2017","Swan Inlet",117,"Salt marsh",-51.8849,-58.4962,"direct from dataset","1","Argentina","2013",0.86,0.87,"LOI","0.47*x+0.0008",21.83,NA,NA,10.26,NA,NA,0.4
"224","Copertino et al under review","MC 117","Newton 2017","Swan Inlet",117,"Salt marsh",-51.8849,-58.4962,"direct from dataset","1","Argentina","2013",0.87,0.88,"LOI","0.47*x+0.0008",20.33,NA,NA,9.56,NA,NA,0.4
"225","Copertino et al under review","MC 117","Newton 2017","Swan Inlet",117,"Salt marsh",-51.8849,-58.4962,"direct from dataset","1","Argentina","2013",0.88,0.89,"LOI","0.47*x+0.0008",18.83,NA,NA,8.85,NA,NA,0.4
"226","Copertino et al under review","MC 117","Newton 2017","Swan Inlet",117,"Salt marsh",-51.8849,-58.4962,"direct from dataset","1","Argentina","2013",0.89,0.9,"LOI","0.47*x+0.0008",17,NA,NA,7.99,NA,NA,0.4
"227","Copertino et al under review","MC 117","Newton 2017","Swan Inlet",117,"Salt marsh",-51.8849,-58.4962,"direct from dataset","1","Argentina","2013",0.9,0.91,"LOI","0.47*x+0.0008",16,NA,NA,7.52,NA,NA,1
"228","Copertino et al under review","MC 117","Newton 2017","Swan Inlet",117,"Salt marsh",-51.8849,-58.4962,"direct from dataset","1","Argentina","2013",0.91,0.92,"LOI","0.47*x+0.0008",15,NA,NA,7.05,NA,NA,1
"229","Copertino et al under review","MC 117","Newton 2017","Swan Inlet",117,"Salt marsh",-51.8849,-58.4962,"direct from dataset","1","Argentina","2013",0.92,0.93,"LOI","0.47*x+0.0008",14,NA,NA,6.58,NA,NA,1
"230","Copertino et al under review","MC 117","Newton 2017","Swan Inlet",117,"Salt marsh",-51.8849,-58.4962,"direct from dataset","1","Argentina","2013",0.93,0.94,"LOI","0.47*x+0.0008",5,NA,NA,2.35,NA,NA,1
"231","Copertino et al under review","MC 117","Newton 2017","Swan Inlet",117,"Salt marsh",-51.8849,-58.4962,"direct from dataset","1","Argentina","2013",0.94,0.95,"LOI","0.47*x+0.0008",5,NA,NA,2.35,NA,NA,1
"232","Copertino et al under review","MC 117","Newton 2017","Swan Inlet",117,"Salt marsh",-51.8849,-58.4962,"direct from dataset","1","Argentina","2013",0.95,0.96,"LOI","0.47*x+0.0008",4,NA,NA,1.88,NA,NA,1
"233","Copertino et al under review","MC 117","Newton 2017","Swan Inlet",117,"Salt marsh",-51.8849,-58.4962,"direct from dataset","1","Argentina","2013",0.96,0.97,"LOI","0.47*x+0.0008",4,NA,NA,1.88,NA,NA,1
"234","Copertino et al under review","MC 117","Newton 2017","Swan Inlet",117,"Salt marsh",-51.8849,-58.4962,"direct from dataset","1","Argentina","2013",0.97,0.98,"LOI","0.47*x+0.0008",3,NA,NA,1.41,NA,NA,1
"235","Copertino et al under review","MC 117","Newton 2017","Swan Inlet",117,"Salt marsh",-51.8849,-58.4962,"direct from dataset","1","Argentina","2013",0.98,0.99,"LOI","0.47*x+0.0008",2,NA,NA,0.94,NA,NA,1
"236","Copertino et al under review","MC 117","Newton 2017","Swan Inlet",117,"Salt marsh",-51.8849,-58.4962,"direct from dataset","1","Argentina","2013",0.99,1,"LOI","0.47*x+0.0008",2,NA,NA,0.94,NA,NA,1
"237","Copertino et al under review","MC 118","Payne et al 2019","Swan Inlet",118,"Salt marsh",-51.82,-58.59,"direct from dataset","1","Argentina","?",0,0.05,"LOI","0.47*x+0.0008",35,NA,NA,16.45,NA,NA,0.6
"238","Copertino et al under review","MC 118","Payne et al 2019","Swan Inlet",118,"Salt marsh",-51.82,-58.59,"direct from dataset","1","Argentina","?",0.05,0.15,"LOI","0.47*x+0.0008",78,NA,NA,36.66,NA,NA,0.4
"239","Copertino et al under review","MC 118","Payne et al 2019","Swan Inlet",118,"Salt marsh",-51.82,-58.59,"direct from dataset","1","Argentina","?",0.15,0.25,"LOI","0.47*x+0.0008",78,NA,NA,36.66,NA,NA,0.2
"240","Copertino et al under review","MC 118","Payne et al 2019","Swan Inlet",118,"Salt marsh",-51.82,-58.59,"direct from dataset","1","Argentina","?",0.25,0.3,"LOI","0.47*x+0.0008",22,NA,NA,10.34,NA,NA,0.5
"241","Copertino et al under review","MC 118","Payne et al 2019","Swan Inlet",118,"Salt marsh",-51.82,-58.59,"direct from dataset","1","Argentina","?",0.3,0.35,"LOI","0.47*x+0.0008",20,NA,NA,9.4,NA,NA,0.6
"242","Copertino et al under review","MC 118","Payne et al 2019","Swan Inlet",118,"Salt marsh",-51.82,-58.59,"direct from dataset","1","Argentina","?",0.35,0.4,"LOI","0.47*x+0.0008",20,NA,NA,9.4,NA,NA,0.58
"243","Copertino et al under review","MC 118","Payne et al 2019","Swan Inlet",118,"Salt marsh",-51.82,-58.59,"direct from dataset","1","Argentina","?",0.4,0.45,"LOI","0.47*x+0.0008",20,NA,NA,9.4,NA,NA,0.57
"244","Copertino et al under review","MC 118","Payne et al 2019","Swan Inlet",118,"Salt marsh",-51.82,-58.59,"direct from dataset","1","Argentina","?",0.45,0.75,"LOI","0.47*x+0.0008",20,NA,NA,9.4,NA,NA,0.55
"245","Copertino et al under review","MC 118","Payne et al 2019","Swan Inlet",118,"Salt marsh",-51.82,-58.59,"direct from dataset","1","Argentina","?",0.75,0.8,"LOI","0.47*x+0.0008",20,NA,NA,9.4,NA,NA,0.7
"246","Copertino et al under review","MC 118","Payne et al 2019","Swan Inlet",118,"Salt marsh",-51.82,-58.59,"direct from dataset","1","Argentina","?",0.8,0.9,"LOI","0.47*x+0.0008",40,NA,NA,18.8,NA,NA,0.4
"247","Copertino et al under review","MC 118","Payne et al 2019","Swan Inlet",118,"Salt marsh",-51.82,-58.59,"direct from dataset","1","Argentina","?",0.9,1.05,"LOI","0.47*x+0.0008",20,NA,NA,9.4,NA,NA,0.5
"248","Copertino et al under review","MC 118","Payne et al 2019","Swan Inlet",118,"Salt marsh",-51.82,-58.59,"direct from dataset","1","Argentina","?",1.05,1.2,"LOI","0.47*x+0.0008",20,NA,NA,9.4,NA,NA,0.6
"249","Copertino et al under review","MC 118","Payne et al 2019","Swan Inlet",118,"Salt marsh",-51.82,-58.59,"direct from dataset","1","Argentina","?",1.2,1.25,"LOI","0.47*x+0.0008",50,NA,NA,23.5,NA,NA,0.2
"250","Copertino et al under review","MC 118","Payne et al 2019","Swan Inlet",118,"Salt marsh",-51.82,-58.59,"direct from dataset","1","Argentina","?",1.25,1.3,"LOI","0.47*x+0.0008",40,NA,NA,18.8,NA,NA,0.4
"251","Copertino et al under review","MC 118","Payne et al 2019","Swan Inlet",118,"Salt marsh",-51.82,-58.59,"direct from dataset","1","Argentina","?",1.3,1.5,"LOI","0.47*x+0.0008",20,NA,NA,9.4,NA,NA,0.7
