"","Source","Site_name","Site","Core","Treatment","Habitat_type","Latitude","Longitude","accuracy_flag","accuracy_code","Country","Year_collected","U_depth_m","L_depth_m","Method","OC_perc","BD_reported_g_cm3","SOM_perc"
"1","Graversen et al 2022","EG Horsens Grazed","Horsens","Horsens Grazed","Grazed","Saltmarsh",55.87585,10.01921,"direct from dataset","1","Denmark",2018,0,0.01,"EA",17.081,0.17,33.55
"2","Graversen et al 2022","EG Horsens Grazed","Horsens","Horsens Grazed","Grazed","Saltmarsh",55.87585,10.01921,"direct from dataset","1","Denmark",2018,0.01,0.02,"EA",15.6616666666667,0.2,41.0966666666667
"3","Graversen et al 2022","EG Horsens Grazed","Horsens","Horsens Grazed","Grazed","Saltmarsh",55.87585,10.01921,"direct from dataset","1","Denmark",2018,0.02,0.03,"EA",17.077,0.21,39.95
"4","Graversen et al 2022","EG Horsens Grazed","Horsens","Horsens Grazed","Grazed","Saltmarsh",55.87585,10.01921,"direct from dataset","1","Denmark",2018,0.03,0.04,"EA",15.1,0.21,39.79
"5","Graversen et al 2022","EG Horsens Grazed","Horsens","Horsens Grazed","Grazed","Saltmarsh",55.87585,10.01921,"direct from dataset","1","Denmark",2018,0.04,0.05,"EA",12.039,0.28,33.72
"6","Graversen et al 2022","EG Horsens Grazed","Horsens","Horsens Grazed","Grazed","Saltmarsh",55.87585,10.01921,"direct from dataset","1","Denmark",2018,0.05,0.06,"EA",17.463,0.27,40.78
"7","Graversen et al 2022","EG Horsens Grazed","Horsens","Horsens Grazed","Grazed","Saltmarsh",55.87585,10.01921,"direct from dataset","1","Denmark",2018,0.06,0.07,"EA",13.653,0.23,35.15
"8","Graversen et al 2022","EG Horsens Grazed","Horsens","Horsens Grazed","Grazed","Saltmarsh",55.87585,10.01921,"direct from dataset","1","Denmark",2018,0.07,0.08,"EA",15.283,0.27,43.515
"9","Graversen et al 2022","EG Horsens Grazed","Horsens","Horsens Grazed","Grazed","Saltmarsh",55.87585,10.01921,"direct from dataset","1","Denmark",2018,0.08,0.09,"EA",9.766,0.27,31.92
"10","Graversen et al 2022","EG Horsens Grazed","Horsens","Horsens Grazed","Grazed","Saltmarsh",55.87585,10.01921,"direct from dataset","1","Denmark",2018,0.09,0.1,"EA",9.717,0.26,40.4
"11","Graversen et al 2022","EG Horsens Grazed","Horsens","Horsens Grazed","Grazed","Saltmarsh",55.87585,10.01921,"direct from dataset","1","Denmark",2018,0.1,0.12,"EA",14.051,0.22,31.56
"12","Graversen et al 2022","EG Horsens Grazed","Horsens","Horsens Grazed","Grazed","Saltmarsh",55.87585,10.01921,"direct from dataset","1","Denmark",2018,0.12,0.14,"EA",14.045,0.31,37.2
"13","Graversen et al 2022","EG Horsens Grazed","Horsens","Horsens Grazed","Grazed","Saltmarsh",55.87585,10.01921,"direct from dataset","1","Denmark",2018,0.14,0.16,"EA",10.393,0.496666666666667,26.3733333333333
"14","Graversen et al 2022","EG Horsens Grazed","Horsens","Horsens Grazed","Grazed","Saltmarsh",55.87585,10.01921,"direct from dataset","1","Denmark",2018,0.16,0.18,"EA",10.007,0.58,27.29
"15","Graversen et al 2022","EG Horsens Grazed","Horsens","Horsens Grazed","Grazed","Saltmarsh",55.87585,10.01921,"direct from dataset","1","Denmark",2018,0.18,0.2,"EA",NA,NA,NA
"16","Graversen et al 2022","EG Horsens Grazed","Horsens","Horsens Grazed","Grazed","Saltmarsh",55.87585,10.01921,"direct from dataset","1","Denmark",2018,0.2,0.22,"EA",3.8,0.98,12.06
"17","Graversen et al 2022","EG Horsens Grazed","Horsens","Horsens Grazed","Grazed","Saltmarsh",55.87585,10.01921,"direct from dataset","1","Denmark",2018,0.22,0.24,"EA",0.485,1.03,7.71
"18","Graversen et al 2022","EG Horsens Grazed","Horsens","Horsens Grazed","Grazed","Saltmarsh",55.87585,10.01921,"direct from dataset","1","Denmark",2018,0.24,0.26,"EA",1.373,1.03333333333333,9.82333333333333
"19","Graversen et al 2022","EG Horsens Grazed","Horsens","Horsens Grazed","Grazed","Saltmarsh",55.87585,10.01921,"direct from dataset","1","Denmark",2018,0.26,0.28,"EA",0.867,1.27,3.72
"20","Graversen et al 2022","EG Horsens Grazed","Horsens","Horsens Grazed","Grazed","Saltmarsh",55.87585,10.01921,"direct from dataset","1","Denmark",2018,0.28,0.3,"EA",0.369,1.25,6.23
"21","Graversen et al 2022","EG Horsens Grazed","Horsens","Horsens Grazed","Grazed","Saltmarsh",55.87585,10.01921,"direct from dataset","1","Denmark",2018,0.3,0.32,"EA",0.555,1.31,2.71
"22","Graversen et al 2022","EG Horsens Grazed","Horsens","Horsens Grazed","Grazed","Saltmarsh",55.87585,10.01921,"direct from dataset","1","Denmark",2018,0.32,0.34,"EA",0.323,1.42,2.43
"23","Graversen et al 2022","EG Horsens Grazed","Horsens","Horsens Grazed","Grazed","Saltmarsh",55.87585,10.01921,"direct from dataset","1","Denmark",2018,0.34,0.36,"EA",0.4525,1.36,3.445
"24","Graversen et al 2022","EG Horsens Grazed","Horsens","Horsens Grazed","Grazed","Saltmarsh",55.87585,10.01921,"direct from dataset","1","Denmark",2018,0.36,0.38,"EA",0.235,1.31,3.27
"25","Graversen et al 2022","EG Horsens Grazed","Horsens","Horsens Grazed","Grazed","Saltmarsh",55.87585,10.01921,"direct from dataset","1","Denmark",2018,0.38,0.4,"EA",0.42,1.28,2.24
"26","Graversen et al 2022","EG Horsens Grazed","Horsens","Horsens Grazed","Grazed","Saltmarsh",55.87585,10.01921,"direct from dataset","1","Denmark",2018,0.4,0.42,"EA",0.193,1.2,2.19
"27","Graversen et al 2022","EG Horsens Grazed","Horsens","Horsens Grazed","Grazed","Saltmarsh",55.87585,10.01921,"direct from dataset","1","Denmark",2018,0.42,0.46,"EA",0.263,1.37,1.51
"28","Graversen et al 2022","EG Horsens Grazed","Horsens","Horsens Grazed","Grazed","Saltmarsh",55.87585,10.01921,"direct from dataset","1","Denmark",2018,0.46,0.5,"EA",0.158,1.31,2.03
"29","Graversen et al 2022","EG Horsens Grazed","Horsens","Horsens Grazed","Grazed","Saltmarsh",55.87585,10.01921,"direct from dataset","1","Denmark",2018,0.5,0.54,"EA",0.053,1.23,2.02
"30","Graversen et al 2022","EG Horsens Grazed","Horsens","Horsens Grazed","Grazed","Saltmarsh",55.87585,10.01921,"direct from dataset","1","Denmark",2018,0.54,0.58,"EA",0.316,1.16,4.11
"31","Graversen et al 2022","EG Horsens Ungrazed","Horsens","Horsens Ungrazed","Ungrazed","Saltmarsh",55.875676,10.018878,"direct from dataset","1","Denmark",2018,0,0.01,"EA",12.164,0.18,24.57
"32","Graversen et al 2022","EG Horsens Ungrazed","Horsens","Horsens Ungrazed","Ungrazed","Saltmarsh",55.875676,10.018878,"direct from dataset","1","Denmark",2018,0.01,0.02,"EA",12.3416666666667,0.21,35.23
"33","Graversen et al 2022","EG Horsens Ungrazed","Horsens","Horsens Ungrazed","Ungrazed","Saltmarsh",55.875676,10.018878,"direct from dataset","1","Denmark",2018,0.02,0.03,"EA",12.379,0.27,47.05
"34","Graversen et al 2022","EG Horsens Ungrazed","Horsens","Horsens Ungrazed","Ungrazed","Saltmarsh",55.875676,10.018878,"direct from dataset","1","Denmark",2018,0.03,0.04,"EA",11.019,0.26,23.19
"35","Graversen et al 2022","EG Horsens Ungrazed","Horsens","Horsens Ungrazed","Ungrazed","Saltmarsh",55.875676,10.018878,"direct from dataset","1","Denmark",2018,0.04,0.05,"EA",9.424,0.27,27.38
"36","Graversen et al 2022","EG Horsens Ungrazed","Horsens","Horsens Ungrazed","Ungrazed","Saltmarsh",55.875676,10.018878,"direct from dataset","1","Denmark",2018,0.05,0.06,"EA",9.736,0.27,28.05
"37","Graversen et al 2022","EG Horsens Ungrazed","Horsens","Horsens Ungrazed","Ungrazed","Saltmarsh",55.875676,10.018878,"direct from dataset","1","Denmark",2018,0.06,0.07,"EA",8.467,0.25,22.87
"38","Graversen et al 2022","EG Horsens Ungrazed","Horsens","Horsens Ungrazed","Ungrazed","Saltmarsh",55.875676,10.018878,"direct from dataset","1","Denmark",2018,0.07,0.08,"EA",8.878,0.386666666666667,35.3533333333333
"39","Graversen et al 2022","EG Horsens Ungrazed","Horsens","Horsens Ungrazed","Ungrazed","Saltmarsh",55.875676,10.018878,"direct from dataset","1","Denmark",2018,0.08,0.09,"EA",4.164,0.52,26.51
"40","Graversen et al 2022","EG Horsens Ungrazed","Horsens","Horsens Ungrazed","Ungrazed","Saltmarsh",55.875676,10.018878,"direct from dataset","1","Denmark",2018,0.09,0.1,"EA",4.259,0.79,15.1
"41","Graversen et al 2022","EG Horsens Ungrazed","Horsens","Horsens Ungrazed","Ungrazed","Saltmarsh",55.875676,10.018878,"direct from dataset","1","Denmark",2018,0.1,0.12,"EA",7.176,0.57,24.12
"42","Graversen et al 2022","EG Horsens Ungrazed","Horsens","Horsens Ungrazed","Ungrazed","Saltmarsh",55.875676,10.018878,"direct from dataset","1","Denmark",2018,0.12,0.14,"EA",5.039,0.98,21.6
"43","Graversen et al 2022","EG Horsens Ungrazed","Horsens","Horsens Ungrazed","Ungrazed","Saltmarsh",55.875676,10.018878,"direct from dataset","1","Denmark",2018,0.14,0.16,"EA",1.323,1.09,9.16
"44","Graversen et al 2022","EG Horsens Ungrazed","Horsens","Horsens Ungrazed","Ungrazed","Saltmarsh",55.875676,10.018878,"direct from dataset","1","Denmark",2018,0.16,0.18,"EA",0.965,1.19,6.6
"45","Graversen et al 2022","EG Horsens Ungrazed","Horsens","Horsens Ungrazed","Ungrazed","Saltmarsh",55.875676,10.018878,"direct from dataset","1","Denmark",2018,0.18,0.2,"EA",0.33,1.25,7.18
"46","Graversen et al 2022","EG Horsens Ungrazed","Horsens","Horsens Ungrazed","Ungrazed","Saltmarsh",55.875676,10.018878,"direct from dataset","1","Denmark",2018,0.2,0.22,"EA",0.349,1.24,3.79
"47","Graversen et al 2022","EG Horsens Ungrazed","Horsens","Horsens Ungrazed","Ungrazed","Saltmarsh",55.875676,10.018878,"direct from dataset","1","Denmark",2018,0.22,0.24,"EA",0.17,1.63,4.32
"48","Graversen et al 2022","EG Horsens Ungrazed","Horsens","Horsens Ungrazed","Ungrazed","Saltmarsh",55.875676,10.018878,"direct from dataset","1","Denmark",2018,0.24,0.26,"EA",0.231,1.51,3.19333333333333
"49","Graversen et al 2022","EG Horsens Ungrazed","Horsens","Horsens Ungrazed","Ungrazed","Saltmarsh",55.875676,10.018878,"direct from dataset","1","Denmark",2018,0.26,0.28,"EA",NA,NA,NA
"50","Graversen et al 2022","EG Horsens Ungrazed","Horsens","Horsens Ungrazed","Ungrazed","Saltmarsh",55.875676,10.018878,"direct from dataset","1","Denmark",2018,0.28,0.3,"EA",NA,NA,NA
"51","Graversen et al 2022","EG Horsens Ungrazed","Horsens","Horsens Ungrazed","Ungrazed","Saltmarsh",55.875676,10.018878,"direct from dataset","1","Denmark",2018,0.3,0.32,"EA",0.096,1.49,1.87
"52","Graversen et al 2022","EG Horsens Ungrazed","Horsens","Horsens Ungrazed","Ungrazed","Saltmarsh",55.875676,10.018878,"direct from dataset","1","Denmark",2018,0.32,0.34,"EA",0.121,1.54,3.06
"53","Graversen et al 2022","EG Horsens Ungrazed","Horsens","Horsens Ungrazed","Ungrazed","Saltmarsh",55.875676,10.018878,"direct from dataset","1","Denmark",2018,0.34,0.36,"EA",0.266333333333333,1.43,3.04
"54","Graversen et al 2022","EG Horsens Ungrazed","Horsens","Horsens Ungrazed","Ungrazed","Saltmarsh",55.875676,10.018878,"direct from dataset","1","Denmark",2018,0.36,0.38,"EA",0.162,1.23,1.91
"55","Graversen et al 2022","EG Horsens Ungrazed","Horsens","Horsens Ungrazed","Ungrazed","Saltmarsh",55.875676,10.018878,"direct from dataset","1","Denmark",2018,0.38,0.4,"EA",0.471,1.64,2.35
"56","Graversen et al 2022","EG Horsens Ungrazed","Horsens","Horsens Ungrazed","Ungrazed","Saltmarsh",55.875676,10.018878,"direct from dataset","1","Denmark",2018,0.4,0.42,"EA",0.08,1.36,1.42
"57","Graversen et al 2022","EG Horsens Ungrazed","Horsens","Horsens Ungrazed","Ungrazed","Saltmarsh",55.875676,10.018878,"direct from dataset","1","Denmark",2018,0.42,0.46,"EA",0.103,1.47,2.3
"58","Graversen et al 2022","EG Horsens Ungrazed","Horsens","Horsens Ungrazed","Ungrazed","Saltmarsh",55.875676,10.018878,"direct from dataset","1","Denmark",2018,0.46,0.5,"EA",0.106,1.3,1.28
"59","Graversen et al 2022","EG Horsens Ungrazed","Horsens","Horsens Ungrazed","Ungrazed","Saltmarsh",55.875676,10.018878,"direct from dataset","1","Denmark",2018,0.5,0.52,"EA",0.362,1.34,1.87
"60","Graversen et al 2022","EG Mariager Grazed","Mariager","Mariager Grazed","Grazed","Saltmarsh",56.708652,10.166294,"direct from dataset","1","Denmark",2018,0,0.01,"EA",2.874,0.93,13.9
"61","Graversen et al 2022","EG Mariager Grazed","Mariager","Mariager Grazed","Grazed","Saltmarsh",56.708652,10.166294,"direct from dataset","1","Denmark",2018,0.01,0.02,"EA",1.06166666666667,1.31,4.88
"62","Graversen et al 2022","EG Mariager Grazed","Mariager","Mariager Grazed","Grazed","Saltmarsh",56.708652,10.166294,"direct from dataset","1","Denmark",2018,0.02,0.03,"EA",0.765,1.35,5.42
"63","Graversen et al 2022","EG Mariager Grazed","Mariager","Mariager Grazed","Grazed","Saltmarsh",56.708652,10.166294,"direct from dataset","1","Denmark",2018,0.03,0.04,"EA",0.848,1.47,5.59
"64","Graversen et al 2022","EG Mariager Grazed","Mariager","Mariager Grazed","Grazed","Saltmarsh",56.708652,10.166294,"direct from dataset","1","Denmark",2018,0.04,0.05,"EA",0.803,1.38,5.65
"65","Graversen et al 2022","EG Mariager Grazed","Mariager","Mariager Grazed","Grazed","Saltmarsh",56.708652,10.166294,"direct from dataset","1","Denmark",2018,0.05,0.06,"EA",0.987,1.16,8.65
"66","Graversen et al 2022","EG Mariager Grazed","Mariager","Mariager Grazed","Grazed","Saltmarsh",56.708652,10.166294,"direct from dataset","1","Denmark",2018,0.06,0.07,"EA",1.453,1.32,6.09
"67","Graversen et al 2022","EG Mariager Grazed","Mariager","Mariager Grazed","Grazed","Saltmarsh",56.708652,10.166294,"direct from dataset","1","Denmark",2018,0.07,0.08,"EA",1.1675,1.265,6.39
"68","Graversen et al 2022","EG Mariager Grazed","Mariager","Mariager Grazed","Grazed","Saltmarsh",56.708652,10.166294,"direct from dataset","1","Denmark",2018,0.08,0.09,"EA",1.18,1.21,7.28
"69","Graversen et al 2022","EG Mariager Grazed","Mariager","Mariager Grazed","Grazed","Saltmarsh",56.708652,10.166294,"direct from dataset","1","Denmark",2018,0.09,0.1,"EA",0.945,1.34,7.44
"70","Graversen et al 2022","EG Mariager Grazed","Mariager","Mariager Grazed","Grazed","Saltmarsh",56.708652,10.166294,"direct from dataset","1","Denmark",2018,0.1,0.12,"EA",1.667,1.16,9.61
"71","Graversen et al 2022","EG Mariager Grazed","Mariager","Mariager Grazed","Grazed","Saltmarsh",56.708652,10.166294,"direct from dataset","1","Denmark",2018,0.12,0.14,"EA",2.557,1.1,10.7
"72","Graversen et al 2022","EG Mariager Grazed","Mariager","Mariager Grazed","Grazed","Saltmarsh",56.708652,10.166294,"direct from dataset","1","Denmark",2018,0.14,0.16,"EA",1.27266666666667,1.22,7.46333333333333
"73","Graversen et al 2022","EG Mariager Grazed","Mariager","Mariager Grazed","Grazed","Saltmarsh",56.708652,10.166294,"direct from dataset","1","Denmark",2018,0.16,0.18,"EA",3.125,0.85,15.82
"74","Graversen et al 2022","EG Mariager Grazed","Mariager","Mariager Grazed","Grazed","Saltmarsh",56.708652,10.166294,"direct from dataset","1","Denmark",2018,0.18,0.2,"EA",2.374,0.97,16.33
"75","Graversen et al 2022","EG Mariager Grazed","Mariager","Mariager Grazed","Grazed","Saltmarsh",56.708652,10.166294,"direct from dataset","1","Denmark",2018,0.2,0.22,"EA",2.709,0.92,18.58
"76","Graversen et al 2022","EG Mariager Grazed","Mariager","Mariager Grazed","Grazed","Saltmarsh",56.708652,10.166294,"direct from dataset","1","Denmark",2018,0.22,0.24,"EA",4.376,0.69,19.75
"77","Graversen et al 2022","EG Mariager Grazed","Mariager","Mariager Grazed","Grazed","Saltmarsh",56.708652,10.166294,"direct from dataset","1","Denmark",2018,0.24,0.26,"EA",7.37366666666667,0.673333333333333,28.2933333333333
"78","Graversen et al 2022","EG Mariager Grazed","Mariager","Mariager Grazed","Grazed","Saltmarsh",56.708652,10.166294,"direct from dataset","1","Denmark",2018,0.26,0.28,"EA",6.863,0.48,31.95
"79","Graversen et al 2022","EG Mariager Grazed","Mariager","Mariager Grazed","Grazed","Saltmarsh",56.708652,10.166294,"direct from dataset","1","Denmark",2018,0.28,0.3,"EA",3.627,0.75,18.91
"80","Graversen et al 2022","EG Mariager Grazed","Mariager","Mariager Grazed","Grazed","Saltmarsh",56.708652,10.166294,"direct from dataset","1","Denmark",2018,0.3,0.32,"EA",2.027,1.03,9.23
"81","Graversen et al 2022","EG Mariager Grazed","Mariager","Mariager Grazed","Grazed","Saltmarsh",56.708652,10.166294,"direct from dataset","1","Denmark",2018,0.32,0.34,"EA",4.021,0.73,15.11
"82","Graversen et al 2022","EG Mariager Grazed","Mariager","Mariager Grazed","Grazed","Saltmarsh",56.708652,10.166294,"direct from dataset","1","Denmark",2018,0.34,0.36,"EA",0.284333333333333,1.40666666666667,3.68333333333333
"83","Graversen et al 2022","EG Mariager Grazed","Mariager","Mariager Grazed","Grazed","Saltmarsh",56.708652,10.166294,"direct from dataset","1","Denmark",2018,0.36,0.38,"EA",0.517,1.26,2.73
"84","Graversen et al 2022","EG Mariager Grazed","Mariager","Mariager Grazed","Grazed","Saltmarsh",56.708652,10.166294,"direct from dataset","1","Denmark",2018,0.38,0.4,"EA",0.858,1.2,3.97
"85","Graversen et al 2022","EG Mariager Ungrazed","Mariager","Mariager Ungrazed","Ungrazed","Saltmarsh",56.70871,10.16602,"direct from dataset","1","Denmark",2018,0,0.01,"EA",0.366,1.11,5
"86","Graversen et al 2022","EG Mariager Ungrazed","Mariager","Mariager Ungrazed","Ungrazed","Saltmarsh",56.70871,10.16602,"direct from dataset","1","Denmark",2018,0.01,0.02,"EA",0.896666666666667,1.09333333333333,5.47666666666667
"87","Graversen et al 2022","EG Mariager Ungrazed","Mariager","Mariager Ungrazed","Ungrazed","Saltmarsh",56.70871,10.16602,"direct from dataset","1","Denmark",2018,0.02,0.03,"EA",1.22,1.08,8.27
"88","Graversen et al 2022","EG Mariager Ungrazed","Mariager","Mariager Ungrazed","Ungrazed","Saltmarsh",56.70871,10.16602,"direct from dataset","1","Denmark",2018,0.03,0.04,"EA",0.674,1.29,6.34
"89","Graversen et al 2022","EG Mariager Ungrazed","Mariager","Mariager Ungrazed","Ungrazed","Saltmarsh",56.70871,10.16602,"direct from dataset","1","Denmark",2018,0.04,0.05,"EA",0.463,1.16,4.83
"90","Graversen et al 2022","EG Mariager Ungrazed","Mariager","Mariager Ungrazed","Ungrazed","Saltmarsh",56.70871,10.16602,"direct from dataset","1","Denmark",2018,0.05,0.06,"EA",0.603,1.16,5.62
"91","Graversen et al 2022","EG Mariager Ungrazed","Mariager","Mariager Ungrazed","Ungrazed","Saltmarsh",56.70871,10.16602,"direct from dataset","1","Denmark",2018,0.06,0.07,"EA",1.024,1.21,7.26
"92","Graversen et al 2022","EG Mariager Ungrazed","Mariager","Mariager Ungrazed","Ungrazed","Saltmarsh",56.70871,10.16602,"direct from dataset","1","Denmark",2018,0.07,0.08,"EA",1.08133333333333,1.13,6.35
"93","Graversen et al 2022","EG Mariager Ungrazed","Mariager","Mariager Ungrazed","Ungrazed","Saltmarsh",56.70871,10.16602,"direct from dataset","1","Denmark",2018,0.08,0.09,"EA",0.939,1.16,6.02
"94","Graversen et al 2022","EG Mariager Ungrazed","Mariager","Mariager Ungrazed","Ungrazed","Saltmarsh",56.70871,10.16602,"direct from dataset","1","Denmark",2018,0.09,0.1,"EA",0.854,1.18,4.9
"95","Graversen et al 2022","EG Mariager Ungrazed","Mariager","Mariager Ungrazed","Ungrazed","Saltmarsh",56.70871,10.16602,"direct from dataset","1","Denmark",2018,0.1,0.12,"EA",0.684,1.08,5.25
"96","Graversen et al 2022","EG Mariager Ungrazed","Mariager","Mariager Ungrazed","Ungrazed","Saltmarsh",56.70871,10.16602,"direct from dataset","1","Denmark",2018,0.12,0.14,"EA",0.436,1.15,4.21
"97","Graversen et al 2022","EG Mariager Ungrazed","Mariager","Mariager Ungrazed","Ungrazed","Saltmarsh",56.70871,10.16602,"direct from dataset","1","Denmark",2018,0.14,0.16,"EA",1.24,1.02,8.13666666666667
"98","Graversen et al 2022","EG Mariager Ungrazed","Mariager","Mariager Ungrazed","Ungrazed","Saltmarsh",56.70871,10.16602,"direct from dataset","1","Denmark",2018,0.16,0.18,"EA",0.766,1.17,5.85
"99","Graversen et al 2022","EG Mariager Ungrazed","Mariager","Mariager Ungrazed","Ungrazed","Saltmarsh",56.70871,10.16602,"direct from dataset","1","Denmark",2018,0.18,0.2,"EA",0.497,1.2,3.81
"100","Graversen et al 2022","EG Mariager Ungrazed","Mariager","Mariager Ungrazed","Ungrazed","Saltmarsh",56.70871,10.16602,"direct from dataset","1","Denmark",2018,0.2,0.22,"EA",0.835,1.19,5.38
"101","Graversen et al 2022","EG Mariager Ungrazed","Mariager","Mariager Ungrazed","Ungrazed","Saltmarsh",56.70871,10.16602,"direct from dataset","1","Denmark",2018,0.22,0.24,"EA",2.894,1.1,8.63
"102","Graversen et al 2022","EG Mariager Ungrazed","Mariager","Mariager Ungrazed","Ungrazed","Saltmarsh",56.70871,10.16602,"direct from dataset","1","Denmark",2018,0.24,0.26,"EA",0.792,1.24333333333333,4.67666666666667
"103","Graversen et al 2022","EG Mariager Ungrazed","Mariager","Mariager Ungrazed","Ungrazed","Saltmarsh",56.70871,10.16602,"direct from dataset","1","Denmark",2018,0.26,0.28,"EA",0.641,1.21,4.92
"104","Graversen et al 2022","EG Mariager Ungrazed","Mariager","Mariager Ungrazed","Ungrazed","Saltmarsh",56.70871,10.16602,"direct from dataset","1","Denmark",2018,0.28,0.3,"EA",0.522,1.23,4.44
"105","Graversen et al 2022","EG Mariager Ungrazed","Mariager","Mariager Ungrazed","Ungrazed","Saltmarsh",56.70871,10.16602,"direct from dataset","1","Denmark",2018,0.3,0.32,"EA",1.086,1.14,7.94
"106","Graversen et al 2022","EG Mariager Ungrazed","Mariager","Mariager Ungrazed","Ungrazed","Saltmarsh",56.70871,10.16602,"direct from dataset","1","Denmark",2018,0.32,0.34,"EA",0.675,1.26,5.72
"107","Graversen et al 2022","EG Mariager Ungrazed","Mariager","Mariager Ungrazed","Ungrazed","Saltmarsh",56.70871,10.16602,"direct from dataset","1","Denmark",2018,0.34,0.36,"EA",0.515666666666667,1.22666666666667,3.95666666666667
"108","Graversen et al 2022","EG Mariager Ungrazed","Mariager","Mariager Ungrazed","Ungrazed","Saltmarsh",56.70871,10.16602,"direct from dataset","1","Denmark",2018,0.36,0.38,"EA",1.096,1.13,8.05
"109","Graversen et al 2022","EG Mariager Ungrazed","Mariager","Mariager Ungrazed","Ungrazed","Saltmarsh",56.70871,10.16602,"direct from dataset","1","Denmark",2018,0.38,0.4,"EA",2.066,1,10.76
"110","Graversen et al 2022","EG Mariager Ungrazed","Mariager","Mariager Ungrazed","Ungrazed","Saltmarsh",56.70871,10.16602,"direct from dataset","1","Denmark",2018,0.4,0.42,"EA",0.4,1.18,4.75
"111","Graversen et al 2022","EG Randers Grazed","Randers","Randers Grazed","Grazed","Saltmarsh",56.607,10.30801,"direct from dataset","1","Denmark",2018,0,0.01,"EA",3.084,0.83,17.35
"112","Graversen et al 2022","EG Randers Grazed","Randers","Randers Grazed","Grazed","Saltmarsh",56.607,10.30801,"direct from dataset","1","Denmark",2018,0.01,0.02,"EA",2.93333333333333,0.853333333333333,14.6166666666667
"113","Graversen et al 2022","EG Randers Grazed","Randers","Randers Grazed","Grazed","Saltmarsh",56.607,10.30801,"direct from dataset","1","Denmark",2018,0.02,0.03,"EA",3.548,0.75,18.49
"114","Graversen et al 2022","EG Randers Grazed","Randers","Randers Grazed","Grazed","Saltmarsh",56.607,10.30801,"direct from dataset","1","Denmark",2018,0.03,0.04,"EA",5.085,0.62,24.69
"115","Graversen et al 2022","EG Randers Grazed","Randers","Randers Grazed","Grazed","Saltmarsh",56.607,10.30801,"direct from dataset","1","Denmark",2018,0.04,0.05,"EA",6.299,0.59,28.08
"116","Graversen et al 2022","EG Randers Grazed","Randers","Randers Grazed","Grazed","Saltmarsh",56.607,10.30801,"direct from dataset","1","Denmark",2018,0.05,0.06,"EA",4.918,0.56,26.87
"117","Graversen et al 2022","EG Randers Grazed","Randers","Randers Grazed","Grazed","Saltmarsh",56.607,10.30801,"direct from dataset","1","Denmark",2018,0.06,0.07,"EA",4.762,0.81,23.18
"118","Graversen et al 2022","EG Randers Grazed","Randers","Randers Grazed","Grazed","Saltmarsh",56.607,10.30801,"direct from dataset","1","Denmark",2018,0.07,0.08,"EA",4.26033333333333,0.746666666666667,20.8333333333333
"119","Graversen et al 2022","EG Randers Grazed","Randers","Randers Grazed","Grazed","Saltmarsh",56.607,10.30801,"direct from dataset","1","Denmark",2018,0.08,0.09,"EA",3.348,0.97,12.73
"120","Graversen et al 2022","EG Randers Grazed","Randers","Randers Grazed","Grazed","Saltmarsh",56.607,10.30801,"direct from dataset","1","Denmark",2018,0.09,0.1,"EA",1.802,1.04,9.33
"121","Graversen et al 2022","EG Randers Grazed","Randers","Randers Grazed","Grazed","Saltmarsh",56.607,10.30801,"direct from dataset","1","Denmark",2018,0.1,0.12,"EA",1.249,0.96,8.24
"122","Graversen et al 2022","EG Randers Grazed","Randers","Randers Grazed","Grazed","Saltmarsh",56.607,10.30801,"direct from dataset","1","Denmark",2018,0.12,0.14,"EA",1.343,1.08,5.48
"123","Graversen et al 2022","EG Randers Grazed","Randers","Randers Grazed","Grazed","Saltmarsh",56.607,10.30801,"direct from dataset","1","Denmark",2018,0.14,0.16,"EA",1.885,1.145,6.955
"124","Graversen et al 2022","EG Randers Grazed","Randers","Randers Grazed","Grazed","Saltmarsh",56.607,10.30801,"direct from dataset","1","Denmark",2018,0.16,0.18,"EA",0.505,1.17,3.88
"125","Graversen et al 2022","EG Randers Grazed","Randers","Randers Grazed","Grazed","Saltmarsh",56.607,10.30801,"direct from dataset","1","Denmark",2018,0.18,0.2,"EA",0.425,1.27,2.69
"126","Graversen et al 2022","EG Randers Grazed","Randers","Randers Grazed","Grazed","Saltmarsh",56.607,10.30801,"direct from dataset","1","Denmark",2018,0.2,0.22,"EA",0.786,1.16,5.58
"127","Graversen et al 2022","EG Randers Grazed","Randers","Randers Grazed","Grazed","Saltmarsh",56.607,10.30801,"direct from dataset","1","Denmark",2018,0.22,0.24,"EA",1.376,1.05,6.9
"128","Graversen et al 2022","EG Randers Grazed","Randers","Randers Grazed","Grazed","Saltmarsh",56.607,10.30801,"direct from dataset","1","Denmark",2018,0.24,0.26,"EA",0.634666666666667,1.18333333333333,5.09
"129","Graversen et al 2022","EG Randers Grazed","Randers","Randers Grazed","Grazed","Saltmarsh",56.607,10.30801,"direct from dataset","1","Denmark",2018,0.26,0.28,"EA",0.993,1.2,5.82
"130","Graversen et al 2022","EG Randers Grazed","Randers","Randers Grazed","Grazed","Saltmarsh",56.607,10.30801,"direct from dataset","1","Denmark",2018,0.28,0.3,"EA",1.87,0.97,8.57
"131","Graversen et al 2022","EG Randers Grazed","Randers","Randers Grazed","Grazed","Saltmarsh",56.607,10.30801,"direct from dataset","1","Denmark",2018,0.3,0.32,"EA",0.662,1.18,4.83
"132","Graversen et al 2022","EG Randers Grazed","Randers","Randers Grazed","Grazed","Saltmarsh",56.607,10.30801,"direct from dataset","1","Denmark",2018,0.32,0.34,"EA",0.56,1.15,4.06
"133","Graversen et al 2022","EG Randers Grazed","Randers","Randers Grazed","Grazed","Saltmarsh",56.607,10.30801,"direct from dataset","1","Denmark",2018,0.34,0.36,"EA",0.634666666666667,1.17333333333333,5.2
"134","Graversen et al 2022","EG Randers Grazed","Randers","Randers Grazed","Grazed","Saltmarsh",56.607,10.30801,"direct from dataset","1","Denmark",2018,0.36,0.38,"EA",0.906,1.3,5.9
"135","Graversen et al 2022","EG Randers Grazed","Randers","Randers Grazed","Grazed","Saltmarsh",56.607,10.30801,"direct from dataset","1","Denmark",2018,0.38,0.4,"EA",0.507,1.22,3.58
"136","Graversen et al 2022","EG Randers Grazed","Randers","Randers Grazed","Grazed","Saltmarsh",56.607,10.30801,"direct from dataset","1","Denmark",2018,0.4,0.42,"EA",1.578,1.1,5.58
"137","Graversen et al 2022","EG Randers Grazed","Randers","Randers Grazed","Grazed","Saltmarsh",56.607,10.30801,"direct from dataset","1","Denmark",2018,0.42,0.46,"EA",1.178,1.19,7.47
"138","Graversen et al 2022","EG Randers Grazed","Randers","Randers Grazed","Grazed","Saltmarsh",56.607,10.30801,"direct from dataset","1","Denmark",2018,0.46,0.5,"EA",0.825,1.24,3.23
"139","Graversen et al 2022","EG Randers Grazed","Randers","Randers Grazed","Grazed","Saltmarsh",56.607,10.30801,"direct from dataset","1","Denmark",2018,0.5,0.53,"EA",0.542,1.33,2.45
"140","Graversen et al 2022","EG Randers Ungrazed","Randers","Randers Ungrazed","Ungrazed","Saltmarsh",56.60702,10.30823,"direct from dataset","1","Denmark",2018,0,0.01,"EA",3.781,0.85,11.8
"141","Graversen et al 2022","EG Randers Ungrazed","Randers","Randers Ungrazed","Ungrazed","Saltmarsh",56.60702,10.30823,"direct from dataset","1","Denmark",2018,0.01,0.02,"EA",2.46733333333333,0.893333333333333,12.5
"142","Graversen et al 2022","EG Randers Ungrazed","Randers","Randers Ungrazed","Ungrazed","Saltmarsh",56.60702,10.30823,"direct from dataset","1","Denmark",2018,0.02,0.03,"EA",1.891,0.9,10.71
"143","Graversen et al 2022","EG Randers Ungrazed","Randers","Randers Ungrazed","Ungrazed","Saltmarsh",56.60702,10.30823,"direct from dataset","1","Denmark",2018,0.03,0.04,"EA",1.804,0.82,9.36
"144","Graversen et al 2022","EG Randers Ungrazed","Randers","Randers Ungrazed","Ungrazed","Saltmarsh",56.60702,10.30823,"direct from dataset","1","Denmark",2018,0.04,0.05,"EA",0.631,0.94,9.41
"145","Graversen et al 2022","EG Randers Ungrazed","Randers","Randers Ungrazed","Ungrazed","Saltmarsh",56.60702,10.30823,"direct from dataset","1","Denmark",2018,0.05,0.06,"EA",2.997,0.69,16.52
"146","Graversen et al 2022","EG Randers Ungrazed","Randers","Randers Ungrazed","Ungrazed","Saltmarsh",56.60702,10.30823,"direct from dataset","1","Denmark",2018,0.06,0.07,"EA",3.709,0.72,15.43
"147","Graversen et al 2022","EG Randers Ungrazed","Randers","Randers Ungrazed","Ungrazed","Saltmarsh",56.60702,10.30823,"direct from dataset","1","Denmark",2018,0.07,0.08,"EA",3.061,0.82,15.3266666666667
"148","Graversen et al 2022","EG Randers Ungrazed","Randers","Randers Ungrazed","Ungrazed","Saltmarsh",56.60702,10.30823,"direct from dataset","1","Denmark",2018,0.08,0.09,"EA",2.934,0.69,13.78
"149","Graversen et al 2022","EG Randers Ungrazed","Randers","Randers Ungrazed","Ungrazed","Saltmarsh",56.60702,10.30823,"direct from dataset","1","Denmark",2018,0.09,0.1,"EA",1.619,0.94,11.64
"150","Graversen et al 2022","EG Randers Ungrazed","Randers","Randers Ungrazed","Ungrazed","Saltmarsh",56.60702,10.30823,"direct from dataset","1","Denmark",2018,0.1,0.12,"EA",1.523,1.11,5.86
"151","Graversen et al 2022","EG Randers Ungrazed","Randers","Randers Ungrazed","Ungrazed","Saltmarsh",56.60702,10.30823,"direct from dataset","1","Denmark",2018,0.12,0.14,"EA",1.952,1.05,6.99
"152","Graversen et al 2022","EG Randers Ungrazed","Randers","Randers Ungrazed","Ungrazed","Saltmarsh",56.60702,10.30823,"direct from dataset","1","Denmark",2018,0.14,0.16,"EA",0.742,1.20666666666667,3.64666666666667
"153","Graversen et al 2022","EG Randers Ungrazed","Randers","Randers Ungrazed","Ungrazed","Saltmarsh",56.60702,10.30823,"direct from dataset","1","Denmark",2018,0.16,0.18,"EA",1.019,1.14,4.25
"154","Graversen et al 2022","EG Randers Ungrazed","Randers","Randers Ungrazed","Ungrazed","Saltmarsh",56.60702,10.30823,"direct from dataset","1","Denmark",2018,0.18,0.2,"EA",0.313,1.27,2.76
"155","Graversen et al 2022","EG Randers Ungrazed","Randers","Randers Ungrazed","Ungrazed","Saltmarsh",56.60702,10.30823,"direct from dataset","1","Denmark",2018,0.2,0.22,"EA",2.033,1.11,6.67
"156","Graversen et al 2022","EG Randers Ungrazed","Randers","Randers Ungrazed","Ungrazed","Saltmarsh",56.60702,10.30823,"direct from dataset","1","Denmark",2018,0.22,0.24,"EA",0.764,1.2,5.17
"157","Graversen et al 2022","EG Randers Ungrazed","Randers","Randers Ungrazed","Ungrazed","Saltmarsh",56.60702,10.30823,"direct from dataset","1","Denmark",2018,0.24,0.26,"EA",0.669333333333333,1.21666666666667,3.80666666666667
"158","Graversen et al 2022","EG Randers Ungrazed","Randers","Randers Ungrazed","Ungrazed","Saltmarsh",56.60702,10.30823,"direct from dataset","1","Denmark",2018,0.26,0.28,"EA",0.29,1.25,1.98
"159","Graversen et al 2022","EG Randers Ungrazed","Randers","Randers Ungrazed","Ungrazed","Saltmarsh",56.60702,10.30823,"direct from dataset","1","Denmark",2018,0.28,0.3,"EA",0.708,1.06,5.71
"160","Graversen et al 2022","EG Randers Ungrazed","Randers","Randers Ungrazed","Ungrazed","Saltmarsh",56.60702,10.30823,"direct from dataset","1","Denmark",2018,0.3,0.32,"EA",0.631,1.19,3.16
"161","Graversen et al 2022","EG Randers Ungrazed","Randers","Randers Ungrazed","Ungrazed","Saltmarsh",56.60702,10.30823,"direct from dataset","1","Denmark",2018,0.32,0.34,"EA",0.517,1.28,2.18
"162","Graversen et al 2022","EG Randers Ungrazed","Randers","Randers Ungrazed","Ungrazed","Saltmarsh",56.60702,10.30823,"direct from dataset","1","Denmark",2018,0.34,0.36,"EA",0.288666666666667,1.22,2.57666666666667
"163","Graversen et al 2022","EG Randers Ungrazed","Randers","Randers Ungrazed","Ungrazed","Saltmarsh",56.60702,10.30823,"direct from dataset","1","Denmark",2018,0.36,0.38,"EA",0.672,1.18,3.6
"164","Graversen et al 2022","EG Randers Ungrazed","Randers","Randers Ungrazed","Ungrazed","Saltmarsh",56.60702,10.30823,"direct from dataset","1","Denmark",2018,0.38,0.4,"EA",0.39,1.2,3.55
"165","Graversen et al 2022","EG Randers Ungrazed","Randers","Randers Ungrazed","Ungrazed","Saltmarsh",56.60702,10.30823,"direct from dataset","1","Denmark",2018,0.4,0.42,"EA",0.22,1.26,4.14
"166","Graversen et al 2022","EG Randers Ungrazed","Randers","Randers Ungrazed","Ungrazed","Saltmarsh",56.60702,10.30823,"direct from dataset","1","Denmark",2018,0.42,0.46,"EA",0.627,1.06,3.08
"167","Graversen et al 2022","EG Randers Ungrazed","Randers","Randers Ungrazed","Ungrazed","Saltmarsh",56.60702,10.30823,"direct from dataset","1","Denmark",2018,0.46,0.5,"EA",1.758,1.07,6.14
"168","Graversen et al 2022","EG Randers Ungrazed","Randers","Randers Ungrazed","Ungrazed","Saltmarsh",56.60702,10.30823,"direct from dataset","1","Denmark",2018,0.5,0.54,"EA",1.094,1.07,8.59
"169","Graversen et al 2022","EG Randers Ungrazed","Randers","Randers Ungrazed","Ungrazed","Saltmarsh",56.60702,10.30823,"direct from dataset","1","Denmark",2018,0.54,0.58,"EA",0.502,1.26,3.32
"170","Graversen et al 2022","EG Randers Ungrazed","Randers","Randers Ungrazed","Ungrazed","Saltmarsh",56.60702,10.30823,"direct from dataset","1","Denmark",2018,0.58,0.62,"EA",0.148,1.27,1.55
"171","Graversen et al 2022","EG Randers Ungrazed","Randers","Randers Ungrazed","Ungrazed","Saltmarsh",56.60702,10.30823,"direct from dataset","1","Denmark",2018,0.62,0.66,"EA",0.104,1.25,0.98
"172","Graversen et al 2022","EG Randers Ungrazed","Randers","Randers Ungrazed","Ungrazed","Saltmarsh",56.60702,10.30823,"direct from dataset","1","Denmark",2018,0.66,0.7,"EA",0.1,1.16,0.83
"173","Graversen et al 2022","EG Randers Ungrazed","Randers","Randers Ungrazed","Ungrazed","Saltmarsh",56.60702,10.30823,"direct from dataset","1","Denmark",2018,0.7,0.71,"EA",0.118,1.17,0.99
