"","Source","Original_source","Site_name","Site","Plot","Habitat_type","Latitude","Longitude","accuracy_flag","accuracy_code","Country","Year_collected","U_depth_m","L_depth_m","Method","OC_perc_mean"
"1","Hu et al 2020","Shao et al 2017","MH China 33","Hangzhou Bay","China 33","Coastal wetland",30.34,121.19,"direct from dataset","2","China","2014",0,0.2,NA,0.467
"2","Hu et al 2020","Shao et al 2017a","MH China 44","Hangzhou Bay","China 44","Coastal wetland",30.34,121.19,"direct from dataset","2","China","2014",0,0.2,NA,0.504
"3","Hu et al 2020","Wang et al 2014","MH China 104","Hangzhou Bay","China 104","Coastal wetland",30.31,121.07,"direct from dataset","2","China","2013",0,0.2,NA,0.597
"4","Hu et al 2020","Wang et al 2014","MH China 105","Hangzhou Bay","China 105","Coastal wetland",30.3,121.08,"direct from dataset","2","China","2013",0,0.2,NA,0.589
"5","Hu et al 2020","Wang et al 2014","MH China 106","Hangzhou Bay","China 106","Coastal wetland",30.31,121.08,"direct from dataset","2","China","2013",0,0.2,NA,0.795
"6","Hu et al 2020","Wang et al 2014","MH China 107","Hangzhou Bay","China 107","Coastal wetland",30.32,121.07,"direct from dataset","2","China","2013",0,0.2,NA,0.652
"7","Hu et al 2020","Du et al 2014","MH China 120","Jiaozhou Bay","China 120","Coastal wetland",36.24,120.12,"direct from dataset","2","China","2009-2010",0,0.2,NA,1.018
"8","Hu et al 2020","Du et al 2015","MH China 121","Jiaozhou Bay","China 121","Coastal wetland",36.24,120.11,"direct from dataset","2","China","2009-2010",0,0.2,NA,0.872
"9","Hu et al 2020","Xie et al 2011","MH China 122","Jiaozhou Bay","China 122","Coastal wetland",36.17,120.17,"direct from dataset","2","China","2009-2012",0,0.2,NA,0.954
"10","Hu et al 2020","Chen et al 2017","MH China 6","Jiulong River Estuary","China 6","Coastal wetland",24.39,117.91,"direct from dataset","2","China","2013",0,0.2,NA,1.53
"11","Hu et al 2020","Chen et al 2018","MH China 7","Jiulong River Estuary","China 7","Coastal wetland",24.39,117.91,"direct from dataset","2","China","2013",0,0.2,NA,1.878
"12","Hu et al 2020","Wang et al 2016","MH China 90","Jiulong River Estuary","China 90","Coastal wetland",24.46,117.91,"direct from dataset","2","China","2011-2013",0,0.2,NA,1.125
"13","Hu et al 2020","Chang and Yan 2003","MH China 41","Kuan-du wetlaNA","China 41","Coastal wetland",25.12,120.45,"direct from dataset","2","China","1995-1999",0,0.2,NA,2.07
"14","Hu et al 2020","Olsson et al 2015","MH China 23","Liaohe Delta","China 23","Coastal wetland",40.87,121.61,"direct from dataset","2","China","2012",0,0.2,NA,0.53
"15","Hu et al 2020","Olsson et al 2015","MH China 24","Liaohe Delta","China 24","Coastal wetland",40.96,121.81,"direct from dataset","2","China","2012",0,0.2,NA,0.69
"16","Hu et al 2020","Olsson et al 2015","MH China 25","Liaohe Delta","China 25","Coastal wetland",40.87,121.6,"direct from dataset","2","China","2012",0,0.2,NA,1.67
"17","Hu et al 2020","Olsson et al 2015","MH China 26","Liaohe Delta","China 26","Coastal wetland",40.16,121.8,"direct from dataset","2","China","2012",0,0.2,NA,1.181
"18","Hu et al 2020","Huang et al 2005","MH China 37","Liaohe Delta","China 37","Coastal wetland",40.8,121.87,"direct from dataset","2","China","2003",0,0.2,NA,1.867
"19","Hu et al 2020","Huang et al 2001","MH China 114","Liaohe Delta","China 114","Coastal wetland",40.87,121.58,"direct from dataset","2","China","2013",0,0.2,NA,1.058
"20","Hu et al 2020","Ye et al 2016","MH China 186","Liaohe Delta","China 186","Coastal wetland",40.87,121.6,"direct from dataset","2","China","2012-2014",0,0.2,NA,1.125
"21","Hu et al 2020","Ye et al 2016","MH China 187","Liaohe Delta","China 187","Coastal wetland",40.87,121.61,"direct from dataset","2","China","2012-2014",0,0.2,NA,1.042
"22","Hu et al 2020","Wang et al 2012","MH China 119","Liaohe Estuary","China 119","Coastal wetland",40.82,121.83,"direct from dataset","2","China","2008",0,0.2,NA,0.843
"23","Hu et al 2020","Liu et al 2017","MH China 123","Liaohe Estuary","China 123","Coastal wetland",41.23,121.84,"direct from dataset","2","China","2016",0,0.2,NA,1.456
"24","Hu et al 2020","Liu et al 2017","MH China 124","Liaohe Estuary","China 124","Coastal wetland",40.93,121.83,"direct from dataset","2","China","2016",0,0.2,NA,0.754
"25","Hu et al 2020","Liu et al 2017","MH China 125","Liaohe Estuary","China 125","Coastal wetland",40.95,121.71,"direct from dataset","2","China","2016",0,0.2,NA,0.944
"26","Hu et al 2020","Liu et al 2017","MH China 126","Liaohe Estuary","China 126","Coastal wetland",40.93,121.83,"direct from dataset","2","China","2016",0,0.2,NA,0.754
"27","Hu et al 2020","Liu et al 2017","MH China 127","Liaohe Estuary","China 127","Coastal wetland",40.95,121.71,"direct from dataset","2","China","2016",0,0.2,NA,0.944
"28","Hu et al 2020","Tong et al.,2014","MH China 9","Min River Estuary","China 9","Coastal wetland",26.03,119.63,"direct from dataset","2","China","2009",0,0.2,NA,1.93
"29","Hu et al 2020","Tong et al.,2015","MH China 10","Min River Estuary","China 10","Coastal wetland",26.03,119.63,"direct from dataset","2","China","2009",0,0.2,NA,2.21
"30","Hu et al 2020","Tong et al.,2016","MH China 11","Min River Estuary","China 11","Coastal wetland",26.03,119.63,"direct from dataset","2","China","2009",0,0.2,NA,1.97
"31","Hu et al 2020","Hu et al 2017","MH China 17","Min River Estuary","China 17","Coastal wetland",26.06,119.58,"direct from dataset","2","China","2014-2015",0,0.2,NA,2.043
"32","Hu et al 2020","Tong et al 2012","MH China 34","Min River Estuary","China 34","Coastal wetland",26.03,119.63,"direct from dataset","2","China","2007-2009",0,0.2,NA,1.897
"33","Hu et al 2020","Tong et al 2012","MH China 35","Min River Estuary","China 35","Coastal wetland",26.03,119.63,"direct from dataset","2","China","2007-2009",0,0.2,NA,2.141
"34","Hu et al 2020","Tong et al 2012","MH China 36","Min River Estuary","China 36","Coastal wetland",26.03,119.63,"direct from dataset","2","China","2007-2009",0,0.2,NA,1.867
"35","Hu et al 2020","Tong et al 2010","MH China 38","Min River Estuary","China 38","Coastal wetland",26.03,119.63,"direct from dataset","2","China","2007",0,0.2,NA,1.867
"36","Hu et al 2020","Tong et al 2010","MH China 39","Min River Estuary","China 39","Coastal wetland",26.03,119.63,"direct from dataset","2","China","2007",0,0.2,NA,1.867
"37","Hu et al 2020","Tong et al 2010","MH China 40","Min River Estuary","China 40","Coastal wetland",26.03,119.63,"direct from dataset","2","China","2007",0,0.2,NA,1.867
"38","Hu et al 2020","Hu et al 2017a","MH China 49","Min River Estuary","China 49","Coastal wetland",25.96,119.41,"direct from dataset","2","China","2013-2014",0,0.2,NA,2.271
"39","Hu et al 2020","Hu et al 2017a","MH China 50","Min River Estuary","China 50","Coastal wetland",26.03,119.63,"direct from dataset","2","China","2013-2014",0,0.2,NA,2.103
"40","Hu et al 2020","Mou et al 2014","MH China 51","Min River Estuary","China 51","Coastal wetland",26.03,119.62,"direct from dataset","2","China","2011",0,0.2,NA,2.143
"41","Hu et al 2020","Mou et al 2014","MH China 52","Min River Estuary","China 52","Coastal wetland",26.03,119.62,"direct from dataset","2","China","2011",0,0.2,NA,1.893
"42","Hu et al 2020","Wang et al 2018","MH China 67","Min River Estuary","China 67","Coastal wetland",25.96,119.41,"direct from dataset","2","China","2013-2014",0,0.2,NA,1.936
"43","Hu et al 2020","Wang et al 2018","MH China 68","Min River Estuary","China 68","Coastal wetland",26.03,119.63,"direct from dataset","2","China","2013-2014",0,0.2,NA,1.969
"44","Hu et al 2020","Mou et al 2018","MH China 69","Min River Estuary","China 69","Coastal wetland",26.03,119.63,"direct from dataset","2","China","2011",0,0.2,NA,2.048
"45","Hu et al 2020","Mou et al 2018","MH China 70","Min River Estuary","China 70","Coastal wetland",26.03,119.63,"direct from dataset","2","China","2011",0,0.2,NA,2.117
"46","Hu et al 2020","Yang et al 2018","MH China 91","Min River Estuary","China 91","Coastal wetland",26.03,119.63,"direct from dataset","2","China","2008-2009",0,0.2,NA,2.011
"47","Hu et al 2020","Yang et al 2018","MH China 92","Min River Estuary","China 92","Coastal wetland",26.03,119.63,"direct from dataset","2","China","2008-2009",0,0.2,NA,2.036
"48","Hu et al 2020","Yang et al 2018","MH China 93","Min River Estuary","China 93","Coastal wetland",26.03,119.63,"direct from dataset","2","China","2008-2009",0,0.2,NA,2.165
"49","Hu et al 2020","Yang et al 2018","MH China 94","Min River Estuary","China 94","Coastal wetland",26.03,119.63,"direct from dataset","2","China","2008-2009",0,0.2,NA,2.089
"50","Hu et al 2020","Yang et al 2018","MH China 95","Min River Estuary","China 95","Coastal wetland",26.03,119.63,"direct from dataset","2","China","2008-2009",0,0.2,NA,2.145
"51","Hu et al 2020","Yang et al 2018","MH China 96","Min River Estuary","China 96","Coastal wetland",26.03,119.63,"direct from dataset","2","China","2008-2009",0,0.2,NA,2.365
"52","Hu et al 2020","Tong et al 2018","MH China 97","Min River Estuary","China 97","Coastal wetland",26.03,119.63,"direct from dataset","2","China","2012-2013",0,0.2,NA,1.93
"53","Hu et al 2020","Tong et al 2018","MH China 98","Min River Estuary","China 98","Coastal wetland",26.03,119.63,"direct from dataset","2","China","2012-2013",0,0.2,NA,1.971
"54","Hu et al 2020","Tong et al 2010","MH China 128","Min River Estuary","China 128","Coastal wetland",26.03,119.63,"direct from dataset","2","China","2007",0,0.2,NA,1.998
"55","Hu et al 2020","Tong et al 2010","MH China 129","Min River Estuary","China 129","Coastal wetland",26.03,119.63,"direct from dataset","2","China","2007",0,0.2,NA,2.056
"56","Hu et al 2020","Tong et al 2010","MH China 130","Min River Estuary","China 130","Coastal wetland",26.03,119.63,"direct from dataset","2","China","2007",0,0.2,NA,2.236
"57","Hu et al 2020","Tong et al 2010","MH China 131","Min River Estuary","China 131","Coastal wetland",26.03,119.63,"direct from dataset","2","China","2007",0,0.2,NA,2.356
"58","Hu et al 2020","Wan et al 2015","MH China 132","Min River Estuary","China 132","Coastal wetland",26.03,119.62,"direct from dataset","2","China","2013",0,0.2,NA,2.136
"59","Hu et al 2020","Wan et al 2015","MH China 133","Min River Estuary","China 133","Coastal wetland",26.03,119.62,"direct from dataset","2","China","2013",0,0.2,NA,2.312
"60","Hu et al 2020","Tong et al 2011","MH China 134","Min River Estuary","China 134","Coastal wetland",26.03,119.63,"direct from dataset","2","China","2009",0,0.2,NA,1.921
"61","Hu et al 2020","Tong et al 2011","MH China 135","Min River Estuary","China 135","Coastal wetland",26.03,119.63,"direct from dataset","2","China","2009",0,0.2,NA,2.093
"62","Hu et al 2020","Tong et al 2011","MH China 136","Min River Estuary","China 136","Coastal wetland",26.03,119.63,"direct from dataset","2","China","2009",0,0.2,NA,1.948
"63","Hu et al 2020","Tong et al 2011","MH China 137","Min River Estuary","China 137","Coastal wetland",26.03,119.63,"direct from dataset","2","China","2009",0,0.2,NA,1.921
"64","Hu et al 2020","Tong et al 2011","MH China 138","Min River Estuary","China 138","Coastal wetland",26.03,119.63,"direct from dataset","2","China","2009",0,0.2,NA,2.093
"65","Hu et al 2020","Tong et al 2011","MH China 139","Min River Estuary","China 139","Coastal wetland",26.03,119.63,"direct from dataset","2","China","2009",0,0.2,NA,1.948
"66","Hu et al 2020","Tong et al 2011","MH China 140","Min River Estuary","China 140","Coastal wetland",26.03,119.63,"direct from dataset","2","China","2009",0,0.2,NA,1.921
"67","Hu et al 2020","Tong et al 2011","MH China 141","Min River Estuary","China 141","Coastal wetland",26.03,119.63,"direct from dataset","2","China","2009",0,0.2,NA,2.093
"68","Hu et al 2020","Tong et al 2011","MH China 142","Min River Estuary","China 142","Coastal wetland",26.03,119.63,"direct from dataset","2","China","2009",0,0.2,NA,1.948
"69","Hu et al 2020","Zeng et al 2010","MH China 143","Min River Estuary","China 143","Coastal wetland",26.03,119.61,"direct from dataset","2","China","2007-2008",0,0.2,NA,1.954
"70","Hu et al 2020","Zeng et al 2010","MH China 144","Min River Estuary","China 144","Coastal wetland",26.03,119.61,"direct from dataset","2","China","2007-2008",0,0.2,NA,2.063
"71","Hu et al 2020","Zeng et al 2010","MH China 145","Min River Estuary","China 145","Coastal wetland",26.03,119.61,"direct from dataset","2","China","2007-2008",0,0.2,NA,2.043
"72","Hu et al 2020","Tan et al 2018","MH China 146","Min River Estuary","China 146","Coastal wetland",26.03,119.63,"direct from dataset","2","China","2016-2017",0,0.2,NA,1.858
"73","Hu et al 2020","Tong et al 2009","MH China 147","Min River Estuary","China 147","Coastal wetland",26.03,119.63,"direct from dataset","2","China","2007",0,0.2,NA,2.143
"74","Hu et al 2020","Tong et al 2009","MH China 148","Min River Estuary","China 148","Coastal wetland",26.03,119.63,"direct from dataset","2","China","2007",0,0.2,NA,2.011
"75","Hu et al 2020","Liu et al 2010","MH China 149","Min River Estuary","China 149","Coastal wetland",26.03,119.63,"direct from dataset","2","China","2008-2009",0,0.2,NA,2.321
"76","Hu et al 2020","Liu et al 2010","MH China 150","Min River Estuary","China 150","Coastal wetland",26.03,119.63,"direct from dataset","2","China","2008-2009",0,0.2,NA,1.97
"77","Hu et al 2020","Liu et al 2010","MH China 151","Min River Estuary","China 151","Coastal wetland",26.03,119.63,"direct from dataset","2","China","2008-2009",0,0.2,NA,2.533
"78","Hu et al 2020","Tong et al 2012","MH China 152","Min River Estuary","China 152","Coastal wetland",26.03,119.63,"direct from dataset","2","China","2008-2009",0,0.2,NA,2.21
"79","Hu et al 2020","Tong et al 2012","MH China 153","Min River Estuary","China 153","Coastal wetland",26.03,119.63,"direct from dataset","2","China","2008-2009",0,0.2,NA,2.21
"80","Hu et al 2020","Tong et al 2012","MH China 154","Min River Estuary","China 154","Coastal wetland",26.03,119.63,"direct from dataset","2","China","2008-2009",0,0.2,NA,2.21
"81","Hu et al 2020","He et al 2018","MH China 155","Min River Estuary","China 155","Coastal wetland",25.97,119.32,"direct from dataset","2","China","2015-2016",0,0.2,NA,2.042
"82","Hu et al 2020","Zhang et al 2018","MH China 156","Min River Estuary","China 156","Coastal wetland",25.97,119.32,"direct from dataset","2","China","2015-2016",0,0.2,NA,2.258
"83","Hu et al 2020","Rao et al 2018","MH China 169","Min River Estuary","China 169","Coastal wetland",26.04,119.6,"direct from dataset","2","China","2014",0,0.2,NA,2.347
"84","Hu et al 2020","Rao et al 2018","MH China 170","Min River Estuary","China 170","Coastal wetland",26.04,119.61,"direct from dataset","2","China","2014",0,0.2,NA,2.159
"85","Hu et al 2020","Tong et al 2012","MH China 178","Min River Estuary","China 178","Coastal wetland",26.03,119.63,"direct from dataset","2","China","2008-2009",0,0.2,NA,1.97
"86","Hu et al 2020","Tong et al 2012","MH China 179","Min River Estuary","China 179","Coastal wetland",26.03,119.63,"direct from dataset","2","China","2008-2009",0,0.2,NA,2.023
"87","Hu et al 2020","Tong et al 2012","MH China 180","Min River Estuary","China 180","Coastal wetland",26.03,119.63,"direct from dataset","2","China","2008-2009",0,0.2,NA,1.97
"88","Hu et al 2020","Tong et al 2008","MH China 181","Min River Estuary","China 181","Coastal wetland",26.03,119.63,"direct from dataset","2","China","2007",0,0.2,NA,2.083
"89","Hu et al 2020","Tong et al 2008","MH China 182","Min River Estuary","China 182","Coastal wetland",26.03,119.63,"direct from dataset","2","China","2007",0,0.2,NA,2.003
"90","Hu et al 2020","Tong et al 2008","MH China 183","Min River Estuary","China 183","Coastal wetland",26.03,119.63,"direct from dataset","2","China","2007",0,0.2,NA,2.163
"91","Hu et al 2020","Wang et al 2015","MH China 184","Min River Estuary","China 184","Coastal wetland",26.04,119.62,"direct from dataset","2","China","2007-2009",0,0.2,NA,1.93
"92","Hu et al 2020","Wang et al 2015","MH China 185","Min River Estuary","China 185","Coastal wetland",26.04,119.62,"direct from dataset","2","China","2007-2009",0,0.2,NA,2.206
"93","Hu et al 2020","Pan et al 2016","MH China 112","Taizhou coastal","China 112","Coastal wetland",28.9,121.55,"direct from dataset","2","China","2013",0,0.2,NA,0.453
"94","Hu et al 2020","Pan et al 2016","MH China 113","Taizhou coastal","China 113","Coastal wetland",28.63,121.52,"direct from dataset","2","China","2013",0,0.2,NA,0.619
"95","Hu et al 2020","Yuan et al 2015","MH China 18","Yancheng coastal","China 18","Coastal wetland",33.37,120.68,"direct from dataset","2","China","2012",0,0.2,NA,1.355
"96","Hu et al 2020","Yuan et al 2015","MH China 19","Yancheng coastal","China 19","Coastal wetland",33.37,120.68,"direct from dataset","2","China","2012",0,0.2,NA,0.542
"97","Hu et al 2020","Yuan et al 2015","MH China 20","Yancheng coastal","China 20","Coastal wetland",33.37,120.68,"direct from dataset","2","China","2012",0,0.2,NA,0.395
"98","Hu et al 2020","Yuan et al 2015","MH China 21","Yancheng coastal","China 21","Coastal wetland",33.37,120.68,"direct from dataset","2","China","2012",0,0.2,NA,0.188
"99","Hu et al 2020","Xu et al 2014","MH China 53","Yancheng coastal","China 53","Coastal wetland",33.61,120.61,"direct from dataset","2","China","2012-2013",0,0.2,NA,1.034
"100","Hu et al 2020","Xu et al 2014","MH China 54","Yancheng coastal","China 54","Coastal wetland",33.61,120.6,"direct from dataset","2","China","2012-2013",0,0.2,NA,0.328
"101","Hu et al 2020","Xu et al 2014","MH China 55","Yancheng coastal","China 55","Coastal wetland",33.6,120.58,"direct from dataset","2","China","2012-2013",0,0.2,NA,0.39
"102","Hu et al 2020","Wang and Wan 2017","MH China 75","Yancheng coastal","China 75","Coastal wetland",33.6,120.6,"direct from dataset","2","China","2013",0,0.2,NA,0.456
"103","Hu et al 2020","Wang and Wan 2017","MH China 76","Yancheng coastal","China 76","Coastal wetland",33.6,120.6,"direct from dataset","2","China","2013",0,0.2,NA,0.568
"104","Hu et al 2020","Wang and Wan 2017","MH China 77","Yancheng coastal","China 77","Coastal wetland",33.6,120.6,"direct from dataset","2","China","2013",0,0.2,NA,0.563
"105","Hu et al 2020","Wang and Wan 2017","MH China 78","Yancheng coastal","China 78","Coastal wetland",33.6,120.6,"direct from dataset","2","China","2013",0,0.2,NA,0.489
"106","Hu et al 2020","Yin et al 2015","MH China 83","Yancheng coastal","China 83","Coastal wetland",33.6,120.6,"direct from dataset","2","China","2011-2012",0,0.2,NA,0.042
"107","Hu et al 2020","Yin et al 2015","MH China 84","Yancheng coastal","China 84","Coastal wetland",33.62,120.62,"direct from dataset","2","China","2011-2012",0,0.2,NA,0.043
"108","Hu et al 2020","Yin et al 2015","MH China 85","Yancheng coastal","China 85","Coastal wetland",33.63,120.63,"direct from dataset","2","China","2011-2012",0,0.2,NA,0.123
"109","Hu et al 2020","Yan et al 2017","MH China 99","Yancheng coastal","China 99","Coastal wetland",30.63,120.63,"direct from dataset","2","China","2013",0,0.2,NA,0.935
"110","Hu et al 2020","Yan et al 2017","MH China 100","Yancheng coastal","China 100","Coastal wetland",30.61,120.62,"direct from dataset","2","China","2013",0,0.2,NA,0.258
"111","Hu et al 2020","Yan et al 2017","MH China 101","Yancheng coastal","China 101","Coastal wetland",30.6,120.59,"direct from dataset","2","China","2013",0,0.2,NA,0.341
"112","Hu et al 2020","Yan et al 2017","MH China 102","Yancheng coastal","China 102","Coastal wetland",30.66,120.67,"direct from dataset","2","China","2013",0,0.2,NA,0.698
"113","Hu et al 2020","Zhou et al 2009","MH China 108","Yancheng coastal","China 108","Coastal wetland",33.63,120.55,"direct from dataset","2","China","2005",0,0.2,NA,0.593
"114","Hu et al 2020","Zhou et al 2009","MH China 109","Yancheng coastal","China 109","Coastal wetland",33.67,120.62,"direct from dataset","2","China","2005",0,0.2,NA,0.158
"115","Hu et al 2020","Zhou et al 2009","MH China 110","Yancheng coastal","China 110","Coastal wetland",33.68,120.65,"direct from dataset","2","China","2005",0,0.2,NA,0.418
"116","Hu et al 2020","Zhou et al 2009","MH China 111","Yancheng coastal","China 111","Coastal wetland",33.7,120.67,"direct from dataset","2","China","2005",0,0.2,NA,0.044
"117","Hu et al 2020","Xu et al 2016","MH China 161","Yancheng coastal","China 161","Coastal wetland",33.57,120.63,"direct from dataset","2","China","2013-2014",0,0.2,NA,1.254
"118","Hu et al 2020","Xu et al 2016","MH China 162","Yancheng coastal","China 162","Coastal wetland",33.58,120.6,"direct from dataset","2","China","2013-2014",0,0.2,NA,1.105
"119","Hu et al 2020","Xu et al 2016","MH China 163","Yancheng coastal","China 163","Coastal wetland",33.61,120.55,"direct from dataset","2","China","2013-2014",0,0.2,NA,0.356
"120","Hu et al 2020","Xu et al 2016","MH China 164","Yancheng coastal","China 164","Coastal wetland",33.59,120.64,"direct from dataset","2","China","2013-2014",0,0.2,NA,0.887
"121","Hu et al 2020","Wang et al 2009","MH China 165","Yancheng coastal","China 165","Coastal wetland",33.59,120.64,"direct from dataset","2","China","2003-2004",0,0.2,NA,0.548
"122","Hu et al 2020","Wang et al 2009","MH China 166","Yancheng coastal","China 166","Coastal wetland",33.59,120.65,"direct from dataset","2","China","2003-2004",0,0.2,NA,0.641
"123","Hu et al 2020","Wang et al 2009","MH China 167","Yancheng coastal","China 167","Coastal wetland",33.59,120.65,"direct from dataset","2","China","2003-2004",0,0.2,NA,0.321
"124","Hu et al 2020","Wang et al 2009","MH China 168","Yancheng coastal","China 168","Coastal wetland",33.59,120.65,"direct from dataset","2","China","2003-2004",0,0.2,NA,0.458
"125","Hu et al 2020","Xu et al 2013","MH China 171","Yancheng coastal","China 171","Coastal wetland",33.6,120.58,"direct from dataset","2","China","2011",0,0.2,NA,0.957
"126","Hu et al 2020","Xu et al 2013","MH China 172","Yancheng coastal","China 172","Coastal wetland",33.6,120.57,"direct from dataset","2","China","2011",0,0.2,NA,0.143
"127","Hu et al 2020","Xu et al 2013","MH China 173","Yancheng coastal","China 173","Coastal wetland",33.61,120.6,"direct from dataset","2","China","2011",0,0.2,NA,0.067
"128","Hu et al 2020","Li et al 2018","MH China 8","Yangtze River Estuary","China 8","Coastal wetland",31.5,122.02,"direct from dataset","2","China","2012",0,0.2,NA,0.755
"129","Hu et al 2020","Yu et al 2012","MH China 12","Yangtze River Estuary","China 12","Coastal wetland",31.5,122.02,"direct from dataset","2","China","2004",0,0.2,NA,0.529
"130","Hu et al 2020","Bu et al 2015","MH China 13","Yangtze River Estuary","China 13","Coastal wetland",31.53,121.97,"direct from dataset","2","China","2008-2009",0,0.2,NA,0.52
"131","Hu et al 2020","Bu et al 2015","MH China 14","Yangtze River Estuary","China 14","Coastal wetland",31.53,121.97,"direct from dataset","2","China","2008-2009",0,0.2,NA,0.45
"132","Hu et al 2020","Bu et al 2015","MH China 15","Yangtze River Estuary","China 15","Coastal wetland",31.53,121.97,"direct from dataset","2","China","2009-2010",0,0.2,NA,0.43
"133","Hu et al 2020","Bu et al 2015","MH China 16","Yangtze River Estuary","China 16","Coastal wetland",31.53,121.97,"direct from dataset","2","China","2009-2010",0,0.2,NA,0.28
"134","Hu et al 2020","Sheng et al 2014","MH China 31","Yangtze River Estuary","China 31","Coastal wetland",31.5,121.97,"direct from dataset","2","China","2012",0,0.2,NA,0.539
"135","Hu et al 2020","Sheng et al 2014","MH China 32","Yangtze River Estuary","China 32","Coastal wetland",31.5,121.97,"direct from dataset","2","China","2012",0,0.2,NA,0.499
"136","Hu et al 2020","Wang et al 2009","MH China 42","Yangtze River Estuary","China 42","Coastal wetland",31.45,121.95,"direct from dataset","2","China","2004-2005",0,0.2,NA,0.398
"137","Hu et al 2020","Wang et al 2009","MH China 43","Yangtze River Estuary","China 43","Coastal wetland",31.45,121.95,"direct from dataset","2","China","2004-2005",0,0.2,NA,0.187
"138","Hu et al 2020","Cheng et al 2010","MH China 65","Yangtze River Estuary","China 65","Coastal wetland",31.17,122.02,"direct from dataset","2","China","2004",0,0.2,NA,0.632
"139","Hu et al 2020","Cheng et al 2010","MH China 66","Yangtze River Estuary","China 66","Coastal wetland",31.18,122.03,"direct from dataset","2","China","2004",0,0.2,NA,0.702
"140","Hu et al 2020","Bu et al 2018","MH China 79","Yangtze River Estuary","China 79","Coastal wetland",31.45,121.95,"direct from dataset","2","China","2008-2009",0,0.2,NA,0.707
"141","Hu et al 2020","Bu et al 2018","MH China 80","Yangtze River Estuary","China 80","Coastal wetland",31.46,121.96,"direct from dataset","2","China","2008-2009",0,0.2,NA,0.573
"142","Hu et al 2020","Bu et al 2018","MH China 81","Yangtze River Estuary","China 81","Coastal wetland",31.47,121.97,"direct from dataset","2","China","2009-2010",0,0.2,NA,0.552
"143","Hu et al 2020","Bu et al 2018","MH China 82","Yangtze River Estuary","China 82","Coastal wetland",31.48,121.98,"direct from dataset","2","China","2009-2010",0,0.2,NA,0.294
"144","Hu et al 2020","Hu et al 2014","MH China 103","Yangtze River Estuary","China 103","Coastal wetland",31.46,121.96,"direct from dataset","2","China","2012",0,0.2,NA,0.895
"145","Hu et al 2020","Li et al 2015","MH China 174","Yangtze River Estuary","China 174","Coastal wetland",31.5,122.05,"direct from dataset","2","China","2011",0,0.2,NA,0.842
"146","Hu et al 2020","Li et al 2015","MH China 175","Yangtze River Estuary","China 175","Coastal wetland",31.6,122.06,"direct from dataset","2","China","2011",0,0.2,NA,0.543
"147","Hu et al 2020","Yang et al 2006","MH China 176","Yangtze River Estuary","China 176","Coastal wetland",31.48,122.05,"direct from dataset","2","China","2004",0,0.2,NA,0.633
"148","Hu et al 2020","Yang et al 2006","MH China 177","Yangtze River Estuary","China 177","Coastal wetland",31.49,122.06,"direct from dataset","2","China","2004",0,0.2,NA,0.553
"149","Hu et al 2020","Chen et al 2018","MH China 2","Yellow River Delta","China 2","Coastal wetland",37.71,119.25,"direct from dataset","2","China","2013",0,0.2,NA,0.314
"150","Hu et al 2020","Chen et al 2018","MH China 3","Yellow River Delta","China 3","Coastal wetland",37.75,119.15,"direct from dataset","2","China","2013",0,0.2,NA,0.219
"151","Hu et al 2020","Chen et al 2018","MH China 4","Yellow River Delta","China 4","Coastal wetland",37.75,119.1,"direct from dataset","2","China","2013",0,0.2,NA,0.327
"152","Hu et al 2020","Chen et al 2018","MH China 5","Yellow River Delta","China 5","Coastal wetland",37.78,119.18,"direct from dataset","2","China","2013",0,0.2,NA,0.256
"153","Hu et al 2020","Song et al 2014","MH China 115","Yellow River Delta","China 115","Coastal wetland",37.79,118.91,"direct from dataset","2","China","2012",0,0.2,NA,0.461
"154","Hu et al 2020","Song et al 2014","MH China 116","Yellow River Delta","China 116","Coastal wetland",37.79,118.91,"direct from dataset","2","China","2012",0,0.2,NA,0.463
"155","Hu et al 2020","Song et al 2014","MH China 117","Yellow River Delta","China 117","Coastal wetland",37.8,118.91,"direct from dataset","2","China","2012",0,0.2,NA,0.454
"156","Hu et al 2020","Song et al 2014","MH China 118","Yellow River Delta","China 118","Coastal wetland",37.8,118.91,"direct from dataset","2","China","2012",0,0.2,NA,0.452
"157","Hu et al 2020","Song and Li 2016","MH China 1","Yellow River Estuary","China 1","Coastal wetland",38.01,118.97,"direct from dataset","2","China","2013",0,0.2,NA,0.457
"158","Hu et al 2020","Sun et al 2013","MH China 27","Yellow River Estuary","China 27","Coastal wetland",37.92,119.05,"direct from dataset","2","China","2009-2010",0,0.2,NA,0.453
"159","Hu et al 2020","Sun et al 2013","MH China 28","Yellow River Estuary","China 28","Coastal wetland",37.92,119.05,"direct from dataset","2","China","2009-2010",0,0.2,NA,0.458
"160","Hu et al 2020","Sun et al 2013","MH China 29","Yellow River Estuary","China 29","Coastal wetland",37.92,119.05,"direct from dataset","2","China","2009-2010",0,0.2,NA,0.452
"161","Hu et al 2020","Sun et al 2013","MH China 30","Yellow River Estuary","China 30","Coastal wetland",37.92,119.05,"direct from dataset","2","China","2009-2010",0,0.2,NA,0.464
"162","Hu et al 2020","Sun et al 2017","MH China 45","Yellow River Estuary","China 45","Coastal wetland",38.01,118.97,"direct from dataset","2","China","2011-2012",0,0.2,NA,0.476
"163","Hu et al 2020","Sun et al 2017","MH China 46","Yellow River Estuary","China 46","Coastal wetland",38.01,118.97,"direct from dataset","2","China","2011-2012",0,0.2,NA,0.621
"164","Hu et al 2020","Sun et al 2017","MH China 47","Yellow River Estuary","China 47","Coastal wetland",38.01,118.97,"direct from dataset","2","China","2011-2012",0,0.2,NA,0.539
"165","Hu et al 2020","Sun et al 2017","MH China 48","Yellow River Estuary","China 48","Coastal wetland",38.01,118.97,"direct from dataset","2","China","2011-2012",0,0.2,NA,0.545
"166","Hu et al 2020","Song et al 2018","MH China 56","Yellow River Estuary","China 56","Coastal wetland",38.01,118.97,"direct from dataset","2","China","2013-2014",0,0.2,NA,0.448
"167","Hu et al 2020","Sun et al 2013","MH China 57","Yellow River Estuary","China 57","Coastal wetland",37.8,119.23,"direct from dataset","2","China","2010-2011",0,0.2,NA,0.465
"168","Hu et al 2020","Sun et al 2013","MH China 58","Yellow River Estuary","China 58","Coastal wetland",37.8,119.23,"direct from dataset","2","China","2010-2011",0,0.2,NA,0.455
"169","Hu et al 2020","Sun et al 2013","MH China 59","Yellow River Estuary","China 59","Coastal wetland",37.8,119.23,"direct from dataset","2","China","2010-2011",0,0.2,NA,0.45
"170","Hu et al 2020","Sun et al 2013","MH China 60","Yellow River Estuary","China 60","Coastal wetland",37.8,119.23,"direct from dataset","2","China","2010-2011",0,0.2,NA,0.454
"171","Hu et al 2020","Zhang et al 2013","MH China 61","Yellow River Estuary","China 61","Coastal wetland",37.8,119.23,"direct from dataset","2","China","2012",0,0.2,NA,0.45
"172","Hu et al 2020","Zhang et al 2013","MH China 62","Yellow River Estuary","China 62","Coastal wetland",37.82,119.25,"direct from dataset","2","China","2012",0,0.2,NA,0.454
"173","Hu et al 2020","Zhang et al 2013","MH China 63","Yellow River Estuary","China 63","Coastal wetland",37.83,119.27,"direct from dataset","2","China","2012",0,0.2,NA,0.45
"174","Hu et al 2020","Zhang et al 2013","MH China 64","Yellow River Estuary","China 64","Coastal wetland",37.85,119.28,"direct from dataset","2","China","2012",0,0.2,NA,0.461
"175","Hu et al 2020","Sun et al 2018","MH China 71","Yellow River Estuary","China 71","Coastal wetland",37.8,119.18,"direct from dataset","2","China","2011-2012",0,0.2,NA,0.476
"176","Hu et al 2020","Sun et al 2018","MH China 72","Yellow River Estuary","China 72","Coastal wetland",37.8,119.18,"direct from dataset","2","China","2011-2012",0,0.2,NA,0.621
"177","Hu et al 2020","Sun et al 2018","MH China 73","Yellow River Estuary","China 73","Coastal wetland",37.8,119.18,"direct from dataset","2","China","2011-2012",0,0.2,NA,0.539
"178","Hu et al 2020","Sun et al 2018","MH China 74","Yellow River Estuary","China 74","Coastal wetland",37.8,119.18,"direct from dataset","2","China","2011-2012",0,0.2,NA,0.545
"179","Hu et al 2020","Sun et al 2014","MH China 86","Yellow River Estuary","China 86","Coastal wetland",37.81,119.09,"direct from dataset","2","China","2010-2011",0,0.2,NA,0.453
"180","Hu et al 2020","Sun et al 2014","MH China 87","Yellow River Estuary","China 87","Coastal wetland",37.81,119.09,"direct from dataset","2","China","2010-2011",0,0.2,NA,0.45
"181","Hu et al 2020","Sun et al 2014","MH China 88","Yellow River Estuary","China 88","Coastal wetland",37.81,119.1,"direct from dataset","2","China","2010-2011",0,0.2,NA,0.454
"182","Hu et al 2020","Sun et al 2014","MH China 89","Yellow River Estuary","China 89","Coastal wetland",37.81,119.1,"direct from dataset","2","China","2010-2011",0,0.2,NA,0.458
"183","Hu et al 2020","Jiang et al 2012","MH China 157","Yellow River Estuary","China 157","Coastal wetland",37.78,119.15,"direct from dataset","2","China","2009",0,0.2,NA,0.452
"184","Hu et al 2020","Jiang et al 2012","MH China 158","Yellow River Estuary","China 158","Coastal wetland",37.77,119.15,"direct from dataset","2","China","2009",0,0.2,NA,0.456
"185","Hu et al 2020","Jiang et al 2012","MH China 159","Yellow River Estuary","China 159","Coastal wetland",37.79,119.15,"direct from dataset","2","China","2009",0,0.2,NA,0.454
"186","Hu et al 2020","Jiang et al 2012","MH China 160","Yellow River Estuary","China 160","Coastal wetland",37.79,119.17,"direct from dataset","2","China","2009",0,0.2,NA,0.459
"187","Hu et al 2020","Gao et al 2018","MH China 22","Zhangjiang River Estuary","China 22","Coastal wetland",23.92,117.42,"direct from dataset","2","China","2014",0,0.2,NA,1.048
