"","Source","Site_name","Site","Habitat_type","Latitude","Longitude","accuracy_flag","accuracy_code","Country","Year_collected","U_depth_m","L_depth_m","Method","OC_perc","SOM_perc","BD_reported_g_cm3"
"1","Ruranska et al 2020","PR Aberlady Bay","Aberlady Bay","Salt marsh",56.022622,-2.869309,"direct from dataset","1","UK",2019,0,0.1,"EA",6.56,1.25,1.35
"2","Ruranska et al 2020","PR Aberlady Bay","Aberlady Bay","Salt marsh",56.022698,-2.869026,"direct from dataset","1","UK",2019,0,0.1,"EA",4.79,1.85,1.43
"3","Ruranska et al 2020","PR Aberlady Bay","Aberlady Bay","Salt marsh",56.023257,-2.868471,"direct from dataset","1","UK",2019,0,0.1,"EA",11.97,1.9,1.29
"4","Ruranska et al 2020","PR Aberlady Bay","Aberlady Bay","Salt marsh",56.02342,-2.868163,"direct from dataset","1","UK",2019,0,0.1,"EA",12.52,2.55,1.4
"5","Ruranska et al 2020","PR Aberlady Bay","Aberlady Bay","Salt marsh",56.023522,-2.867744,"direct from dataset","1","UK",2019,0,0.1,"EA",11.52,3.39,1.23
"6","Ruranska et al 2020","PR Annan","Annan","Salt marsh",54.9708,-3.2647,"direct from dataset","1","UK",2019,0,0.1,"EA",9.39,7.17,1.14
"7","Ruranska et al 2020","PR Annan","Annan","Salt marsh",54.9698,-3.2639,"direct from dataset","1","UK",2019,0,0.1,"EA",8.66,7.07,1.05
"8","Ruranska et al 2020","PR Annan","Annan","Salt marsh",54.9712,-3.2654,"direct from dataset","1","UK",2019,0,0.1,"EA",9.19,20.6,0.4
"9","Ruranska et al 2020","PR Annan","Annan","Salt marsh",54.9711,-3.2654,"direct from dataset","1","UK",2019,0,0.1,"EA",10.02,22.1,0.54
"10","Ruranska et al 2020","PR Annan","Annan","Salt marsh",54.9697,-3.2633,"direct from dataset","1","UK",2019,0,0.1,"EA",6.49,2.19,1.4
"11","Ruranska et al 2020","PR Ardelve","Ardelve","Salt marsh",57.28130278,-5.533855556,"direct from dataset","1","UK",2019,0,0.1,"EA",13.82,44.1,0.25
"12","Ruranska et al 2020","PR Ardelve","Ardelve","Salt marsh",57.2812,-5.533833333,"direct from dataset","1","UK",2019,0,0.1,"EA",18.23,36.49,0.24
"13","Ruranska et al 2020","PR Ardelve","Ardelve","Salt marsh",57.28144722,-5.53365,"direct from dataset","1","UK",2019,0,0.1,"EA",29.36,58.1,0.16
"14","Ruranska et al 2020","PR Ardelve","Ardelve","Salt marsh",57.28132222,-5.533666667,"direct from dataset","1","UK",2019,0,0.1,"EA",16.13,52.88,0.17
"15","Ruranska et al 2020","PR Ardelve","Ardelve","Salt marsh",57.28148611,-5.533491667,"direct from dataset","1","UK",2019,0,0.1,"EA",22.83,63.15,0.18
"16","Ruranska et al 2020","PR Ardmore","Ardmore","Salt marsh",55.973184,-4.6924957,"direct from dataset","1","UK",2019,0,0.1,"EA",23.35,30.54,0.37
"17","Ruranska et al 2020","PR Ardmore","Ardmore","Salt marsh",55.973241,-4.6924737,"direct from dataset","1","UK",2019,0,0.1,"EA",5.24,16.41,0.52
"18","Ruranska et al 2020","PR Ardmore","Ardmore","Salt marsh",55.973103,-4.6925247,"direct from dataset","1","UK",2019,0,0.1,"EA",21.69,57.93,0.22
"19","Ruranska et al 2020","PR Ardmore","Ardmore","Salt marsh",55.972979,-4.6925622,"direct from dataset","1","UK",2019,0,0.1,"EA",17.85,36.02,0.26
"20","Ruranska et al 2020","PR Ardmore","Ardmore","Salt marsh",55.97288,-4.6925864,"direct from dataset","1","UK",2019,0,0.1,"EA",16.95,52.48,0.23
"21","Ruranska et al 2020","PR Belhaven","Belhaven","Salt marsh",56.00373111,-2.6013844,"direct from dataset","1","UK",2018,0,0.1,"EA",7.18,NA,0.56
"22","Ruranska et al 2020","PR Belhaven","Belhaven","Salt marsh",56.00373111,-2.6013844,"direct from dataset","1","UK",2018,0,0.1,"EA",9.2,NA,0.45
"23","Ruranska et al 2020","PR Belhaven","Belhaven","Salt marsh",56.00373111,-2.6013844,"direct from dataset","1","UK",2018,0,0.1,"EA",8.51,NA,0.28
"24","Ruranska et al 2020","PR Belhaven","Belhaven","Salt marsh",56.00355049,-2.60121371,"direct from dataset","1","UK",2018,0,0.1,"EA",8.32,NA,0.28
"25","Ruranska et al 2020","PR Belhaven","Belhaven","Salt marsh",56.00355049,-2.60121371,"direct from dataset","1","UK",2018,0,0.1,"EA",7.93,NA,0.55
"26","Ruranska et al 2020","PR Belhaven","Belhaven","Salt marsh",56.00355049,-2.60121371,"direct from dataset","1","UK",2018,0,0.1,"EA",7.4,NA,0.54
"27","Ruranska et al 2020","PR Belhaven","Belhaven","Salt marsh",56.00337505,-2.60114122,"direct from dataset","1","UK",2018,0,0.1,"EA",13.26,NA,0.27
"28","Ruranska et al 2020","PR Belhaven","Belhaven","Salt marsh",56.00337505,-2.60114122,"direct from dataset","1","UK",2018,0,0.1,"EA",9.73,NA,0.3
"29","Ruranska et al 2020","PR Belhaven","Belhaven","Salt marsh",56.00337505,-2.60114122,"direct from dataset","1","UK",2018,0,0.1,"EA",8.15,NA,0.61
"30","Ruranska et al 2020","PR Belhaven","Belhaven","Salt marsh",56.00305859,-2.60098691,"direct from dataset","1","UK",2018,0,0.1,"EA",7.91,NA,0.43
"31","Ruranska et al 2020","PR Belhaven","Belhaven","Salt marsh",56.00305859,-2.60098691,"direct from dataset","1","UK",2018,0,0.1,"EA",7.76,NA,0.47
"32","Ruranska et al 2020","PR Belhaven","Belhaven","Salt marsh",56.00305859,-2.60098691,"direct from dataset","1","UK",2018,0,0.1,"EA",6.77,NA,0.7
"33","Ruranska et al 2020","PR Belhaven","Belhaven","Salt marsh",56.00283584,-2.600737,"direct from dataset","1","UK",2018,0,0.1,"EA",12.93,NA,0.3
"34","Ruranska et al 2020","PR Belhaven","Belhaven","Salt marsh",56.00283584,-2.600737,"direct from dataset","1","UK",2018,0,0.1,"EA",11.23,NA,0.35
"35","Ruranska et al 2020","PR Belhaven","Belhaven","Salt marsh",56.00283584,-2.600737,"direct from dataset","1","UK",2018,0,0.1,"EA",7.02,NA,0.77
"36","Ruranska et al 2020","PR Belhaven","Belhaven","Salt marsh",56.00241896,-2.60026555,"direct from dataset","1","UK",2018,0,0.1,"EA",10.02,NA,0.51
"37","Ruranska et al 2020","PR Belhaven","Belhaven","Salt marsh",56.00241896,-2.60026555,"direct from dataset","1","UK",2018,0,0.1,"EA",12.29,NA,0.44
"38","Ruranska et al 2020","PR Belhaven","Belhaven","Salt marsh",56.00241896,-2.60026555,"direct from dataset","1","UK",2018,0,0.1,"EA",8.89,NA,0.51
"39","Ruranska et al 2020","PR Belhaven","Belhaven","Salt marsh",56.00325372,-2.59876978,"direct from dataset","1","UK",2018,0,0.1,"EA",NA,NA,0.57
"40","Ruranska et al 2020","PR Belhaven","Belhaven","Salt marsh",56.00319275,-2.5989909,"direct from dataset","1","UK",2018,0,0.1,"EA",NA,NA,0.46
"41","Ruranska et al 2020","PR Belhaven","Belhaven","Salt marsh",56.00314484,-2.59941866,"direct from dataset","1","UK",2018,0,0.1,"EA",NA,NA,0.51
"42","Ruranska et al 2020","PR Belhaven","Belhaven","Salt marsh",56.00309173,-2.59983048,"direct from dataset","1","UK",2018,0,0.1,"EA",NA,NA,0.31
"43","Ruranska et al 2020","PR Belhaven","Belhaven","Salt marsh",56.00307417,-2.60026727,"direct from dataset","1","UK",2018,0,0.1,"EA",NA,NA,0.19
"44","Ruranska et al 2020","PR Belhaven","Belhaven","Salt marsh",56.00307417,-2.60026727,"direct from dataset","1","UK",2018,0,0.1,"EA",NA,NA,0.71
"45","Ruranska et al 2020","PR Belhaven","Belhaven","Salt marsh",56.00310657,-2.60085342,"direct from dataset","1","UK",2018,0,0.1,"EA",NA,NA,0.45
"46","Ruranska et al 2020","PR Belhaven","Belhaven","Salt marsh",56.00310657,-2.60085342,"direct from dataset","1","UK",2018,0,0.1,"EA",NA,NA,0.94
"47","Ruranska et al 2020","PR Belhaven","Belhaven","Salt marsh",56.00316974,-2.60141202,"direct from dataset","1","UK",2018,0,0.1,"EA",NA,NA,0.28
"48","Ruranska et al 2020","PR Belhaven","Belhaven","Salt marsh",56.00316974,-2.60141202,"direct from dataset","1","UK",2018,0,0.1,"EA",NA,NA,0.7
"49","Ruranska et al 2020","PR Belhaven","Belhaven","Salt marsh",56.00312718,-2.60187292,"direct from dataset","1","UK",2018,0,0.1,"EA",NA,NA,0.35
"50","Ruranska et al 2020","PR Belhaven","Belhaven","Salt marsh",56.00312718,-2.60187292,"direct from dataset","1","UK",2018,0,0.1,"EA",NA,NA,0.35
"51","Ruranska et al 2020","PR Belhaven","Belhaven","Salt marsh",56.00309109,-2.6020246,"direct from dataset","1","UK",2018,0,0.1,"EA",NA,NA,0.2
"52","Ruranska et al 2020","PR Belhaven","Belhaven","Salt marsh",56.00388108,-2.60157871,"direct from dataset","1","UK",2018,0,0.1,"EA",NA,NA,0.32
"53","Ruranska et al 2020","PR Belhaven","Belhaven","Salt marsh",56.00388108,-2.60157871,"direct from dataset","1","UK",2018,0,0.1,"EA",NA,NA,0.39
"54","Ruranska et al 2020","PR Belhaven","Belhaven","Salt marsh",56.00373111,-2.6013844,"direct from dataset","1","UK",2018,0,0.1,"EA",NA,NA,0.29
"55","Ruranska et al 2020","PR Belhaven","Belhaven","Salt marsh",56.00373111,-2.6013844,"direct from dataset","1","UK",2018,0,0.1,"EA",NA,NA,0.8
"56","Ruranska et al 2020","PR Belhaven","Belhaven","Salt marsh",56.00355049,-2.60121371,"direct from dataset","1","UK",2018,0,0.1,"EA",NA,NA,0.27
"57","Ruranska et al 2020","PR Belhaven","Belhaven","Salt marsh",56.00337505,-2.60114122,"direct from dataset","1","UK",2018,0,0.1,"EA",NA,NA,0.32
"58","Ruranska et al 2020","PR Belhaven","Belhaven","Salt marsh",56.00305859,-2.60098691,"direct from dataset","1","UK",2018,0,0.1,"EA",NA,NA,0.36
"59","Ruranska et al 2020","PR Belhaven","Belhaven","Salt marsh",56.00305859,-2.60098691,"direct from dataset","1","UK",2018,0,0.1,"EA",NA,NA,0.55
"60","Ruranska et al 2020","PR Belhaven","Belhaven","Salt marsh",56.00283584,-2.600737,"direct from dataset","1","UK",2018,0,0.1,"EA",NA,NA,0.18
"61","Ruranska et al 2020","PR Belhaven","Belhaven","Salt marsh",56.00265462,-2.60056717,"direct from dataset","1","UK",2018,0,0.1,"EA",NA,NA,0.21
"62","Ruranska et al 2020","PR Belhaven","Belhaven","Salt marsh",56.00265462,-2.60056717,"direct from dataset","1","UK",2018,0,0.1,"EA",NA,NA,0.51
"63","Ruranska et al 2020","PR Belhaven","Belhaven","Salt marsh",56.00241896,-2.60026555,"direct from dataset","1","UK",2018,0,0.1,"EA",NA,NA,0.3
"64","Ruranska et al 2020","PR Belhaven","Belhaven","Salt marsh",56.009254,-2.572521,"direct from dataset","1","UK",2018,0,0.1,"EA",0.6,NA,NA
"65","Ruranska et al 2020","PR Belhaven","Belhaven","Salt marsh",56.008256,-2.57163,"direct from dataset","1","UK",2018,0,0.1,"EA",0.39,NA,NA
"66","Ruranska et al 2020","PR Belhaven","Belhaven","Salt marsh",56.008142,-2.569925,"direct from dataset","1","UK",2018,0,0.1,"EA",0.69,NA,NA
"67","Ruranska et al 2020","PR Belhaven","Belhaven","Salt marsh",56.006219,-2.5683,"direct from dataset","1","UK",2018,0,0.1,"EA",0.45,NA,NA
"68","Ruranska et al 2020","PR Belhaven","Belhaven","Salt marsh",56.005111,-2.566979,"direct from dataset","1","UK",2018,0,0.1,"EA",1.32,NA,NA
"69","Ruranska et al 2020","PR Belhaven","Belhaven","Salt marsh",56.004328,-2.565323,"direct from dataset","1","UK",2018,0,0.1,"EA",0.77,NA,NA
"70","Ruranska et al 2020","PR Belhaven","Belhaven","Salt marsh",56.003884,-2.562017,"direct from dataset","1","UK",2018,0,0.1,"EA",0.47,NA,NA
"71","Ruranska et al 2020","PR Belhaven","Belhaven","Salt marsh",56.001625,-2.598591,"direct from dataset","1","UK",2018,0,0.1,"EA",0.96,NA,NA
"72","Ruranska et al 2020","PR Belhaven","Belhaven","Salt marsh",56.001909,-2.600013,"direct from dataset","1","UK",2018,0,0.1,"EA",6.05,NA,NA
"73","Ruranska et al 2020","PR Belhaven","Belhaven","Salt marsh",56.00177,-2.600683,"direct from dataset","1","UK",2018,0,0.1,"EA",6.95,NA,NA
"74","Ruranska et al 2020","PR Belhaven","Belhaven","Salt marsh",56.001546,-2.600974,"direct from dataset","1","UK",2018,0,0.1,"EA",6.54,NA,NA
"75","Ruranska et al 2020","PR Belhaven","Belhaven","Salt marsh",56.001444,-2.601098,"direct from dataset","1","UK",2018,0,0.1,"EA",7.31,NA,NA
"76","Ruranska et al 2020","PR Bogside Flats","Bogside Flats","Salt marsh",55.618858,-4.6842816,"direct from dataset","1","UK",2019,0,0.1,"EA",16.47,27.43,0.42
"77","Ruranska et al 2020","PR Bogside Flats","Bogside Flats","Salt marsh",55.618861,-4.6847677,"direct from dataset","1","UK",2019,0,0.1,"EA",14.79,22.97,0.57
"78","Ruranska et al 2020","PR Bogside Flats","Bogside Flats","Salt marsh",55.618862,-4.6841062,"direct from dataset","1","UK",2019,0,0.1,"EA",17.43,35.21,0.36
"79","Ruranska et al 2020","PR Bogside Flats","Bogside Flats","Salt marsh",55.618877,-4.6850279,"direct from dataset","1","UK",2019,0,0.1,"EA",16.29,24.43,0.55
"80","Ruranska et al 2020","PR Bogside Flats","Bogside Flats","Salt marsh",55.618855,-4.6844995,"direct from dataset","1","UK",2019,0,0.1,"EA",13.05,25.1,0.46
"81","Ruranska et al 2020","PR Burgh (Solway)","Burgh (Solway)","Salt marsh",54.923122,-3.0853725,"direct from dataset","1","UK",2019,0,0.1,"EA",10.53,19.53,0.73
"82","Ruranska et al 2020","PR Burgh (Solway)","Burgh (Solway)","Salt marsh",54.925459,-3.0863717,"direct from dataset","1","UK",2019,0,0.1,"EA",26.15,42.25,0.42
"83","Ruranska et al 2020","PR Burgh (Solway)","Burgh (Solway)","Salt marsh",54.927685,-3.0907387,"direct from dataset","1","UK",2019,0,0.1,"EA",16.33,31.83,0.45
"84","Ruranska et al 2020","PR Burgh (Solway)","Burgh (Solway)","Salt marsh",54.930157,-3.0906028,"direct from dataset","1","UK",2019,0,0.1,"EA",10.11,19.48,0.67
"85","Ruranska et al 2020","PR Burgh (Solway)","Burgh (Solway)","Salt marsh",54.932706,-3.0919828,"direct from dataset","1","UK",2019,0,0.1,"EA",2.21,3.65,1.17
"86","Ruranska et al 2020","PR Caerlaverock East","Caerlaverock East","Salt marsh",54.971146,-3.4762266,"direct from dataset","1","UK",2019,0,0.1,"EA",11.43,20.33,0.62
"87","Ruranska et al 2020","PR Caerlaverock East","Caerlaverock East","Salt marsh",54.972158,-3.475811,"direct from dataset","1","UK",2019,0,0.1,"EA",5.63,7.31,0.73
"88","Ruranska et al 2020","PR Caerlaverock East","Caerlaverock East","Salt marsh",54.96999,-3.4752625,"direct from dataset","1","UK",2019,0,0.1,"EA",10.74,24.24,0.43
"89","Ruranska et al 2020","PR Caerlaverock East","Caerlaverock East","Salt marsh",54.971778,-3.476781,"direct from dataset","1","UK",2019,0,0.1,"EA",12.87,25.94,0.44
"90","Ruranska et al 2020","PR Caerlaverock East","Caerlaverock East","Salt marsh",54.969268,-3.472549,"direct from dataset","1","UK",2019,0,0.1,"EA",1.06,3.14,1.2
"91","Ruranska et al 2020","PR Carthagena Bank","Carthagena Bank","Salt marsh",56.38500278,-3.194788889,"direct from dataset","1","UK",2019,0,0.1,"EA",3.32,11.4,0.68
"92","Ruranska et al 2020","PR Carthagena Bank","Carthagena Bank","Salt marsh",56.38565556,-3.197808333,"direct from dataset","1","UK",2019,0,0.1,"EA",8.85,16.76,0.69
"93","Ruranska et al 2020","PR Carthagena Bank","Carthagena Bank","Salt marsh",56.38466389,-3.193727778,"direct from dataset","1","UK",2019,0,0.1,"EA",7.01,13.58,0.52
"94","Ruranska et al 2020","PR Carthagena Bank","Carthagena Bank","Salt marsh",56.38430833,-3.192663889,"direct from dataset","1","UK",2019,0,0.1,"EA",5.12,8.96,0.71
"95","Ruranska et al 2020","PR Carthagena Bank","Carthagena Bank","Salt marsh",56.385475,-3.196341667,"direct from dataset","1","UK",2019,0,0.1,"EA",6.73,12.24,0.73
"96","Ruranska et al 2020","PR Cromarty Firth","Cromarty Firth","Salt marsh",57.583122,-4.421933,"direct from dataset","1","UK",2018,0,0.1,"EA",8.48,NA,NA
"97","Ruranska et al 2020","PR Cromarty Firth","Cromarty Firth","Salt marsh",57.582956,-4.421605,"direct from dataset","1","UK",2018,0,0.1,"EA",6.61,NA,NA
"98","Ruranska et al 2020","PR Cromarty Firth","Cromarty Firth","Salt marsh",57.582968,-4.421197,"direct from dataset","1","UK",2018,0,0.1,"EA",4.99,NA,NA
"99","Ruranska et al 2020","PR Cromarty Firth","Cromarty Firth","Salt marsh",57.582881,-4.421546,"direct from dataset","1","UK",2018,0,0.1,"EA",11.01,NA,NA
"100","Ruranska et al 2020","PR Cromarty Firth","Cromarty Firth","Salt marsh",57.582711,-4.421818,"direct from dataset","1","UK",2018,0,0.1,"EA",11.2,NA,NA
"101","Ruranska et al 2020","PR Cromarty Firth","Cromarty Firth","Salt marsh",57.582326,-4.420624,"direct from dataset","1","UK",2018,0,0.1,"EA",7.95,NA,NA
"102","Ruranska et al 2020","PR Culbin","Culbin","Salt marsh",57.604498,-3.813008,"direct from dataset","1","UK",2019,0,0.1,"EA",4.75,1.83,0.95
"103","Ruranska et al 2020","PR Culbin","Culbin","Salt marsh",57.604805,-3.813414,"direct from dataset","1","UK",2019,0,0.1,"EA",5.03,2.29,1.12
"104","Ruranska et al 2020","PR Culbin","Culbin","Salt marsh",57.605182,-3.813997,"direct from dataset","1","UK",2019,0,0.1,"EA",8.24,2.57,0.84
"105","Ruranska et al 2020","PR Culbin","Culbin","Salt marsh",57.605542,-3.814571,"direct from dataset","1","UK",2019,0,0.1,"EA",5.82,3.12,0.85
"106","Ruranska et al 2020","PR Culbin","Culbin","Salt marsh",57.605918,-3.815145,"direct from dataset","1","UK",2019,0,0.1,"EA",11.11,25.64,0.63
"107","Ruranska et al 2020","PR Culbin Bar","Culbin Bar","Salt marsh",57.615522,-3.7923312,"direct from dataset","1","UK",2019,0,0.1,"EA",15.98,45.78,0.24
"108","Ruranska et al 2020","PR Culbin Bar","Culbin Bar","Salt marsh",57.614853,-3.7913608,"direct from dataset","1","UK",2019,0,0.1,"EA",10.5,20.19,0.64
"109","Ruranska et al 2020","PR Culbin Bar","Culbin Bar","Salt marsh",57.61715,-3.7953414,"direct from dataset","1","UK",2019,0,0.1,"EA",2.95,5.11,1.02
"110","Ruranska et al 2020","PR Culbin Bar","Culbin Bar","Salt marsh",57.61652,-3.7941718,"direct from dataset","1","UK",2019,0,0.1,"EA",5.97,12.6,0.64
"111","Ruranska et al 2020","PR Culbin Bar","Culbin Bar","Salt marsh",57.616072,-3.7934968,"direct from dataset","1","UK",2019,0,0.1,"EA",5.9,8.69,0.82
"112","Ruranska et al 2020","PR Drynoch","Drynoch","Salt marsh",57.298505,-6.3152145,"direct from dataset","1","UK",2019,0,0.1,"EA",9.86,26.34,0.39
"113","Ruranska et al 2020","PR Drynoch","Drynoch","Salt marsh",57.298596,-6.3156904,"direct from dataset","1","UK",2019,0,0.1,"EA",17.1,20.68,0.44
"114","Ruranska et al 2020","PR Drynoch","Drynoch","Salt marsh",57.298464,-6.3140467,"direct from dataset","1","UK",2019,0,0.1,"EA",10.28,27.83,0.39
"115","Ruranska et al 2020","PR Drynoch","Drynoch","Salt marsh",57.298486,-6.3144481,"direct from dataset","1","UK",2019,0,0.1,"EA",11.82,25.83,0.39
"116","Ruranska et al 2020","PR Drynoch","Drynoch","Salt marsh",57.298518,-6.3148339,"direct from dataset","1","UK",2019,0,0.1,"EA",13.55,29.01,0.43
"117","Ruranska et al 2020","PR Dumbuck","Dumbuck","Salt marsh",55.93367778,-4.542894444,"direct from dataset","1","UK",2019,0,0.1,"EA",2.83,2.14,1.49
"118","Ruranska et al 2020","PR Dumbuck","Dumbuck","Salt marsh",55.93369167,-4.542925,"direct from dataset","1","UK",2019,0,0.1,"EA",3.28,2.25,1.38
"119","Ruranska et al 2020","PR Dumbuck","Dumbuck","Salt marsh",55.93360833,-4.542911111,"direct from dataset","1","UK",2019,0,0.1,"EA",2.02,1.94,1.52
"120","Ruranska et al 2020","PR Dumbuck","Dumbuck","Salt marsh",55.93364444,-4.5429,"direct from dataset","1","UK",2019,0,0.1,"EA",3.74,1.93,1.36
"121","Ruranska et al 2020","PR Dumbuck","Dumbuck","Salt marsh",55.93366111,-4.542886111,"direct from dataset","1","UK",2019,0,0.1,"EA",3.53,1.99,1.28
"122","Ruranska et al 2020","PR Eilean Dubh","Eilean Dubh","Salt marsh",58.510132,-4.691772,"direct from dataset","1","UK",2019,0,0.1,"EA",7.45,8.68,0.64
"123","Ruranska et al 2020","PR Eilean Dubh","Eilean Dubh","Salt marsh",58.510253,-4.691964,"direct from dataset","1","UK",2019,0,0.1,"EA",5.33,9.67,0.9
"124","Ruranska et al 2020","PR Eilean Dubh","Eilean Dubh","Salt marsh",58.510343,-4.69217,"direct from dataset","1","UK",2019,0,0.1,"EA",11.75,26.94,0.54
"125","Ruranska et al 2020","PR Eilean Dubh","Eilean Dubh","Salt marsh",58.51055,-4.692405,"direct from dataset","1","UK",2019,0,0.1,"EA",9.77,33.26,0.4
"126","Ruranska et al 2020","PR Eilean Dubh","Eilean Dubh","Salt marsh",58.510673,-4.692606,"direct from dataset","1","UK",2019,0,0.1,"EA",5.93,16.78,0.74
"127","Ruranska et al 2020","PR Findhorn Bay","Findhorn Bay","Salt marsh",57.635415,-3.616523,"direct from dataset","1","UK",2018,0,0.1,"EA",14.62,NA,NA
"128","Ruranska et al 2020","PR Findhorn Bay","Findhorn Bay","Salt marsh",57.635225,-3.616319,"direct from dataset","1","UK",2018,0,0.1,"EA",19.7,NA,NA
"129","Ruranska et al 2020","PR Findhorn Bay","Findhorn Bay","Salt marsh",57.634782,-3.61636,"direct from dataset","1","UK",2018,0,0.1,"EA",15.79,NA,NA
"130","Ruranska et al 2020","PR Findhorn Bay","Findhorn Bay","Salt marsh",57.634553,-3.616469,"direct from dataset","1","UK",2018,0,0.1,"EA",3.45,NA,NA
"131","Ruranska et al 2020","PR Findhorn Bay","Findhorn Bay","Salt marsh",57.635451,-3.614665,"direct from dataset","1","UK",2018,0,0.1,"EA",14.62,NA,NA
"132","Ruranska et al 2020","PR Findhorn Bay","Findhorn Bay","Salt marsh",57.635398,-3.614507,"direct from dataset","1","UK",2018,0,0.1,"EA",15.4,NA,NA
"133","Ruranska et al 2020","PR Findhorn Bay","Findhorn Bay","Salt marsh",57.635303,-3.614329,"direct from dataset","1","UK",2018,0,0.1,"EA",16.01,NA,NA
"134","Ruranska et al 2020","PR Findhorn Bay","Findhorn Bay","Salt marsh",57.635228,-3.61417,"direct from dataset","1","UK",2018,0,0.1,"EA",3.81,NA,NA
"135","Ruranska et al 2020","PR Findhorn Bay","Findhorn Bay","Salt marsh",57.635248,-3.61721,"direct from dataset","1","UK",2018,0,0.1,"EA",22.3,NA,NA
"136","Ruranska et al 2020","PR Findhorn Bay","Findhorn Bay","Salt marsh",57.634967,-3.617328,"direct from dataset","1","UK",2018,0,0.1,"EA",19.42,NA,NA
"137","Ruranska et al 2020","PR Findhorn Bay","Findhorn Bay","Salt marsh",57.634806,-3.61736,"direct from dataset","1","UK",2018,0,0.1,"EA",26.89,NA,NA
"138","Ruranska et al 2020","PR Findhorn Bay","Findhorn Bay","Salt marsh",57.639062,-3.5779237,"direct from dataset","1","UK",2019,0,0.1,"EA",15.7,53.61,0.3
"139","Ruranska et al 2020","PR Findhorn Bay","Findhorn Bay","Salt marsh",57.638868,-3.5810581,"direct from dataset","1","UK",2019,0,0.1,"EA",12.35,40.73,0.26
"140","Ruranska et al 2020","PR Findhorn Bay","Findhorn Bay","Salt marsh",57.638765,-3.5822328,"direct from dataset","1","UK",2019,0,0.1,"EA",8.28,12.32,1.1
"141","Ruranska et al 2020","PR Findhorn Bay","Findhorn Bay","Salt marsh",57.638919,-3.579966,"direct from dataset","1","UK",2019,0,0.1,"EA",26.52,47.48,0.26
"142","Ruranska et al 2020","PR Findhorn Bay","Findhorn Bay","Salt marsh",57.638995,-3.5788018,"direct from dataset","1","UK",2019,0,0.1,"EA",14.22,27.77,0.56
"143","Ruranska et al 2020","PR Glenelg","Glenelg","Salt marsh",57.216956,-5.6236562,"direct from dataset","1","UK",2019,0,0.1,"EA",24.07,48.35,0.28
"144","Ruranska et al 2020","PR Glenelg","Glenelg","Salt marsh",57.217342,-5.622733,"direct from dataset","1","UK",2019,0,0.1,"EA",17.74,35.49,0.38
"145","Ruranska et al 2020","PR Glenelg","Glenelg","Salt marsh",57.217181,-5.6230154,"direct from dataset","1","UK",2019,0,0.1,"EA",21.34,44.28,0.43
"146","Ruranska et al 2020","PR Glenelg","Glenelg","Salt marsh",57.217092,-5.623305,"direct from dataset","1","UK",2019,0,0.1,"EA",23.31,45.35,0.32
"147","Ruranska et al 2020","PR Gullane Sands","Gullane Sands","Salt marsh",56.015818,-2.855555,"direct from dataset","1","UK",2018,0,0.1,"EA",3.1,NA,NA
"148","Ruranska et al 2020","PR Gullane Sands","Gullane Sands","Salt marsh",56.015793,-2.85542,"direct from dataset","1","UK",2018,0,0.1,"EA",9.15,NA,NA
"149","Ruranska et al 2020","PR Gullane Sands","Gullane Sands","Salt marsh",56.016147,-2.855473,"direct from dataset","1","UK",2018,0,0.1,"EA",13.78,NA,NA
"150","Ruranska et al 2020","PR Gullane Sands","Gullane Sands","Salt marsh",56.016238,-2.855291,"direct from dataset","1","UK",2018,0,0.1,"EA",21.53,NA,NA
"151","Ruranska et al 2020","PR Gullane Sands","Gullane Sands","Salt marsh",56.015943,-2.855933,"direct from dataset","1","UK",2018,0,0.1,"EA",3.43,NA,NA
"152","Ruranska et al 2020","PR Gullane Sands","Gullane Sands","Salt marsh",56.016167,-2.855758,"direct from dataset","1","UK",2018,0,0.1,"EA",28.38,NA,NA
"153","Ruranska et al 2020","PR Gullane Sands","Gullane Sands","Salt marsh",56.016346,-2.855712,"direct from dataset","1","UK",2018,0,0.1,"EA",23.22,NA,NA
"154","Ruranska et al 2020","PR Gullane Sands","Gullane Sands","Salt marsh",56.016299,-2.85667,"direct from dataset","1","UK",2018,0,0.1,"EA",4.51,NA,NA
"155","Ruranska et al 2020","PR Gullane Sands","Gullane Sands","Salt marsh",56.016508,-2.856638,"direct from dataset","1","UK",2018,0,0.1,"EA",12.62,NA,NA
"156","Ruranska et al 2020","PR Gullane Sands","Gullane Sands","Salt marsh",56.016674,-2.856335,"direct from dataset","1","UK",2018,0,0.1,"EA",30.08,NA,NA
"157","Ruranska et al 2020","PR Harrapool","Harrapool","Salt marsh",57.239115,-5.8831049,"direct from dataset","1","UK",2019,0,0.1,"EA",15.7,53.29,0.19
"158","Ruranska et al 2020","PR Harrapool","Harrapool","Salt marsh",57.240159,-5.8842264,"direct from dataset","1","UK",2019,0,0.1,"EA",20.14,54.52,0.18
"159","Ruranska et al 2020","PR Harrapool","Harrapool","Salt marsh",57.239296,-5.8833396,"direct from dataset","1","UK",2019,0,0.1,"EA",12.64,21.52,0.29
"160","Ruranska et al 2020","PR Harrapool","Harrapool","Salt marsh",57.239548,-5.8836149,"direct from dataset","1","UK",2019,0,0.1,"EA",11.51,15.31,0.54
"161","Ruranska et al 2020","PR Harrapool","Harrapool","Salt marsh",57.239751,-5.8837688,"direct from dataset","1","UK",2019,0,0.1,"EA",14.91,36.36,0.31
"162","Ruranska et al 2020","PR Inverbroom","Inverbroom","Salt marsh",57.81650922,-5.071992389,"direct from dataset","1","UK",2019,0,0.1,"EA",11.47,33.72,0.34
"163","Ruranska et al 2020","PR Inverbroom","Inverbroom","Salt marsh",57.817041,-5.0725049,"direct from dataset","1","UK",2019,0,0.1,"EA",7.51,18.3,0.43
"164","Ruranska et al 2020","PR Inverbroom","Inverbroom","Salt marsh",57.81628417,-5.071705806,"direct from dataset","1","UK",2019,0,0.1,"EA",17.88,66.21,0.16
"165","Ruranska et al 2020","PR Inverbroom","Inverbroom","Salt marsh",57.81674192,-5.07223175,"direct from dataset","1","UK",2019,0,0.1,"EA",12.56,40.8,0.24
"166","Ruranska et al 2020","PR Inverbroom","Inverbroom","Salt marsh",57.81719206,-5.0727725,"direct from dataset","1","UK",2019,0,0.1,"EA",11.8,34.15,0.27
"167","Ruranska et al 2020","PR Isleornsay","Isleornsay","Salt marsh",57.144861,-5.8038413,"direct from dataset","1","UK",2019,0,0.1,"EA",26.66,61.77,0.17
"168","Ruranska et al 2020","PR Isleornsay","Isleornsay","Salt marsh",57.145603,-5.8030905,"direct from dataset","1","UK",2019,0,0.1,"EA",18.7,56.89,0.26
"169","Ruranska et al 2020","PR Isleornsay","Isleornsay","Salt marsh",57.14515,-5.8035235,"direct from dataset","1","UK",2019,0,0.1,"EA",16.25,28.5,0.29
"170","Ruranska et al 2020","PR Isleornsay","Isleornsay","Salt marsh",57.145874,-5.8027544,"direct from dataset","1","UK",2019,0,0.1,"EA",15.29,27.43,0.42
"171","Ruranska et al 2020","PR Isleornsay","Isleornsay","Salt marsh",57.146282,-5.8023497,"direct from dataset","1","UK",2019,0,0.1,"EA",24.6,59.19,0.19
"172","Ruranska et al 2020","PR Killilan","Killilan","Salt marsh",57.31668611,-5.443497222,"direct from dataset","1","UK",2019,0,0.1,"EA",10.98,11.47,0.55
"173","Ruranska et al 2020","PR Killilan","Killilan","Salt marsh",57.31704444,-5.442875,"direct from dataset","1","UK",2019,0,0.1,"EA",9.39,8.04,0.81
"174","Ruranska et al 2020","PR Killilan","Killilan","Salt marsh",57.31790833,-5.441713889,"direct from dataset","1","UK",2019,0,0.1,"EA",15.03,40.08,0.47
"175","Ruranska et al 2020","PR Killilan","Killilan","Salt marsh",57.31830278,-5.441125,"direct from dataset","1","UK",2019,0,0.1,"EA",15.41,42.3,0.29
"176","Ruranska et al 2020","PR Killilan","Killilan","Salt marsh",57.31750833,-5.442341667,"direct from dataset","1","UK",2019,0,0.1,"EA",14.43,34.02,0.26
"177","Ruranska et al 2020","PR Kinloch","Kinloch","Salt marsh",57.176314,-5.8043616,"direct from dataset","1","UK",2019,0,0.1,"EA",11.85,36.27,0.2
"178","Ruranska et al 2020","PR Kinloch","Kinloch","Salt marsh",57.177169,-5.8052442,"direct from dataset","1","UK",2019,0,0.1,"EA",25.67,74.36,0.17
"179","Ruranska et al 2020","PR Kinloch","Kinloch","Salt marsh",57.175744,-5.8035911,"direct from dataset","1","UK",2019,0,0.1,"EA",2.06,7.01,0.96
"180","Ruranska et al 2020","PR Kinloch","Kinloch","Salt marsh",57.176108,-5.8040424,"direct from dataset","1","UK",2019,0,0.1,"EA",6.93,22.96,0.42
"181","Ruranska et al 2020","PR Kinloch","Kinloch","Salt marsh",57.176549,-5.8046341,"direct from dataset","1","UK",2019,0,0.1,"EA",14.14,51.08,0.26
"182","Ruranska et al 2020","PR Kirkconnell","Kirkconnell","Salt marsh",54.9873,-3.5804,"direct from dataset","1","UK",2019,0,0.1,"EA",9.52,11.3,0.71
"183","Ruranska et al 2020","PR Kirkconnell","Kirkconnell","Salt marsh",54.9879,-3.5766,"direct from dataset","1","UK",2019,0,0.1,"EA",6.13,3.07,1.27
"184","Ruranska et al 2020","PR Kirkconnell","Kirkconnell","Salt marsh",54.9878,-3.5789,"direct from dataset","1","UK",2019,0,0.1,"EA",6.97,11.59,0.72
"185","Ruranska et al 2020","PR Kirkconnell","Kirkconnell","Salt marsh",54.9876,-3.5787,"direct from dataset","1","UK",2019,0,0.1,"EA",5.64,11.11,0.77
"186","Ruranska et al 2020","PR Kirkconnell","Kirkconnell","Salt marsh",54.988,-3.5767,"direct from dataset","1","UK",2019,0,0.1,"EA",3.46,4.84,1.11
"187","Ruranska et al 2020","PR Kirkton","Kirkton","Salt marsh",57.281682,-5.6016026,"direct from dataset","1","UK",2019,0,0.1,"EA",15.67,50.44,0.22
"188","Ruranska et al 2020","PR Kirkton","Kirkton","Salt marsh",57.280372,-5.6005781,"direct from dataset","1","UK",2019,0,0.1,"EA",24.88,53.5,0.2
"189","Ruranska et al 2020","PR Kirkton","Kirkton","Salt marsh",57.281435,-5.6014457,"direct from dataset","1","UK",2019,0,0.1,"EA",24.96,55.33,0.19
"190","Ruranska et al 2020","PR Kirkton","Kirkton","Salt marsh",57.28118,-5.6012381,"direct from dataset","1","UK",2019,0,0.1,"EA",20.07,47.38,0.2
"191","Ruranska et al 2020","PR Kirkton","Kirkton","Salt marsh",57.280891,-5.6009775,"direct from dataset","1","UK",2019,0,0.1,"EA",19.63,58.37,0.2
"192","Ruranska et al 2020","PR Kyle of Tongue","Kyle of Tongue","Salt marsh",58.4487,-4.47943,"direct from dataset","1","UK",2018,0,0.1,"EA",33.24,NA,NA
"193","Ruranska et al 2020","PR Kyle of Tongue","Kyle of Tongue","Salt marsh",58.44865,-4.47987,"direct from dataset","1","UK",2018,0,0.1,"EA",25.72,NA,NA
"194","Ruranska et al 2020","PR Kyle of Tongue","Kyle of Tongue","Salt marsh",58.44875,-4.4796,"direct from dataset","1","UK",2018,0,0.1,"EA",20.43,NA,NA
"195","Ruranska et al 2020","PR Kyle of Tongue","Kyle of Tongue","Salt marsh",58.44866,-4.48003,"direct from dataset","1","UK",2018,0,0.1,"EA",13.94,NA,NA
"196","Ruranska et al 2020","PR Kyle of Tongue","Kyle of Tongue","Salt marsh",58.44867,-4.48025,"direct from dataset","1","UK",2018,0,0.1,"EA",11.82,NA,NA
"197","Ruranska et al 2020","PR Kyle of Tongue","Kyle of Tongue","Salt marsh",58.44894,-4.47994,"direct from dataset","1","UK",2018,0,0.1,"EA",8.64,NA,NA
"198","Ruranska et al 2020","PR Kyle of Tongue","Kyle of Tongue","Salt marsh",58.44884,-4.4803,"direct from dataset","1","UK",2018,0,0.1,"EA",8.15,NA,NA
"199","Ruranska et al 2020","PR Kyle of Tongue","Kyle of Tongue","Salt marsh",58.44877,-4.48072,"direct from dataset","1","UK",2018,0,0.1,"EA",7.95,NA,NA
"200","Ruranska et al 2020","PR Kyle of Tongue","Kyle of Tongue","Salt marsh",58.44894,-4.48001,"direct from dataset","1","UK",2018,0,0.1,"EA",5.75,NA,NA
"201","Ruranska et al 2020","PR Kyle of Tongue","Kyle of Tongue","Salt marsh",58.44899,-4.48035,"direct from dataset","1","UK",2018,0,0.1,"EA",3.76,NA,NA
"202","Ruranska et al 2020","PR Kyle of Tongue","Kyle of Tongue","Salt marsh",58.44899,-4.48072,"direct from dataset","1","UK",2018,0,0.1,"EA",2,NA,NA
"203","Ruranska et al 2020","PR Kyleakin","Kyleakin","Salt marsh",57.269642,-5.7415352,"direct from dataset","1","UK",2019,0,0.1,"EA",22.72,NA,0.11
"204","Ruranska et al 2020","PR Kyleakin","Kyleakin","Salt marsh",57.269996,-5.7408244,"direct from dataset","1","UK",2019,0,0.1,"EA",18.81,50.1,0.26
"205","Ruranska et al 2020","PR Kyleakin","Kyleakin","Salt marsh",57.269692,-5.7413743,"direct from dataset","1","UK",2019,0,0.1,"EA",30.75,65.59,0.13
"206","Ruranska et al 2020","PR Kyleakin","Kyleakin","Salt marsh",57.269788,-5.7411849,"direct from dataset","1","UK",2019,0,0.1,"EA",26.22,58.91,0.26
"207","Ruranska et al 2020","PR Kyleakin","Kyleakin","Salt marsh",57.269864,-5.7410433,"direct from dataset","1","UK",2019,0,0.1,"EA",20.58,54.22,0.23
"208","Ruranska et al 2020","PR Little Loch Broom","Little Loch Broom","Salt marsh",57.8438,-5.222164,"direct from dataset","1","UK",2019,0,0.1,"EA",11.78,26.27,0.79
"209","Ruranska et al 2020","PR Little Loch Broom","Little Loch Broom","Salt marsh",57.843852,-5.221158,"direct from dataset","1","UK",2019,0,0.1,"EA",5.38,7.73,0.87
"210","Ruranska et al 2020","PR Little Loch Broom","Little Loch Broom","Salt marsh",57.843852,-5.2199,"direct from dataset","1","UK",2019,0,0.1,"EA",12.36,34.7,0.48
"211","Ruranska et al 2020","PR Little Loch Broom","Little Loch Broom","Salt marsh",57.843979,-5.218968,"direct from dataset","1","UK",2019,0,0.1,"EA",12.77,39.28,0.24
"212","Ruranska et al 2020","PR Little Loch Broom","Little Loch Broom","Salt marsh",57.844098,-5.217945,"direct from dataset","1","UK",2019,0,0.1,"EA",23.63,68.31,0.32
"213","Ruranska et al 2020","PR Little Loch Broom","Little Loch Broom","Salt marsh",57.843268,-5.223241,"direct from dataset","1","UK",2018,0,0.1,"EA",3.72,NA,NA
"214","Ruranska et al 2020","PR Little Loch Broom","Little Loch Broom","Salt marsh",57.843286,-5.222963,"direct from dataset","1","UK",2018,0,0.1,"EA",6.2,NA,NA
"215","Ruranska et al 2020","PR Little Loch Broom","Little Loch Broom","Salt marsh",57.843205,-5.222443,"direct from dataset","1","UK",2018,0,0.1,"EA",21.19,NA,NA
"216","Ruranska et al 2020","PR Little Loch Broom","Little Loch Broom","Salt marsh",57.842961,-5.221586,"direct from dataset","1","UK",2018,0,0.1,"EA",14.66,NA,NA
"217","Ruranska et al 2020","PR Little Loch Broom","Little Loch Broom","Salt marsh",57.842828,-5.22112,"direct from dataset","1","UK",2018,0,0.1,"EA",16.81,NA,NA
"218","Ruranska et al 2020","PR Little Loch Broom","Little Loch Broom","Salt marsh",57.842709,-5.220807,"direct from dataset","1","UK",2018,0,0.1,"EA",17.91,NA,NA
"219","Ruranska et al 2020","PR Little Loch Broom","Little Loch Broom","Salt marsh",57.842423,-5.220174,"direct from dataset","1","UK",2018,0,0.1,"EA",39.48,NA,NA
"220","Ruranska et al 2020","PR Little Loch Broom","Little Loch Broom","Salt marsh",57.844503,-5.221006,"direct from dataset","1","UK",2018,0,0.1,"EA",9.16,NA,NA
"221","Ruranska et al 2020","PR Little Loch Broom","Little Loch Broom","Salt marsh",57.844423,-5.220238,"direct from dataset","1","UK",2018,0,0.1,"EA",22.59,NA,NA
"222","Ruranska et al 2020","PR Little Loch Broom","Little Loch Broom","Salt marsh",57.844312,-5.218622,"direct from dataset","1","UK",2018,0,0.1,"EA",17.12,NA,NA
"223","Ruranska et al 2020","PR Little Loch Broom","Little Loch Broom","Salt marsh",57.844301,-5.217701,"direct from dataset","1","UK",2018,0,0.1,"EA",9.93,NA,NA
"224","Ruranska et al 2020","PR Loch Ainort","Loch Ainort","Salt marsh",57.269472,-6.082003,"direct from dataset","1","UK",2019,0,0.1,"EA",11.29,31.01,0.28
"225","Ruranska et al 2020","PR Loch Ainort","Loch Ainort","Salt marsh",57.269689,-6.081642,"direct from dataset","1","UK",2019,0,0.1,"EA",9.23,33.93,0.26
"226","Ruranska et al 2020","PR Loch Ainort","Loch Ainort","Salt marsh",57.269275,-6.082481,"direct from dataset","1","UK",2019,0,0.1,"EA",8.07,22.23,0.59
"227","Ruranska et al 2020","PR Loch Ainort","Loch Ainort","Salt marsh",57.270075,-6.081211,"direct from dataset","1","UK",2019,0,0.1,"EA",8.5,21.63,0.46
"228","Ruranska et al 2020","PR Loch Ainort","Loch Ainort","Salt marsh",57.269839,-6.081489,"direct from dataset","1","UK",2019,0,0.1,"EA",7.49,27.35,0.34
"229","Ruranska et al 2020","PR Loch Creran","Loch Creran","Salt marsh",56.55449,-5.24616,"direct from dataset","1","UK",2019,0,0.1,"EA",NA,55.82,0.19
"230","Ruranska et al 2020","PR Loch Creran","Loch Creran","Salt marsh",56.55498,-5.24569,"direct from dataset","1","UK",2019,0,0.1,"EA",NA,47.59,0.2
"231","Ruranska et al 2020","PR Loch Creran","Loch Creran","Salt marsh",56.55545,-5.24543,"direct from dataset","1","UK",2019,0,0.1,"EA",NA,53.72,0.31
"232","Ruranska et al 2020","PR Loch Creran","Loch Creran","Salt marsh",56.55473,-5.24593,"direct from dataset","1","UK",2019,0,0.1,"EA",NA,56.89,0.21
"233","Ruranska et al 2020","PR Loch Creran","Loch Creran","Salt marsh",56.55429,-5.24638,"direct from dataset","1","UK",2019,0,0.1,"EA",NA,51.49,0.18
"234","Ruranska et al 2020","PR Loch Crinan","Loch Crinan","Salt marsh",56.07567222,-5.528902778,"direct from dataset","1","UK",2019,0,0.1,"EA",25.47,59.23,0.27
"235","Ruranska et al 2020","PR Loch Crinan","Loch Crinan","Salt marsh",56.07571667,-5.529641667,"direct from dataset","1","UK",2019,0,0.1,"EA",22.76,46.74,0.24
"236","Ruranska et al 2020","PR Loch Crinan","Loch Crinan","Salt marsh",56.07571111,-5.528575,"direct from dataset","1","UK",2019,0,0.1,"EA",20.18,43.22,0.18
"237","Ruranska et al 2020","PR Loch Crinan","Loch Crinan","Salt marsh",56.08027222,-5.526916667,"direct from dataset","1","UK",2019,0,0.1,"EA",15.72,23.2,0.37
"238","Ruranska et al 2020","PR Loch Laich","Loch Laich","Salt marsh",56.567,-5.373,"direct from dataset","1","UK",2019,0,0.1,"EA",22.44,NA,0.49
"239","Ruranska et al 2020","PR Loch Laich","Loch Laich","Salt marsh",56.567,-5.72,"direct from dataset","1","UK",2019,0,0.1,"EA",21.96,NA,0.49
"240","Ruranska et al 2020","PR Loch Laich","Loch Laich","Salt marsh",56.566,-5.371,"direct from dataset","1","UK",2019,0,0.1,"EA",17.43,NA,0.46
"241","Ruranska et al 2020","PR Loch Laich","Loch Laich","Salt marsh",56.566,-5.369,"direct from dataset","1","UK",2019,0,0.1,"EA",28.71,NA,0.51
"242","Ruranska et al 2020","PR Loch Laich","Loch Laich","Salt marsh",56.565,-5.368,"direct from dataset","1","UK",2019,0,0.1,"EA",31.25,NA,0.76
"243","Ruranska et al 2020","PR Loch Laich","Loch Laich","Salt marsh",56.568,-5.374,"direct from dataset","1","UK",2019,0,0.1,"EA",18.68,NA,1.11
"244","Ruranska et al 2020","PR Loch Laich","Loch Laich","Salt marsh",56.563,-5.353,"direct from dataset","1","UK",2019,0,0.1,"EA",22.85,NA,1.53
"245","Ruranska et al 2020","PR Mugdrum Island","Mugdrum Island","Salt marsh",56.35589167,-3.269861111,"direct from dataset","1","UK",2019,0,0.1,"EA",4.33,11,0.74
"246","Ruranska et al 2020","PR Mugdrum Island","Mugdrum Island","Salt marsh",56.355,-3.269161111,"direct from dataset","1","UK",2019,0,0.1,"EA",7.22,17.96,0.59
"247","Ruranska et al 2020","PR Mugdrum Island","Mugdrum Island","Salt marsh",56.35615556,-3.27,"direct from dataset","1","UK",2019,0,0.1,"EA",7.32,16.6,0.55
"248","Ruranska et al 2020","PR Mugdrum Island","Mugdrum Island","Salt marsh",56.35640833,-3.270241667,"direct from dataset","1","UK",2019,0,0.1,"EA",6.33,10.87,0.63
"249","Ruranska et al 2020","PR Mugdrum Island","Mugdrum Island","Salt marsh",56.35559167,-3.269622222,"direct from dataset","1","UK",2019,0,0.1,"EA",9.34,23.15,0.36
"250","Ruranska et al 2020","PR Orchardton ","Orchardton ","Salt marsh",54.864041,-3.837925,"direct from dataset","1","UK",2018,0,0.1,"EA",8.61,NA,NA
"251","Ruranska et al 2020","PR Orchardton ","Orchardton ","Salt marsh",54.864282,-3.837796,"direct from dataset","1","UK",2018,0,0.1,"EA",9.4,NA,NA
"252","Ruranska et al 2020","PR Orchardton ","Orchardton ","Salt marsh",54.864467,-3.837721,"direct from dataset","1","UK",2018,0,0.1,"EA",11.03,NA,NA
"253","Ruranska et al 2020","PR Orchardton ","Orchardton ","Salt marsh",54.864671,-3.837657,"direct from dataset","1","UK",2018,0,0.1,"EA",11.37,NA,NA
"254","Ruranska et al 2020","PR Orchardton ","Orchardton ","Salt marsh",54.863288,-3.8387,"direct from dataset","1","UK",2018,0,0.1,"EA",3.03,NA,NA
"255","Ruranska et al 2020","PR Orchardton ","Orchardton ","Salt marsh",54.863568,-3.838679,"direct from dataset","1","UK",2018,0,0.1,"EA",2.92,NA,NA
"256","Ruranska et al 2020","PR Orchardton ","Orchardton ","Salt marsh",54.864277,-3.838516,"direct from dataset","1","UK",2018,0,0.1,"EA",5.96,NA,NA
"257","Ruranska et al 2020","PR Ruel Estuary","Ruel Estuary","Salt marsh",55.97992,-5.19187,"direct from dataset","1","UK",2019,0,0.1,"EA",10.05,28.31,0.97
"258","Ruranska et al 2020","PR Ruel Estuary","Ruel Estuary","Salt marsh",55.981027,-5.190082,"direct from dataset","1","UK",2019,0,0.1,"EA",11.39,12.01,0.42
"259","Ruranska et al 2020","PR Ruel Estuary","Ruel Estuary","Salt marsh",55.982092,-5.188974,"direct from dataset","1","UK",2019,0,0.1,"EA",14.14,17.32,0.38
"260","Ruranska et al 2020","PR Ruel Estuary","Ruel Estuary","Salt marsh",55.980541,-5.19085,"direct from dataset","1","UK",2019,0,0.1,"EA",7.03,11.78,0.23
"261","Ruranska et al 2020","PR Ruel Estuary","Ruel Estuary","Salt marsh",55.981553,-5.18964,"direct from dataset","1","UK",2019,0,0.1,"EA",11.39,33.54,0.12
"262","Ruranska et al 2020","PR Shell Bay","Shell Bay","Salt marsh",56.19777778,-2.873611111,"direct from dataset","1","UK",2019,0,0.1,"EA",10.87,22.3,0.53
"263","Ruranska et al 2020","PR Shell Bay","Shell Bay","Salt marsh",56.1975,-2.874444444,"direct from dataset","1","UK",2019,0,0.1,"EA",10.01,20.14,0.78
"264","Ruranska et al 2020","PR Skinflats","Skinflats","Salt marsh",56.05950139,-3.73652809,"direct from dataset","1","UK",2018,0,0.1,"EA",27.37,NA,0.36
"265","Ruranska et al 2020","PR Skinflats","Skinflats","Salt marsh",56.05950139,-3.73652809,"direct from dataset","1","UK",2018,0,0.1,"EA",13.08,NA,1.54
"266","Ruranska et al 2020","PR Skinflats","Skinflats","Salt marsh",56.05948028,-3.73607101,"direct from dataset","1","UK",2018,0,0.1,"EA",19.82,NA,0.37
"267","Ruranska et al 2020","PR Skinflats","Skinflats","Salt marsh",56.05948028,-3.73607101,"direct from dataset","1","UK",2018,0,0.1,"EA",28.23,NA,0.38
"268","Ruranska et al 2020","PR Skinflats","Skinflats","Salt marsh",56.05948028,-3.73607101,"direct from dataset","1","UK",2018,0,0.1,"EA",21.56,NA,0.4
"269","Ruranska et al 2020","PR Skinflats","Skinflats","Salt marsh",56.05955971,-3.73567427,"direct from dataset","1","UK",2018,0,0.1,"EA",9.03,NA,0.35
"270","Ruranska et al 2020","PR Skinflats","Skinflats","Salt marsh",56.05955971,-3.73567427,"direct from dataset","1","UK",2018,0,0.1,"EA",18.94,NA,0.55
"271","Ruranska et al 2020","PR Skinflats","Skinflats","Salt marsh",56.05963566,-3.73527176,"direct from dataset","1","UK",2018,0,0.1,"EA",15.4,NA,0.43
"272","Ruranska et al 2020","PR Skinflats","Skinflats","Salt marsh",56.05963566,-3.73527176,"direct from dataset","1","UK",2018,0,0.1,"EA",17.94,NA,0.37
"273","Ruranska et al 2020","PR Skinflats","Skinflats","Salt marsh",56.0597012,-3.73483229,"direct from dataset","1","UK",2018,0,0.1,"EA",18.55,NA,0.6
"274","Ruranska et al 2020","PR Skinflats","Skinflats","Salt marsh",56.0597012,-3.73483229,"direct from dataset","1","UK",2018,0,0.1,"EA",21.47,NA,0.52
"275","Ruranska et al 2020","PR Skinflats","Skinflats","Salt marsh",56.05979385,-3.73443448,"direct from dataset","1","UK",2018,0,0.1,"EA",13.75,NA,0.42
"276","Ruranska et al 2020","PR Skinflats","Skinflats","Salt marsh",56.05979385,-3.73443448,"direct from dataset","1","UK",2018,0,0.1,"EA",15.7,NA,0.33
"277","Ruranska et al 2020","PR Skinflats","Skinflats","Salt marsh",56.05991835,-3.73376683,"direct from dataset","1","UK",2018,0,0.1,"EA",12.37,NA,0.42
"278","Ruranska et al 2020","PR Skinflats","Skinflats","Salt marsh",56.05991835,-3.73376683,"direct from dataset","1","UK",2018,0,0.1,"EA",11.66,NA,0.47
"279","Ruranska et al 2020","PR Skinflats","Skinflats","Salt marsh",56.06000601,-3.73318537,"direct from dataset","1","UK",2018,0,0.1,"EA",8.73,NA,0.43
"280","Ruranska et al 2020","PR Skinflats","Skinflats","Salt marsh",56.06000601,-3.73318537,"direct from dataset","1","UK",2018,0,0.1,"EA",8.05,NA,0.49
"281","Ruranska et al 2020","PR Skinflats","Skinflats","Salt marsh",56.06000601,-3.73318537,"direct from dataset","1","UK",2018,0,0.1,"EA",8.35,NA,1.08
"282","Ruranska et al 2020","PR Skinflats","Skinflats","Salt marsh",56.06050567,-3.73574062,"direct from dataset","1","UK",2018,0,0.1,"EA",14.12,NA,0.46
"283","Ruranska et al 2020","PR Skinflats","Skinflats","Salt marsh",56.06050567,-3.73574062,"direct from dataset","1","UK",2018,0,0.1,"EA",23.45,NA,0.55
"284","Ruranska et al 2020","PR Skinflats","Skinflats","Salt marsh",56.06027758,-3.73554346,"direct from dataset","1","UK",2018,0,0.1,"EA",17.6,NA,0.21
"285","Ruranska et al 2020","PR Skinflats","Skinflats","Salt marsh",56.06027758,-3.73554346,"direct from dataset","1","UK",2018,0,0.1,"EA",20,NA,0.53
"286","Ruranska et al 2020","PR Skinflats","Skinflats","Salt marsh",56.06003894,-3.7354534,"direct from dataset","1","UK",2018,0,0.1,"EA",22.14,NA,0.47
"287","Ruranska et al 2020","PR Skinflats","Skinflats","Salt marsh",56.06003894,-3.7354534,"direct from dataset","1","UK",2018,0,0.1,"EA",20.46,NA,0.29
"288","Ruranska et al 2020","PR Skinflats","Skinflats","Salt marsh",56.05976751,-3.73535652,"direct from dataset","1","UK",2018,0,0.1,"EA",16.11,NA,0.22
"289","Ruranska et al 2020","PR Skinflats","Skinflats","Salt marsh",56.05976751,-3.73535652,"direct from dataset","1","UK",2018,0,0.1,"EA",21.7,NA,0.53
"290","Ruranska et al 2020","PR Skinflats","Skinflats","Salt marsh",56.05976751,-3.73535652,"direct from dataset","1","UK",2018,0,0.1,"EA",21.21,NA,0.38
"291","Ruranska et al 2020","PR Skinflats","Skinflats","Salt marsh",56.05951742,-3.73521524,"direct from dataset","1","UK",2018,0,0.1,"EA",22.95,NA,0.31
"292","Ruranska et al 2020","PR Skinflats","Skinflats","Salt marsh",56.05951742,-3.73521524,"direct from dataset","1","UK",2018,0,0.1,"EA",23.5,NA,0.5
"293","Ruranska et al 2020","PR Skinflats","Skinflats","Salt marsh",56.05951742,-3.73521524,"direct from dataset","1","UK",2018,0,0.1,"EA",18.08,NA,0.42
"294","Ruranska et al 2020","PR Skinflats","Skinflats","Salt marsh",56.0592236,-3.73508439,"direct from dataset","1","UK",2018,0,0.1,"EA",12.56,NA,0.4
"295","Ruranska et al 2020","PR Skinflats","Skinflats","Salt marsh",56.0592236,-3.73508439,"direct from dataset","1","UK",2018,0,0.1,"EA",16.64,NA,0.37
"296","Ruranska et al 2020","PR Skinflats","Skinflats","Salt marsh",56.05885753,-3.7349151,"direct from dataset","1","UK",2018,0,0.1,"EA",19.88,NA,0.35
"297","Ruranska et al 2020","PR Skinflats","Skinflats","Salt marsh",56.05885753,-3.7349151,"direct from dataset","1","UK",2018,0,0.1,"EA",17.01,NA,0.37
"298","Ruranska et al 2020","PR Skinflats","Skinflats","Salt marsh",56.05885753,-3.7349151,"direct from dataset","1","UK",2018,0,0.1,"EA",16.97,NA,1.02
"299","Ruranska et al 2020","PR Skinflats","Skinflats","Salt marsh",56.05855212,-3.73490081,"direct from dataset","1","UK",2018,0,0.1,"EA",18.62,NA,0.53
"300","Ruranska et al 2020","PR Skinflats","Skinflats","Salt marsh",56.05855212,-3.73490081,"direct from dataset","1","UK",2018,0,0.1,"EA",13.94,NA,0.63
"301","Ruranska et al 2020","PR Skinflats","Skinflats","Salt marsh",56.05827583,-3.73489983,"direct from dataset","1","UK",2018,0,0.1,"EA",15.33,NA,0.65
"302","Ruranska et al 2020","PR Skinflats","Skinflats","Salt marsh",56.05827583,-3.73489983,"direct from dataset","1","UK",2018,0,0.1,"EA",18.07,NA,0.58
"303","Ruranska et al 2020","PR Skinflats","Skinflats","Salt marsh",56.05827583,-3.73489983,"direct from dataset","1","UK",2018,0,0.1,"EA",27.25,NA,0.41
"304","Ruranska et al 2020","PR Skinflats","Skinflats","Salt marsh",56.05820937,-3.73657479,"direct from dataset","1","UK",2018,0,0.1,"EA",15.48,NA,0.41
"305","Ruranska et al 2020","PR Skinflats","Skinflats","Salt marsh",56.05820937,-3.73657479,"direct from dataset","1","UK",2018,0,0.1,"EA",20.11,NA,0.32
"306","Ruranska et al 2020","PR Skinflats","Skinflats","Salt marsh",56.05820937,-3.73657479,"direct from dataset","1","UK",2018,0,0.1,"EA",20.93,NA,0.81
"307","Ruranska et al 2020","PR Skinflats","Skinflats","Salt marsh",56.05824319,-3.73611366,"direct from dataset","1","UK",2018,0,0.1,"EA",19.25,NA,0.79
"308","Ruranska et al 2020","PR Skinflats","Skinflats","Salt marsh",56.05824319,-3.73611366,"direct from dataset","1","UK",2018,0,0.1,"EA",26.85,NA,0.5
"309","Ruranska et al 2020","PR Skinflats","Skinflats","Salt marsh",56.05826608,-3.73560109,"direct from dataset","1","UK",2018,0,0.1,"EA",19,NA,0.23
"310","Ruranska et al 2020","PR Skinflats","Skinflats","Salt marsh",56.05826608,-3.73560109,"direct from dataset","1","UK",2018,0,0.1,"EA",20.55,NA,0.33
"311","Ruranska et al 2020","PR Skinflats","Skinflats","Salt marsh",56.05833412,-3.73524314,"direct from dataset","1","UK",2018,0,0.1,"EA",19.58,NA,0.34
"312","Ruranska et al 2020","PR Skinflats","Skinflats","Salt marsh",56.05833412,-3.73524314,"direct from dataset","1","UK",2018,0,0.1,"EA",25.38,NA,0.4
"313","Ruranska et al 2020","PR Skinflats","Skinflats","Salt marsh",56.05833412,-3.73524314,"direct from dataset","1","UK",2018,0,0.1,"EA",109.7,NA,0.94
"314","Ruranska et al 2020","PR Skinflats","Skinflats","Salt marsh",56.05842156,-3.73481213,"direct from dataset","1","UK",2018,0,0.1,"EA",22.52,NA,0.48
"315","Ruranska et al 2020","PR Skinflats","Skinflats","Salt marsh",56.05842156,-3.73481213,"direct from dataset","1","UK",2018,0,0.1,"EA",16.79,NA,0.36
"316","Ruranska et al 2020","PR Skinflats","Skinflats","Salt marsh",56.05850606,-3.73428145,"direct from dataset","1","UK",2018,0,0.1,"EA",15.4,NA,0.65
"317","Ruranska et al 2020","PR Skinflats","Skinflats","Salt marsh",56.05850606,-3.73428145,"direct from dataset","1","UK",2018,0,0.1,"EA",22.26,NA,0.33
"318","Ruranska et al 2020","PR Skinflats","Skinflats","Salt marsh",56.05850606,-3.73428145,"direct from dataset","1","UK",2018,0,0.1,"EA",16.99,NA,0.67
"319","Ruranska et al 2020","PR Skinflats","Skinflats","Salt marsh",56.05858585,-3.73382602,"direct from dataset","1","UK",2018,0,0.1,"EA",16.24,NA,0.27
"320","Ruranska et al 2020","PR Skinflats","Skinflats","Salt marsh",56.05858585,-3.73382602,"direct from dataset","1","UK",2018,0,0.1,"EA",15.12,NA,0.49
"321","Ruranska et al 2020","PR Skinflats","Skinflats","Salt marsh",56.05868389,-3.73341419,"direct from dataset","1","UK",2018,0,0.1,"EA",13.89,NA,0.36
"322","Ruranska et al 2020","PR Skinflats","Skinflats","Salt marsh",56.05868389,-3.73341419,"direct from dataset","1","UK",2018,0,0.1,"EA",11.82,NA,0.8
"323","Ruranska et al 2020","PR Skinflats","Skinflats","Salt marsh",56.05868389,-3.73341419,"direct from dataset","1","UK",2018,0,0.1,"EA",11.39,NA,0.39
"324","Ruranska et al 2020","PR Skinflats","Skinflats","Salt marsh",56.05878385,-3.73290784,"direct from dataset","1","UK",2018,0,0.1,"EA",11.7,NA,0.68
"325","Ruranska et al 2020","PR Skinflats","Skinflats","Salt marsh",56.05732717,-3.73291779,"direct from dataset","1","UK",2018,0,0.1,"EA",11.54,NA,0.49
"326","Ruranska et al 2020","PR Skinflats","Skinflats","Salt marsh",56.05732717,-3.73291779,"direct from dataset","1","UK",2018,0,0.1,"EA",13.68,NA,0.51
"327","Ruranska et al 2020","PR Skinflats","Skinflats","Salt marsh",56.05732717,-3.73291779,"direct from dataset","1","UK",2018,0,0.1,"EA",13.28,NA,0.98
"328","Ruranska et al 2020","PR Skinflats","Skinflats","Salt marsh",56.05641861,-3.73270033,"direct from dataset","1","UK",2018,0,0.1,"EA",1.01,NA,0.58
"329","Ruranska et al 2020","PR Skinflats","Skinflats","Salt marsh",56.05641861,-3.73270033,"direct from dataset","1","UK",2018,0,0.1,"EA",20.76,NA,0.87
"330","Ruranska et al 2020","PR Skinflats","Skinflats","Salt marsh",56.05641861,-3.73270033,"direct from dataset","1","UK",2018,0,0.1,"EA",1.03,NA,0.56
"331","Ruranska et al 2020","PR Skinflats","Skinflats","Salt marsh",56.05407915,-3.73132878,"direct from dataset","1","UK",2018,0,0.1,"EA",14.73,NA,0.25
"332","Ruranska et al 2020","PR Skinflats","Skinflats","Salt marsh",56.05407915,-3.73132878,"direct from dataset","1","UK",2018,0,0.1,"EA",0.42,NA,0.42
"333","Ruranska et al 2020","PR Skinflats","Skinflats","Salt marsh",56.05407915,-3.73132878,"direct from dataset","1","UK",2018,0,0.1,"EA",0.93,NA,0.36
"334","Ruranska et al 2020","PR Sligachan","Sligachan","Salt marsh",57.298439,-6.161489,"direct from dataset","1","UK",2019,0,0.1,"EA",9.26,13.81,0.61
"335","Ruranska et al 2020","PR Sligachan","Sligachan","Salt marsh",57.298169,-6.161814,"direct from dataset","1","UK",2019,0,0.1,"EA",14.66,27.2,0.35
"336","Ruranska et al 2020","PR Sligachan","Sligachan","Salt marsh",57.297681,-6.162875,"direct from dataset","1","UK",2019,0,0.1,"EA",11.42,6.76,1.02
"337","Ruranska et al 2020","PR Sligachan","Sligachan","Salt marsh",57.297997,-6.162272,"direct from dataset","1","UK",2019,0,0.1,"EA",9.46,23.01,0.37
"338","Ruranska et al 2020","PR Sligachan","Sligachan","Salt marsh",57.297428,-6.163303,"direct from dataset","1","UK",2019,0,0.1,"EA",10.47,12.66,0.76
"339","Ruranska et al 2020","PR Southwick","Southwick","Salt marsh",54.886585,-3.686997,"direct from dataset","1","UK",2019,0,0.1,"EA",9.82,11.1,1
"340","Ruranska et al 2020","PR Southwick","Southwick","Salt marsh",54.886585,-3.686997,"direct from dataset","1","UK",2019,0,0.1,"EA",9.71,9.01,0.73
"341","Ruranska et al 2020","PR Southwick","Southwick","Salt marsh",54.887912,-3.683134,"direct from dataset","1","UK",2019,0,0.1,"EA",5.36,11.78,0.77
"342","Ruranska et al 2020","PR Southwick","Southwick","Salt marsh",54.887332,-3.683956,"direct from dataset","1","UK",2019,0,0.1,"EA",5.33,11.72,0.5
"343","Ruranska et al 2020","PR Southwick","Southwick","Salt marsh",54.888507,-3.681473,"direct from dataset","1","UK",2019,0,0.1,"EA",11.51,17.32,0.23
"344","Ruranska et al 2020","PR Southwick","Southwick","Salt marsh",54.882724,-3.694391,"direct from dataset","1","UK",2019,0,0.1,"EA",4.03,9.34,0.79
"345","Ruranska et al 2020","PR Southwick","Southwick","Salt marsh",54.882604,-3.694433,"direct from dataset","1","UK",2019,0,0.1,"EA",4.14,9.36,0.74
"346","Ruranska et al 2020","PR Southwick","Southwick","Salt marsh",54.882509,-3.694481,"direct from dataset","1","UK",2019,0,0.1,"EA",4.56,9.18,0.77
"347","Ruranska et al 2020","PR Southwick","Southwick","Salt marsh",54.882561,-3.694468,"direct from dataset","1","UK",2019,0,0.1,"EA",3.96,9.79,0.76
"348","Ruranska et al 2020","PR Southwick","Southwick","Salt marsh",54.882686,-3.694391,"direct from dataset","1","UK",2019,0,0.1,"EA",5.77,10.96,0.65
"349","Ruranska et al 2020","PR Steness","Steness","Salt marsh",58.9820215,-3.25202029,"direct from dataset","1","UK",2019,0,0.1,"EA",17.05,NA,0.4
"350","Ruranska et al 2020","PR Steness","Steness","Salt marsh",58.9820215,-3.25202029,"direct from dataset","1","UK",2019,0,0.1,"EA",23.25,NA,0.25
"351","Ruranska et al 2020","PR Steness","Steness","Salt marsh",58.9820215,-3.25202029,"direct from dataset","1","UK",2019,0,0.1,"EA",3.78,NA,0.51
"352","Ruranska et al 2020","PR Steness","Steness","Salt marsh",58.98202758,-3.2520751,"direct from dataset","1","UK",2019,0,0.1,"EA",6.63,NA,0.44
"353","Ruranska et al 2020","PR Steness","Steness","Salt marsh",58.98202758,-3.2520751,"direct from dataset","1","UK",2019,0,0.1,"EA",17.22,NA,0.73
"354","Ruranska et al 2020","PR Steness","Steness","Salt marsh",58.98202758,-3.2520751,"direct from dataset","1","UK",2019,0,0.1,"EA",8.83,NA,0.61
"355","Ruranska et al 2020","PR Steness","Steness","Salt marsh",58.98179247,-3.25199441,"direct from dataset","1","UK",2019,0,0.1,"EA",12.08,NA,0.5
"356","Ruranska et al 2020","PR Steness","Steness","Salt marsh",58.98179247,-3.25199441,"direct from dataset","1","UK",2019,0,0.1,"EA",3.48,NA,0.81
"357","Ruranska et al 2020","PR Steness","Steness","Salt marsh",58.98179247,-3.25199441,"direct from dataset","1","UK",2019,0,0.1,"EA",4.07,NA,0.6
"358","Ruranska et al 2020","PR Steness","Steness","Salt marsh",58.98213968,-3.25206989,"direct from dataset","1","UK",2019,0,0.1,"EA",6.57,NA,0.47
"359","Ruranska et al 2020","PR Steness","Steness","Salt marsh",58.98213968,-3.25206989,"direct from dataset","1","UK",2019,0,0.1,"EA",13.98,NA,0.25
"360","Ruranska et al 2020","PR Steness","Steness","Salt marsh",58.98213968,-3.25206989,"direct from dataset","1","UK",2019,0,0.1,"EA",5.4,NA,0.71
"361","Ruranska et al 2020","PR Steness","Steness","Salt marsh",58.98251577,-3.25325308,"direct from dataset","1","UK",2019,0,0.1,"EA",17.64,NA,0.43
"362","Ruranska et al 2020","PR Steness","Steness","Salt marsh",58.98251577,-3.25325308,"direct from dataset","1","UK",2019,0,0.1,"EA",20.65,NA,0.46
"363","Ruranska et al 2020","PR Steness","Steness","Salt marsh",58.98251577,-3.25325308,"direct from dataset","1","UK",2019,0,0.1,"EA",15.75,NA,0.58
"364","Ruranska et al 2020","PR Steness","Steness","Salt marsh",58.98251237,-3.25038367,"direct from dataset","1","UK",2019,0,0.1,"EA",24.73,NA,0.43
"365","Ruranska et al 2020","PR Steness","Steness","Salt marsh",58.98251237,-3.25038367,"direct from dataset","1","UK",2019,0,0.1,"EA",19.01,NA,0.45
"366","Ruranska et al 2020","PR Steness","Steness","Salt marsh",58.98251237,-3.25038367,"direct from dataset","1","UK",2019,0,0.1,"EA",3.73,NA,0.66
"367","Ruranska et al 2020","PR Steness","Steness","Salt marsh",58.9825273,-3.25021225,"direct from dataset","1","UK",2019,0,0.1,"EA",30.86,NA,0.3
"368","Ruranska et al 2020","PR Steness","Steness","Salt marsh",58.9825273,-3.25021225,"direct from dataset","1","UK",2019,0,0.1,"EA",41.56,NA,0.28
"369","Ruranska et al 2020","PR Steness","Steness","Salt marsh",58.9825273,-3.25021225,"direct from dataset","1","UK",2019,0,0.1,"EA",16.87,NA,0.26
"370","Ruranska et al 2020","PR Steness","Steness","Salt marsh",58.98186235,-3.249665,"direct from dataset","1","UK",2019,0,0.1,"EA",9.25,NA,0.54
"371","Ruranska et al 2020","PR Steness","Steness","Salt marsh",58.98186235,-3.249665,"direct from dataset","1","UK",2019,0,0.1,"EA",21,NA,0.33
"372","Ruranska et al 2020","PR Steness","Steness","Salt marsh",58.98186235,-3.249665,"direct from dataset","1","UK",2019,0,0.1,"EA",15.67,NA,0.33
"373","Ruranska et al 2020","PR Steness","Steness","Salt marsh",58.98202005,-3.24942635,"direct from dataset","1","UK",2019,0,0.1,"EA",14.91,NA,0.39
"374","Ruranska et al 2020","PR Steness","Steness","Salt marsh",58.98202005,-3.24942635,"direct from dataset","1","UK",2019,0,0.1,"EA",25.98,NA,0.17
"375","Ruranska et al 2020","PR Steness","Steness","Salt marsh",58.98202005,-3.24942635,"direct from dataset","1","UK",2019,0,0.1,"EA",29.04,NA,0.29
"376","Ruranska et al 2020","PR Steness","Steness","Salt marsh",58.9819483,-3.24822363,"direct from dataset","1","UK",2019,0,0.1,"EA",23.08,NA,0.45
"377","Ruranska et al 2020","PR Steness","Steness","Salt marsh",58.9819483,-3.24822363,"direct from dataset","1","UK",2019,0,0.1,"EA",22.52,NA,0.29
"378","Ruranska et al 2020","PR Steness","Steness","Salt marsh",58.9819483,-3.24822363,"direct from dataset","1","UK",2019,0,0.1,"EA",11.19,NA,0.38
"379","Ruranska et al 2020","PR Steness","Steness","Salt marsh",58.98165621,-3.24753733,"direct from dataset","1","UK",2019,0,0.1,"EA",20.89,NA,0.26
"380","Ruranska et al 2020","PR Steness","Steness","Salt marsh",58.98165621,-3.24753733,"direct from dataset","1","UK",2019,0,0.1,"EA",11.57,NA,0.29
"381","Ruranska et al 2020","PR Steness","Steness","Salt marsh",58.98165621,-3.24753733,"direct from dataset","1","UK",2019,0,0.1,"EA",13.58,NA,0.59
"382","Ruranska et al 2020","PR Steness","Steness","Salt marsh",58.98032507,-3.24664613,"direct from dataset","1","UK",2019,0,0.1,"EA",20.18,NA,0.22
"383","Ruranska et al 2020","PR Steness","Steness","Salt marsh",58.98032507,-3.24664613,"direct from dataset","1","UK",2019,0,0.1,"EA",16.29,NA,0.34
"384","Ruranska et al 2020","PR Steness","Steness","Salt marsh",58.98032507,-3.24664613,"direct from dataset","1","UK",2019,0,0.1,"EA",15.59,NA,0.28
"385","Ruranska et al 2020","PR Steness","Steness","Salt marsh",58.97976241,-3.24661769,"direct from dataset","1","UK",2019,0,0.1,"EA",11.71,NA,0.29
"386","Ruranska et al 2020","PR Steness","Steness","Salt marsh",58.97976241,-3.24661769,"direct from dataset","1","UK",2019,0,0.1,"EA",10.9,NA,0.2
"387","Ruranska et al 2020","PR Steness","Steness","Salt marsh",58.97976241,-3.24661769,"direct from dataset","1","UK",2019,0,0.1,"EA",7.48,NA,0.24
"388","Ruranska et al 2020","PR Steness","Steness","Salt marsh",58.97558212,-3.24739081,"direct from dataset","1","UK",2019,0,0.1,"EA",7.39,NA,0.39
"389","Ruranska et al 2020","PR Steness","Steness","Salt marsh",58.97558212,-3.24739081,"direct from dataset","1","UK",2019,0,0.1,"EA",13.36,NA,0.31
"390","Ruranska et al 2020","PR Steness","Steness","Salt marsh",58.97558212,-3.24739081,"direct from dataset","1","UK",2019,0,0.1,"EA",10.57,NA,0.38
"391","Ruranska et al 2020","PR Steness","Steness","Salt marsh",58.97517385,-3.24818768,"direct from dataset","1","UK",2019,0,0.1,"EA",7.39,NA,0.33
"392","Ruranska et al 2020","PR Steness","Steness","Salt marsh",58.97517385,-3.24818768,"direct from dataset","1","UK",2019,0,0.1,"EA",12.36,NA,0.24
"393","Ruranska et al 2020","PR Steness","Steness","Salt marsh",58.97517385,-3.24818768,"direct from dataset","1","UK",2019,0,0.1,"EA",3.69,NA,0.86
"394","Ruranska et al 2020","PR Steness","Steness","Salt marsh",58.9756462,-3.24974042,"direct from dataset","1","UK",2019,0,0.1,"EA",21.16,NA,0.15
"395","Ruranska et al 2020","PR Steness","Steness","Salt marsh",58.9756462,-3.24974042,"direct from dataset","1","UK",2019,0,0.1,"EA",7.48,NA,0.3
"396","Ruranska et al 2020","PR Steness","Steness","Salt marsh",58.9756462,-3.24974042,"direct from dataset","1","UK",2019,0,0.1,"EA",20.76,NA,0.18
"397","Ruranska et al 2020","PR Steness","Steness","Salt marsh",58.97687471,-3.24773226,"direct from dataset","1","UK",2019,0,0.1,"EA",5.18,NA,0.42
"398","Ruranska et al 2020","PR Steness","Steness","Salt marsh",58.97687471,-3.24773226,"direct from dataset","1","UK",2019,0,0.1,"EA",20.04,NA,0.28
"399","Ruranska et al 2020","PR Steness","Steness","Salt marsh",58.97687471,-3.24773226,"direct from dataset","1","UK",2019,0,0.1,"EA",25.01,NA,0.29
"400","Ruranska et al 2020","PR Tayport","Tayport","Salt marsh",56.439897,-2.859376,"direct from dataset","1","UK",2019,0,0.1,"EA",7.18,7.23,0.93
"401","Ruranska et al 2020","PR Tayport","Tayport","Salt marsh",56.439798,-2.859461,"direct from dataset","1","UK",2019,0,0.1,"EA",5.54,3.59,0.79
"402","Ruranska et al 2020","PR Tayport","Tayport","Salt marsh",56.439705,-2.859472,"direct from dataset","1","UK",2019,0,0.1,"EA",4.84,4.25,0.96
"403","Ruranska et al 2020","PR Tayport","Tayport","Salt marsh",56.439555,-2.859446,"direct from dataset","1","UK",2019,0,0.1,"EA",7.98,8.86,0.78
"404","Ruranska et al 2020","PR Tayport","Tayport","Salt marsh",56.439451,-2.859462,"direct from dataset","1","UK",2019,0,0.1,"EA",14.61,12.13,0.5
"405","Ruranska et al 2020","PR Torrin","Torrin","Salt marsh",57.227446,-6.0387766,"direct from dataset","1","UK",2019,0,0.1,"EA",28.87,76.68,0.21
"406","Ruranska et al 2020","PR Torrin","Torrin","Salt marsh",57.226461,-6.0383869,"direct from dataset","1","UK",2019,0,0.1,"EA",20.83,28.3,0.39
"407","Ruranska et al 2020","PR Torrin","Torrin","Salt marsh",57.227227,-6.0386034,"direct from dataset","1","UK",2019,0,0.1,"EA",24.37,62.62,0.21
"408","Ruranska et al 2020","PR Torrin","Torrin","Salt marsh",57.227022,-6.0385478,"direct from dataset","1","UK",2019,0,0.1,"EA",26.06,54.18,0.27
"409","Ruranska et al 2020","PR Torrin","Torrin","Salt marsh",57.226781,-6.0384883,"direct from dataset","1","UK",2019,0,0.1,"EA",25.97,44.08,0.28
"410","Ruranska et al 2020","PR Toscaig","Toscaig","Salt marsh",57.375369,-5.809573,"direct from dataset","1","UK",2019,0,0.1,"EA",8.41,31.86,0.53
"411","Ruranska et al 2020","PR Toscaig","Toscaig","Salt marsh",57.375598,-5.809452,"direct from dataset","1","UK",2019,0,0.1,"EA",13.38,28.8,0.49
"412","Ruranska et al 2020","PR Toscaig","Toscaig","Salt marsh",57.375825,-5.809313,"direct from dataset","1","UK",2019,0,0.1,"EA",15.91,29.14,0.38
"413","Ruranska et al 2020","PR Toscaig","Toscaig","Salt marsh",57.375998,-5.809144,"direct from dataset","1","UK",2019,0,0.1,"EA",18.12,35.86,0.53
"414","Ruranska et al 2020","PR Toscaig","Toscaig","Salt marsh",57.376213,-5.808966,"direct from dataset","1","UK",2019,0,0.1,"EA",12.32,38.13,0.47
"415","Ruranska et al 2020","PR Tyne Mouth","Tyne Mouth","Salt marsh",56.009437,-2.5916679,"direct from dataset","1","UK",2019,0,0.1,"EA",3.34,6.88,1.06
"416","Ruranska et al 2020","PR Tyne Mouth","Tyne Mouth","Salt marsh",56.00651,-2.5915692,"direct from dataset","1","UK",2019,0,0.1,"EA",7.77,20.61,0.48
"417","Ruranska et al 2020","PR Tyne Mouth","Tyne Mouth","Salt marsh",56.009752,-2.5918333,"direct from dataset","1","UK",2019,0,0.1,"EA",11.43,21.11,0.46
"418","Ruranska et al 2020","PR Tyne Mouth","Tyne Mouth","Salt marsh",56.00545,-2.5910984,"direct from dataset","1","UK",2019,0,0.1,"EA",8.55,19.66,0.52
"419","Ruranska et al 2020","PR Tyne Mouth","Tyne Mouth","Salt marsh",56.009861,-2.5919916,"direct from dataset","1","UK",2019,0,0.1,"EA",13.2,18.74,0.49
"420","Ruranska et al 2020","PR Waulkmill","Waulkmill","Salt marsh",58.942284,-3.0868522,"direct from dataset","1","UK",2019,0,0.1,"EA",13.5,40.64,0.22
"421","Ruranska et al 2020","PR Waulkmill","Waulkmill","Salt marsh",58.942102,-3.0871419,"direct from dataset","1","UK",2019,0,0.1,"EA",14.34,35.42,0.31
"422","Ruranska et al 2020","PR Waulkmill","Waulkmill","Salt marsh",58.941967,-3.0872245,"direct from dataset","1","UK",2019,0,0.1,"EA",17.37,38.1,0.36
"423","Ruranska et al 2020","PR Waulkmill","Waulkmill","Salt marsh",58.942139,-3.0869693,"direct from dataset","1","UK",2019,0,0.1,"EA",12.43,16.54,0.69
"424","Ruranska et al 2020","PR Waulkmill","Waulkmill","Salt marsh",58.942447,-3.0867009,"direct from dataset","1","UK",2019,0,0.1,"EA",19.24,56.42,0.24
"425","Ruranska et al 2020","PR Waulkmill","Waulkmill","Salt marsh",58.94207092,-3.08321368,"direct from dataset","1","UK",2019,0,0.1,"EA",23.86,NA,0.21
"426","Ruranska et al 2020","PR Waulkmill","Waulkmill","Salt marsh",58.94207092,-3.08321368,"direct from dataset","1","UK",2019,0,0.1,"EA",35.26,NA,0.15
"427","Ruranska et al 2020","PR Waulkmill","Waulkmill","Salt marsh",58.94207092,-3.08321368,"direct from dataset","1","UK",2019,0,0.1,"EA",32.99,NA,0.16
"428","Ruranska et al 2020","PR Waulkmill","Waulkmill","Salt marsh",58.94203208,-3.08368271,"direct from dataset","1","UK",2019,0,0.1,"EA",18.91,NA,0.15
"429","Ruranska et al 2020","PR Waulkmill","Waulkmill","Salt marsh",58.94203208,-3.08368271,"direct from dataset","1","UK",2019,0,0.1,"EA",24.82,NA,0.27
"430","Ruranska et al 2020","PR Waulkmill","Waulkmill","Salt marsh",58.94203208,-3.08368271,"direct from dataset","1","UK",2019,0,0.1,"EA",18.32,NA,0.26
"431","Ruranska et al 2020","PR Waulkmill","Waulkmill","Salt marsh",58.94198285,-3.08448606,"direct from dataset","1","UK",2019,0,0.1,"EA",16.29,NA,0.22
"432","Ruranska et al 2020","PR Waulkmill","Waulkmill","Salt marsh",58.94198285,-3.08448606,"direct from dataset","1","UK",2019,0,0.1,"EA",32.55,NA,0.3
"433","Ruranska et al 2020","PR Waulkmill","Waulkmill","Salt marsh",58.94198285,-3.08448606,"direct from dataset","1","UK",2019,0,0.1,"EA",16.63,NA,0.35
"434","Ruranska et al 2020","PR Waulkmill","Waulkmill","Salt marsh",58.9419294,-3.08520505,"direct from dataset","1","UK",2019,0,0.1,"EA",18.91,NA,0.23
"435","Ruranska et al 2020","PR Waulkmill","Waulkmill","Salt marsh",58.9419294,-3.08520505,"direct from dataset","1","UK",2019,0,0.1,"EA",14.11,NA,0.24
"436","Ruranska et al 2020","PR Waulkmill","Waulkmill","Salt marsh",58.9419294,-3.08520505,"direct from dataset","1","UK",2019,0,0.1,"EA",12.26,NA,0.29
"437","Ruranska et al 2020","PR Waulkmill","Waulkmill","Salt marsh",58.94194752,-3.08592804,"direct from dataset","1","UK",2019,0,0.1,"EA",5.86,NA,0.37
"438","Ruranska et al 2020","PR Waulkmill","Waulkmill","Salt marsh",58.94194752,-3.08592804,"direct from dataset","1","UK",2019,0,0.1,"EA",20.81,NA,0.3
"439","Ruranska et al 2020","PR Waulkmill","Waulkmill","Salt marsh",58.94194752,-3.08592804,"direct from dataset","1","UK",2019,0,0.1,"EA",6.38,NA,0.45
"440","Ruranska et al 2020","PR Waulkmill","Waulkmill","Salt marsh",58.94197364,-3.0864705,"direct from dataset","1","UK",2019,0,0.1,"EA",15.07,NA,0.2
"441","Ruranska et al 2020","PR Waulkmill","Waulkmill","Salt marsh",58.94197364,-3.0864705,"direct from dataset","1","UK",2019,0,0.1,"EA",13.82,NA,0.21
"442","Ruranska et al 2020","PR Waulkmill","Waulkmill","Salt marsh",58.94197364,-3.0864705,"direct from dataset","1","UK",2019,0,0.1,"EA",18.23,NA,0.32
"443","Ruranska et al 2020","PR Waulkmill","Waulkmill","Salt marsh",58.94191409,-3.08691878,"direct from dataset","1","UK",2019,0,0.1,"EA",8.41,NA,0.48
"444","Ruranska et al 2020","PR Waulkmill","Waulkmill","Salt marsh",58.94191409,-3.08691878,"direct from dataset","1","UK",2019,0,0.1,"EA",6.41,NA,0.32
"445","Ruranska et al 2020","PR Waulkmill","Waulkmill","Salt marsh",58.94191409,-3.08691878,"direct from dataset","1","UK",2019,0,0.1,"EA",3.79,NA,0.68
"446","Ruranska et al 2020","PR Waulkmill","Waulkmill","Salt marsh",58.94244145,-3.08718473,"direct from dataset","1","UK",2019,0,0.1,"EA",5.12,NA,0.49
"447","Ruranska et al 2020","PR Waulkmill","Waulkmill","Salt marsh",58.94244145,-3.08718473,"direct from dataset","1","UK",2019,0,0.1,"EA",7.2,NA,0.26
"448","Ruranska et al 2020","PR Waulkmill","Waulkmill","Salt marsh",58.94244145,-3.08718473,"direct from dataset","1","UK",2019,0,0.1,"EA",5.73,NA,0.36
"449","Ruranska et al 2020","PR Waulkmill","Waulkmill","Salt marsh",58.94269592,-3.08717548,"direct from dataset","1","UK",2019,0,0.1,"EA",17.94,NA,0.07
"450","Ruranska et al 2020","PR Waulkmill","Waulkmill","Salt marsh",58.94269592,-3.08717548,"direct from dataset","1","UK",2019,0,0.1,"EA",18.41,NA,0.07
"451","Ruranska et al 2020","PR Waulkmill","Waulkmill","Salt marsh",58.94269592,-3.08717548,"direct from dataset","1","UK",2019,0,0.1,"EA",15.72,NA,0.14
"452","Ruranska et al 2020","PR Waulkmill","Waulkmill","Salt marsh",58.94276905,-3.08898809,"direct from dataset","1","UK",2019,0,0.1,"EA",13.78,NA,0.26
"453","Ruranska et al 2020","PR Waulkmill","Waulkmill","Salt marsh",58.94276905,-3.08898809,"direct from dataset","1","UK",2019,0,0.1,"EA",9.65,NA,0.18
"454","Ruranska et al 2020","PR Waulkmill","Waulkmill","Salt marsh",58.94276905,-3.08898809,"direct from dataset","1","UK",2019,0,0.1,"EA",10.62,NA,0.35
"455","Ruranska et al 2020","PR Waulkmill","Waulkmill","Salt marsh",58.94264344,-3.08943883,"direct from dataset","1","UK",2019,0,0.1,"EA",9.72,NA,0.34
"456","Ruranska et al 2020","PR Waulkmill","Waulkmill","Salt marsh",58.94264344,-3.08943883,"direct from dataset","1","UK",2019,0,0.1,"EA",9.29,NA,0.33
"457","Ruranska et al 2020","PR Waulkmill","Waulkmill","Salt marsh",58.94264344,-3.08943883,"direct from dataset","1","UK",2019,0,0.1,"EA",11.49,NA,0.16
"458","Ruranska et al 2020","PR Wigtown","Wigtown","Salt marsh",54.873427,-4.422852,"direct from dataset","1","UK",2018,0,0.1,"EA",1.99,NA,NA
"459","Ruranska et al 2020","PR Wigtown","Wigtown","Salt marsh",54.873326,-4.423655,"direct from dataset","1","UK",2018,0,0.1,"EA",2.5,NA,NA
"460","Ruranska et al 2020","PR Wigtown","Wigtown","Salt marsh",54.87315,-4.424304,"direct from dataset","1","UK",2018,0,0.1,"EA",3.81,NA,NA
"461","Ruranska et al 2020","PR Wigtown","Wigtown","Salt marsh",54.872934,-4.425133,"direct from dataset","1","UK",2018,0,0.1,"EA",1.61,NA,NA
"462","Ruranska et al 2020","PR Wigtown","Wigtown","Salt marsh",54.872862,-4.425667,"direct from dataset","1","UK",2018,0,0.1,"EA",1.97,NA,NA
"463","Ruranska et al 2020","PR Wigtown","Wigtown","Salt marsh",54.872708,-4.426507,"direct from dataset","1","UK",2018,0,0.1,"EA",2.53,NA,NA
"464","Ruranska et al 2020","PR Wigtown","Wigtown","Salt marsh",54.872466,-4.427134,"direct from dataset","1","UK",2018,0,0.1,"EA",3.33,NA,NA
"465","Ruranska et al 2020","PR Wigtown","Wigtown","Salt marsh",54.874301,-4.422868,"direct from dataset","1","UK",2018,0,0.1,"EA",2.29,NA,NA
"466","Ruranska et al 2020","PR Wigtown","Wigtown","Salt marsh",54.874137,-4.423483,"direct from dataset","1","UK",2018,0,0.1,"EA",2.61,NA,NA
"467","Ruranska et al 2020","PR Wigtown","Wigtown","Salt marsh",54.874078,-4.42444,"direct from dataset","1","UK",2018,0,0.1,"EA",3.18,NA,NA
"468","Ruranska et al 2020","PR Wigtown","Wigtown","Salt marsh",54.873998,-4.425051,"direct from dataset","1","UK",2018,0,0.1,"EA",2.2,NA,NA
"469","Ruranska et al 2020","PR Wigtown","Wigtown","Salt marsh",54.873895,-4.425977,"direct from dataset","1","UK",2018,0,0.1,"EA",3.79,NA,NA
"470","Ruranska et al 2020","PR Wigtown","Wigtown","Salt marsh",54.87378,-4.426792,"direct from dataset","1","UK",2018,0,0.1,"EA",3.55,NA,NA
"471","Ruranska et al 2020","PR Wigtown","Wigtown","Salt marsh",54.873639,-4.427536,"direct from dataset","1","UK",2018,0,0.1,"EA",3.75,NA,NA
