"","Source","Site_name","Site","Plot","Habitat_type","Latitude","Longitude","accuracy_flag","accuracy_code","Emirate","Country","Year_collected","U_depth_m","L_depth_m","Method","IC_perc","OC_perc","SOM_perc","BD_reported_g_cm3","N_perc"
"1","Schile et al 2016","LS al_aryam high sabkha 1","al_aryam",1,"high sabkha",24.267838,54.226179,"RTK GPS",1,"Abu Dhabi","United Arab Emirates",NA,0,0.15,"EA","3.47","1.77","10.895",1.483,"0.000"
"2","Schile et al 2016","LS al_aryam high sabkha 1","al_aryam",1,"high sabkha",24.267838,54.226179,"RTK GPS",1,"Abu Dhabi","United Arab Emirates",NA,0.15,0.3,"EA","7.75","1.36","7.047",1.532,"0.037"
"3","Schile et al 2016","LS al_aryam high sabkha 1","al_aryam",1,"high sabkha",24.267838,54.226179,"RTK GPS",1,"Abu Dhabi","United Arab Emirates",NA,0.3,0.5,"EA","8.55","1.16","5.408",1.726,"0.000"
"4","Schile et al 2016","LS al_aryam high sabkha 2","al_aryam",2,"high sabkha",24.268013,54.22627,"RTK GPS",1,"Abu Dhabi","United Arab Emirates",NA,0,0.05,"EA","2.69","1.24","7.151",0.781,"0.000"
"5","Schile et al 2016","LS al_aryam high sabkha 2","al_aryam",2,"high sabkha",24.268013,54.22627,"RTK GPS",1,"Abu Dhabi","United Arab Emirates",NA,0.05,0.15,"EA","3.34","1.76","9.938",1.356,"0.000"
"6","Schile et al 2016","LS al_aryam high sabkha 2","al_aryam",2,"high sabkha",24.268013,54.22627,"RTK GPS",1,"Abu Dhabi","United Arab Emirates",NA,0.15,0.27,"EA","7.30","2.11","7.106",1.506,"0.043"
"7","Schile et al 2016","LS al_aryam high sabkha 3","al_aryam",3,"high sabkha",24.268171,54.226308,"RTK GPS",1,"Abu Dhabi","United Arab Emirates",NA,0,0.05,"EA","2.49","1.42","7.980",0.898,"0.000"
"8","Schile et al 2016","LS al_aryam high sabkha 3","al_aryam",3,"high sabkha",24.268171,54.226308,"RTK GPS",1,"Abu Dhabi","United Arab Emirates",NA,0.05,0.15,"EA","6.56","2.39","10.230",1.362,"0.039"
"9","Schile et al 2016","LS al_aryam high sabkha 3","al_aryam",3,"high sabkha",24.268171,54.226308,"RTK GPS",1,"Abu Dhabi","United Arab Emirates",NA,0.15,0.38,"EA","7.81","1.63","6.096",1.629,"0.044"
"10","Schile et al 2016","LS al_aryam high sabkha 4","al_aryam",4,"high sabkha",24.268516,54.226443,"RTK GPS",1,"Abu Dhabi","United Arab Emirates",NA,0,0.06,"EA","3.61","0.93","6.857",0.99,"0.000"
"11","Schile et al 2016","LS al_aryam high sabkha 4","al_aryam",4,"high sabkha",24.268516,54.226443,"RTK GPS",1,"Abu Dhabi","United Arab Emirates",NA,0.06,0.15,"EA","6.02","1.47","8.834",1.621,"0.000"
"12","Schile et al 2016","LS al_aryam high sabkha 4","al_aryam",4,"high sabkha",24.268516,54.226443,"RTK GPS",1,"Abu Dhabi","United Arab Emirates",NA,0.15,0.4,"EA","6.83","1.45","7.773",1.539,"0.033"
"13","Schile et al 2016","LS al_aryam low sabkha 1","al_aryam",1,"low sabkha",24.259597,54.236117,"RTK GPS",1,"Abu Dhabi","United Arab Emirates",NA,0,0.15,"EA","4.33","0.96","6.586",1.139,"0.000"
"14","Schile et al 2016","LS al_aryam low sabkha 1","al_aryam",1,"low sabkha",24.259597,54.236117,"RTK GPS",1,"Abu Dhabi","United Arab Emirates",NA,0.15,0.4,"EA","4.58","1.36","7.760",1.348,"0.000"
"15","Schile et al 2016","LS al_aryam low sabkha 2","al_aryam",2,"low sabkha",24.25977,54.236139,"RTK GPS",1,"Abu Dhabi","United Arab Emirates",NA,0,0.15,"EA","3.19","1.15","9.392",1.078,"0.000"
"16","Schile et al 2016","LS al_aryam low sabkha 2","al_aryam",2,"low sabkha",24.25977,54.236139,"RTK GPS",1,"Abu Dhabi","United Arab Emirates",NA,0.15,0.35,"EA","5.56","0.99","8.050",1.447,"0.000"
"17","Schile et al 2016","LS al_aryam low sabkha 3","al_aryam",3,"low sabkha",24.259938,54.23619,"RTK GPS",1,"Abu Dhabi","United Arab Emirates",NA,0,0.15,"EA","3.18","0.92","8.946",1.223,"0.000"
"18","Schile et al 2016","LS al_aryam low sabkha 3","al_aryam",3,"low sabkha",24.259938,54.23619,"RTK GPS",1,"Abu Dhabi","United Arab Emirates",NA,0.15,0.38,"EA","4.80","1.18","7.709",1.45,"0.000"
"19","Schile et al 2016","LS al_aryam low sabkha 4","al_aryam",4,"low sabkha",24.260108,54.236263,"RTK GPS",1,"Abu Dhabi","United Arab Emirates",NA,0,0.15,"EA","2.99","0.75","8.917",1.112,"0.000"
"20","Schile et al 2016","LS al_aryam low sabkha 4","al_aryam",4,"low sabkha",24.260108,54.236263,"RTK GPS",1,"Abu Dhabi","United Arab Emirates",NA,0.15,0.38,"EA","9.14","1.05","3.368",1.396,"0.000"
"21","Schile et al 2016","LS al_aryam low sabkha 5","al_aryam",5,"low sabkha",24.260288,54.236323,"RTK GPS",1,"Abu Dhabi","United Arab Emirates",NA,0,0.15,"EA","2.18","0.85","9.965",1.206,"0.000"
"22","Schile et al 2016","LS al_aryam low sabkha 5","al_aryam",5,"low sabkha",24.260288,54.236323,"RTK GPS",1,"Abu Dhabi","United Arab Emirates",NA,0.15,0.38,"EA","4.90","0.88","6.887",1.378,"0.000"
"23","Schile et al 2016","LS al_aryam salt marsh 1","al_aryam",1,"salt marsh",24.25638,54.237588,"RTK GPS",1,"Abu Dhabi","United Arab Emirates",NA,0,0.15,"EA","8.68","1.76","5.976",1.141,"0.090"
"24","Schile et al 2016","LS al_aryam salt marsh 1","al_aryam",1,"salt marsh",24.25638,54.237588,"RTK GPS",1,"Abu Dhabi","United Arab Emirates",NA,0.15,0.3,"EA","9.26","1.06","5.181",1.361,"0.083"
"25","Schile et al 2016","LS al_aryam salt marsh 1","al_aryam",1,"salt marsh",24.25638,54.237588,"RTK GPS",1,"Abu Dhabi","United Arab Emirates",NA,0.3,0.5,"EA","9.11","0.99","5.280",1.349,"0.069"
"26","Schile et al 2016","LS al_aryam salt marsh 1","al_aryam",1,"salt marsh",24.25638,54.237588,"RTK GPS",1,"Abu Dhabi","United Arab Emirates",NA,0.5,1.1,"EA","7.76","1.09","4.631",1.115,"0.056"
"27","Schile et al 2016","LS al_aryam salt marsh 2","al_aryam",2,"salt marsh",24.256213,54.237661,"RTK GPS",1,"Abu Dhabi","United Arab Emirates",NA,0,0.15,"EA","8.37","1.77","7.722",1.109,"0.076"
"28","Schile et al 2016","LS al_aryam salt marsh 2","al_aryam",2,"salt marsh",24.256213,54.237661,"RTK GPS",1,"Abu Dhabi","United Arab Emirates",NA,0.15,0.3,"EA","8.81","2.19","6.767",1.176,"0.084"
"29","Schile et al 2016","LS al_aryam salt marsh 2","al_aryam",2,"salt marsh",24.256213,54.237661,"RTK GPS",1,"Abu Dhabi","United Arab Emirates",NA,0.3,0.5,"EA","8.97","1.86","5.074",1.332,"0.067"
"30","Schile et al 2016","LS al_aryam salt marsh 2","al_aryam",2,"salt marsh",24.256213,54.237661,"RTK GPS",1,"Abu Dhabi","United Arab Emirates",NA,0.5,0.85,"EA","8.83","1.84","4.141",1.387,"0.044"
"31","Schile et al 2016","LS al_aryam salt marsh 3","al_aryam",3,"salt marsh",24.256042,54.237708,"RTK GPS",1,"Abu Dhabi","United Arab Emirates",NA,0,0.15,"EA","7.53","2.81","8.867",1.292,"0.079"
"32","Schile et al 2016","LS al_aryam salt marsh 3","al_aryam",3,"salt marsh",24.256042,54.237708,"RTK GPS",1,"Abu Dhabi","United Arab Emirates",NA,0.15,0.3,"EA","8.70","1.62","5.146",1.361,"0.069"
"33","Schile et al 2016","LS al_aryam salt marsh 3","al_aryam",3,"salt marsh",24.256042,54.237708,"RTK GPS",1,"Abu Dhabi","United Arab Emirates",NA,0.3,0.5,"EA","8.64","1.40","4.638",1.432,"0.060"
"34","Schile et al 2016","LS al_aryam salt marsh 3","al_aryam",3,"salt marsh",24.256042,54.237708,"RTK GPS",1,"Abu Dhabi","United Arab Emirates",NA,0.5,1,"EA","9.27","0.66","4.219",1.188,"0.051"
"35","Schile et al 2016","LS al_aryam salt marsh 4","al_aryam",4,"salt marsh",24.255852,54.237738,"RTK GPS",1,"Abu Dhabi","United Arab Emirates",NA,0,0.15,"EA","10.01","0.88","4.496",1.162,"0.078"
"36","Schile et al 2016","LS al_aryam salt marsh 4","al_aryam",4,"salt marsh",24.255852,54.237738,"RTK GPS",1,"Abu Dhabi","United Arab Emirates",NA,0.15,0.3,"EA","9.70","0.99","5.561",1.358,"0.075"
"37","Schile et al 2016","LS al_aryam salt marsh 4","al_aryam",4,"salt marsh",24.255852,54.237738,"RTK GPS",1,"Abu Dhabi","United Arab Emirates",NA,0.3,0.62,"EA","8.74","1.48","6.382",1.306,"0.071"
"38","Schile et al 2016","LS al_aryam salt marsh 4","al_aryam",4,"salt marsh",24.255852,54.237738,"RTK GPS",1,"Abu Dhabi","United Arab Emirates",NA,0.62,0.67,"EA","1.38","6.73","17.919",0.687,"0.319"
"39","Schile et al 2016","LS al_aryam salt marsh 4","al_aryam",4,"salt marsh",24.255852,54.237738,"RTK GPS",1,"Abu Dhabi","United Arab Emirates",NA,0.67,0.74,"EA","3.57","9.18","19.802",0.505,"0.394"
"40","Schile et al 2016","LS al_aryam salt marsh 4","al_aryam",4,"salt marsh",24.255852,54.237738,"RTK GPS",1,"Abu Dhabi","United Arab Emirates",NA,0.8,0.85,"EA","8.45","1.87","6.058",0.945,"0.112"
"41","Schile et al 2016","LS al_aryam salt marsh 4","al_aryam",4,"salt marsh",24.255852,54.237738,"RTK GPS",1,"Abu Dhabi","United Arab Emirates",NA,1,2,"EA","10.16","0.87","4.472",1.245,"0.082"
"42","Schile et al 2016","LS al_aryam salt marsh 5","al_aryam",5,"salt marsh",24.25569,54.237801,"RTK GPS",1,"Abu Dhabi","United Arab Emirates",NA,0,0.15,"EA","9.15","1.23","6.304",1.136,"0.097"
"43","Schile et al 2016","LS al_aryam salt marsh 5","al_aryam",5,"salt marsh",24.25569,54.237801,"RTK GPS",1,"Abu Dhabi","United Arab Emirates",NA,0.15,0.3,"EA","9.12","1.44","6.120",1.22,"0.081"
"44","Schile et al 2016","LS al_aryam salt marsh 5","al_aryam",5,"salt marsh",24.25569,54.237801,"RTK GPS",1,"Abu Dhabi","United Arab Emirates",NA,0.3,0.48,"EA","9.05","1.02","5.901",1.229,"0.070"
"45","Schile et al 2016","LS al_aryam salt marsh 5","al_aryam",5,"salt marsh",24.25569,54.237801,"RTK GPS",1,"Abu Dhabi","United Arab Emirates",NA,0.48,0.5,"EA","3.46","2.48","10.037",1.14,"0.105"
"46","Schile et al 2016","LS al_aryam salt marsh 5","al_aryam",5,"salt marsh",24.25569,54.237801,"RTK GPS",1,"Abu Dhabi","United Arab Emirates",NA,0.5,1,"EA","9.47","0.83","3.573",1.286,"0.068"
"47","Schile et al 2016","LS al_aryam salt marsh 5","al_aryam",5,"salt marsh",24.25569,54.237801,"RTK GPS",1,"Abu Dhabi","United Arab Emirates",NA,1,1.8,"EA","9.49","1.38","5.990",1.086,"0.109"
"48","Schile et al 2016","LS al_aryam salt marsh 6","al_aryam",6,"salt marsh",24.255534,54.237849,"RTK GPS",1,"Abu Dhabi","United Arab Emirates",NA,0,0.15,"EA","9.14","1.42","6.594",1.135,"0.092"
"49","Schile et al 2016","LS al_aryam salt marsh 6","al_aryam",6,"salt marsh",24.255534,54.237849,"RTK GPS",1,"Abu Dhabi","United Arab Emirates",NA,0.15,0.3,"EA","8.99","1.28","6.175",1.346,"0.081"
"50","Schile et al 2016","LS al_aryam salt marsh 6","al_aryam",6,"salt marsh",24.255534,54.237849,"RTK GPS",1,"Abu Dhabi","United Arab Emirates",NA,0.3,0.5,"EA","9.08","1.18","5.818",1.373,"0.072"
"51","Schile et al 2016","LS al_aryam salt marsh 6","al_aryam",6,"salt marsh",24.255534,54.237849,"RTK GPS",1,"Abu Dhabi","United Arab Emirates",NA,0.5,0.81,"EA","9.56","1.02","3.813",1.493,"0.066"
"52","Schile et al 2016","LS eastern_mangrove salt marsh 1","eastern_mangrove",1,"salt marsh",24.455332,54.433888,"RTK GPS",1,"Abu Dhabi","United Arab Emirates",NA,0,0.15,"EA","9.78","1.37","4.861",1.098,"0.110"
"53","Schile et al 2016","LS eastern_mangrove salt marsh 1","eastern_mangrove",1,"salt marsh",24.455332,54.433888,"RTK GPS",1,"Abu Dhabi","United Arab Emirates",NA,0.15,0.3,"EA","10.09","0.51","3.585",1.348,"0.077"
"54","Schile et al 2016","LS eastern_mangrove salt marsh 1","eastern_mangrove",1,"salt marsh",24.455332,54.433888,"RTK GPS",1,"Abu Dhabi","United Arab Emirates",NA,0.3,0.5,"EA","9.53","0.73","3.200",1.36,"0.057"
"55","Schile et al 2016","LS eastern_mangrove salt marsh 1","eastern_mangrove",1,"salt marsh",24.455332,54.433888,"RTK GPS",1,"Abu Dhabi","United Arab Emirates",NA,0.5,0.85,"EA","10.52","0.32","2.329",1.47,"0.000"
"56","Schile et al 2016","LS eastern_mangrove salt marsh 2","eastern_mangrove",2,"salt marsh",24.455446,54.433737,"RTK GPS",1,"Abu Dhabi","United Arab Emirates",NA,0,0.15,"EA","9.67","1.37","4.734",0.966,"0.120"
"57","Schile et al 2016","LS eastern_mangrove salt marsh 2","eastern_mangrove",2,"salt marsh",24.455446,54.433737,"RTK GPS",1,"Abu Dhabi","United Arab Emirates",NA,0.15,0.3,"EA","9.92","0.74","3.466",1.266,"0.076"
"58","Schile et al 2016","LS eastern_mangrove salt marsh 2","eastern_mangrove",2,"salt marsh",24.455446,54.433737,"RTK GPS",1,"Abu Dhabi","United Arab Emirates",NA,0.3,0.5,"EA","10.02","0.21","2.666",1.398,"0.053"
"59","Schile et al 2016","LS eastern_mangrove salt marsh 2","eastern_mangrove",2,"salt marsh",24.455446,54.433737,"RTK GPS",1,"Abu Dhabi","United Arab Emirates",NA,0.5,1,"EA","10.45","0.37","2.369",1.454,"0.047"
"60","Schile et al 2016","LS eastern_mangrove salt marsh 2","eastern_mangrove",2,"salt marsh",24.455446,54.433737,"RTK GPS",1,"Abu Dhabi","United Arab Emirates",NA,1,1.44,"EA","nd","nd","nd",1.499,"nd"
"61","Schile et al 2016","LS eastern_mangrove salt marsh 3","eastern_mangrove",3,"salt marsh",24.45557,54.433597,"RTK GPS",1,"Abu Dhabi","United Arab Emirates",NA,0,0.15,"EA","9.69","1.21","4.631",1.127,"0.114"
"62","Schile et al 2016","LS eastern_mangrove salt marsh 3","eastern_mangrove",3,"salt marsh",24.45557,54.433597,"RTK GPS",1,"Abu Dhabi","United Arab Emirates",NA,0.15,0.3,"EA","9.81","0.71","3.482",1.298,"0.072"
"63","Schile et al 2016","LS eastern_mangrove salt marsh 3","eastern_mangrove",3,"salt marsh",24.45557,54.433597,"RTK GPS",1,"Abu Dhabi","United Arab Emirates",NA,0.3,0.5,"EA","9.92","0.45","2.665",1.439,"0.051"
"64","Schile et al 2016","LS eastern_mangrove salt marsh 3","eastern_mangrove",3,"salt marsh",24.45557,54.433597,"RTK GPS",1,"Abu Dhabi","United Arab Emirates",NA,0.5,0.75,"EA","10.06","0.55","2.351",1.591,"0.040"
"65","Schile et al 2016","LS eastern_mangrove salt marsh 4","eastern_mangrove",4,"salt marsh",24.455685,54.433437,"RTK GPS",1,"Abu Dhabi","United Arab Emirates",NA,0,0.15,"EA","9.93","0.83","3.948",1.046,"0.083"
"66","Schile et al 2016","LS eastern_mangrove salt marsh 4","eastern_mangrove",4,"salt marsh",24.455685,54.433437,"RTK GPS",1,"Abu Dhabi","United Arab Emirates",NA,0.15,0.3,"EA","9.85","1.13","4.524",1.222,"0.116"
"67","Schile et al 2016","LS eastern_mangrove salt marsh 4","eastern_mangrove",4,"salt marsh",24.455685,54.433437,"RTK GPS",1,"Abu Dhabi","United Arab Emirates",NA,0.3,0.5,"EA","9.50","0.60","3.550",1.313,"0.069"
"68","Schile et al 2016","LS eastern_mangrove salt marsh 4","eastern_mangrove",4,"salt marsh",24.455685,54.433437,"RTK GPS",1,"Abu Dhabi","United Arab Emirates",NA,0.5,1,"EA","10.55","0.50","2.730",1.485,"0.060"
"69","Schile et al 2016","LS eastern_mangrove salt marsh 4","eastern_mangrove",4,"salt marsh",24.455685,54.433437,"RTK GPS",1,"Abu Dhabi","United Arab Emirates",NA,1,1.85,"EA","10.19","0.42","2.553",1.611,"0.038"
"70","Schile et al 2016","LS eastern_mangrove salt marsh 5","eastern_mangrove",5,"salt marsh",24.4558,54.433286,"RTK GPS",1,"Abu Dhabi","United Arab Emirates",NA,0,0.15,"EA","9.97","1.32","4.915",1.165,"0.119"
"71","Schile et al 2016","LS eastern_mangrove salt marsh 5","eastern_mangrove",5,"salt marsh",24.4558,54.433286,"RTK GPS",1,"Abu Dhabi","United Arab Emirates",NA,0.15,0.3,"EA","10.11","0.67","3.799",1.317,"0.074"
"72","Schile et al 2016","LS eastern_mangrove salt marsh 5","eastern_mangrove",5,"salt marsh",24.4558,54.433286,"RTK GPS",1,"Abu Dhabi","United Arab Emirates",NA,0.3,0.5,"EA","9.33","0.90","4.485",1.217,"0.092"
"73","Schile et al 2016","LS eastern_mangrove salt marsh 5","eastern_mangrove",5,"salt marsh",24.4558,54.433286,"RTK GPS",1,"Abu Dhabi","United Arab Emirates",NA,0.5,1,"EA","10.51","0.54","2.895",1.272,"0.073"
"74","Schile et al 2016","LS eastern_mangrove salt marsh 5","eastern_mangrove",5,"salt marsh",24.4558,54.433286,"RTK GPS",1,"Abu Dhabi","United Arab Emirates",NA,1,1.94,"EA","10.08","0.20","2.363",1.451,"0.000"
"75","Schile et al 2016","LS eastern_mangrove salt marsh 6","eastern_mangrove",6,"salt marsh",24.455905,54.433127,"RTK GPS",1,"Abu Dhabi","United Arab Emirates",NA,0,0.15,"EA","9.90","0.86","3.903",1.266,"0.088"
"76","Schile et al 2016","LS eastern_mangrove salt marsh 6","eastern_mangrove",6,"salt marsh",24.455905,54.433127,"RTK GPS",1,"Abu Dhabi","United Arab Emirates",NA,0.15,0.3,"EA","9.74","1.00","3.841",1.205,"0.078"
"77","Schile et al 2016","LS eastern_mangrove salt marsh 6","eastern_mangrove",6,"salt marsh",24.455905,54.433127,"RTK GPS",1,"Abu Dhabi","United Arab Emirates",NA,0.3,0.5,"EA","9.64","0.59","2.864",1.408,"0.059"
"78","Schile et al 2016","LS eastern_mangrove salt marsh 6","eastern_mangrove",6,"salt marsh",24.455905,54.433127,"RTK GPS",1,"Abu Dhabi","United Arab Emirates",NA,0.5,1,"EA","9.91","0.37","2.260",1.417,"0.000"
"79","Schile et al 2016","LS eastern_mangrove salt marsh 6","eastern_mangrove",6,"salt marsh",24.455905,54.433127,"RTK GPS",1,"Abu Dhabi","United Arab Emirates",NA,1,1.62,"EA","10.69","0.36","2.830",1.552,"0.068"
"80","Schile et al 2016","LS jubail_island salt marsh 1","jubail_island",1,"salt marsh",24.519099,54.470849,"RTK GPS",1,"Abu Dhabi","United Arab Emirates",NA,0,0.15,"EA","10.09","0.58","2.987",1.342,"0.059"
"81","Schile et al 2016","LS jubail_island salt marsh 1","jubail_island",1,"salt marsh",24.519099,54.470849,"RTK GPS",1,"Abu Dhabi","United Arab Emirates",NA,0.15,0.3,"EA","10.29","0.26","2.799",1.466,"0.051"
"82","Schile et al 2016","LS jubail_island salt marsh 1","jubail_island",1,"salt marsh",24.519099,54.470849,"RTK GPS",1,"Abu Dhabi","United Arab Emirates",NA,0.3,0.62,"EA","9.34","0.12","3.714",1.231,"0.074"
"83","Schile et al 2016","LS jubail_island salt marsh 2","jubail_island",2,"salt marsh",24.519266,54.470914,"RTK GPS",1,"Abu Dhabi","United Arab Emirates",NA,0,0.15,"EA","9.75","0.62","3.701",1.274,"0.065"
"84","Schile et al 2016","LS jubail_island salt marsh 2","jubail_island",2,"salt marsh",24.519266,54.470914,"RTK GPS",1,"Abu Dhabi","United Arab Emirates",NA,0.15,0.36,"EA","9.43","0.94","3.740",1.158,"0.083"
"85","Schile et al 2016","LS jubail_island salt marsh 3","jubail_island",3,"salt marsh",24.519429,54.470992,"RTK GPS",1,"Abu Dhabi","United Arab Emirates",NA,0,0.15,"EA","9.83","0.86","3.129",1.426,"0.056"
"86","Schile et al 2016","LS jubail_island salt marsh 3","jubail_island",3,"salt marsh",24.519429,54.470992,"RTK GPS",1,"Abu Dhabi","United Arab Emirates",NA,0.15,0.3,"EA","9.99","0.67","2.995",1.439,"0.000"
"87","Schile et al 2016","LS jubail_island salt marsh 3","jubail_island",3,"salt marsh",24.519429,54.470992,"RTK GPS",1,"Abu Dhabi","United Arab Emirates",NA,0.3,0.49,"EA","9.94","0.58","2.721",1.04,"0.049"
"88","Schile et al 2016","LS jubail_island salt marsh 4","jubail_island",4,"salt marsh",24.519593,54.471047,"RTK GPS",1,"Abu Dhabi","United Arab Emirates",NA,0,0.15,"EA","9.37","0.47","3.760",1.192,"0.067"
"89","Schile et al 2016","LS jubail_island salt marsh 4","jubail_island",4,"salt marsh",24.519593,54.471047,"RTK GPS",1,"Abu Dhabi","United Arab Emirates",NA,0.15,0.3,"EA","8.57","0.52","3.339",1.378,"0.053"
"90","Schile et al 2016","LS jubail_island salt marsh 5","jubail_island",5,"salt marsh",24.519783,54.471158,"RTK GPS",1,"Abu Dhabi","United Arab Emirates",NA,0,0.15,"EA","9.06","0.56","3.325",1.347,"0.065"
"91","Schile et al 2016","LS jubail_island salt marsh 5","jubail_island",5,"salt marsh",24.519783,54.471158,"RTK GPS",1,"Abu Dhabi","United Arab Emirates",NA,0.15,0.3,"EA","8.96","1.13","3.112",1.509,"0.065"
"92","Schile et al 2016","LS jubail_island salt marsh 6","jubail_island",6,"salt marsh",24.519938,54.471203,"RTK GPS",1,"Abu Dhabi","United Arab Emirates",NA,0,0.15,"EA","9.44","0.50","3.254",1.625,"0.059"
"93","Schile et al 2016","LS jubail_island salt marsh 6","jubail_island",6,"salt marsh",24.519938,54.471203,"RTK GPS",1,"Abu Dhabi","United Arab Emirates",NA,0.15,0.29,"EA","9.31","0.35","2.915",1.636,"0.050"
"94","Schile et al 2016","LS jubail_island_east salt marsh 1","jubail_island_east",1,"salt marsh",24.497854,54.532935,"RTK GPS",1,"Abu Dhabi","United Arab Emirates",NA,0,0.15,"EA","9.74","0.98","3.654",1.155,"0.083"
"95","Schile et al 2016","LS jubail_island_east salt marsh 1","jubail_island_east",1,"salt marsh",24.497854,54.532935,"RTK GPS",1,"Abu Dhabi","United Arab Emirates",NA,0.15,0.3,"EA","8.50","1.79","4.246",1.293,"0.064"
"96","Schile et al 2016","LS jubail_island_east salt marsh 1","jubail_island_east",1,"salt marsh",24.497854,54.532935,"RTK GPS",1,"Abu Dhabi","United Arab Emirates",NA,0.3,0.48,"EA","9.55","0.91","4.262",1.195,"0.073"
"97","Schile et al 2016","LS jubail_island_east salt marsh 2","jubail_island_east",2,"salt marsh",24.497885,54.53276,"RTK GPS",1,"Abu Dhabi","United Arab Emirates",NA,0,0.15,"EA","9.65","0.87","4.289",1.142,"0.066"
"98","Schile et al 2016","LS jubail_island_east salt marsh 2","jubail_island_east",2,"salt marsh",24.497885,54.53276,"RTK GPS",1,"Abu Dhabi","United Arab Emirates",NA,0.15,0.42,"EA","9.39","0.84","3.984",1.172,"0.064"
"99","Schile et al 2016","LS jubail_island_east salt marsh 3","jubail_island_east",3,"salt marsh",24.497885,54.532552,"RTK GPS",1,"Abu Dhabi","United Arab Emirates",NA,0,0.15,"EA","8.69","1.21","6.257",1.204,"0.066"
"100","Schile et al 2016","LS jubail_island_east salt marsh 3","jubail_island_east",3,"salt marsh",24.497885,54.532552,"RTK GPS",1,"Abu Dhabi","United Arab Emirates",NA,0.15,0.3,"EA","9.89","0.51","3.256",1.158,"0.000"
"101","Schile et al 2016","LS jubail_island_east salt marsh 3","jubail_island_east",3,"salt marsh",24.497885,54.532552,"RTK GPS",1,"Abu Dhabi","United Arab Emirates",NA,0.3,0.56,"EA","9.49","1.07","3.416",1.028,"0.073"
"102","Schile et al 2016","LS jubail_island_east salt marsh 4","jubail_island_east",4,"salt marsh",24.497928,54.532369,"RTK GPS",1,"Abu Dhabi","United Arab Emirates",NA,0,0.15,"EA","9.03","1.20","5.621",1.195,"0.088"
"103","Schile et al 2016","LS jubail_island_east salt marsh 4","jubail_island_east",4,"salt marsh",24.497928,54.532369,"RTK GPS",1,"Abu Dhabi","United Arab Emirates",NA,0.15,0.3,"EA","8.95","1.12","4.478",1.102,"0.070"
"104","Schile et al 2016","LS jubail_island_east salt marsh 4","jubail_island_east",4,"salt marsh",24.497928,54.532369,"RTK GPS",1,"Abu Dhabi","United Arab Emirates",NA,0.3,0.54,"EA","8.83","1.79","3.438",1.279,"0.062"
"105","Schile et al 2016","LS jubail_island_east salt marsh 5","jubail_island_east",5,"salt marsh",24.49793,54.532212,"RTK GPS",1,"Abu Dhabi","United Arab Emirates",NA,0,0.15,"EA","8.38","1.99","6.111",1.082,"0.080"
"106","Schile et al 2016","LS jubail_island_east salt marsh 5","jubail_island_east",5,"salt marsh",24.49793,54.532212,"RTK GPS",1,"Abu Dhabi","United Arab Emirates",NA,0.15,0.3,"EA","8.76","1.45","5.586",1.179,"0.073"
"107","Schile et al 2016","LS jubail_island_east salt marsh 5","jubail_island_east",5,"salt marsh",24.49793,54.532212,"RTK GPS",1,"Abu Dhabi","United Arab Emirates",NA,0.3,0.53,"EA","9.51","1.14","3.629",1.065,"0.080"
"108","Schile et al 2016","LS jubail_island_east salt marsh 6","jubail_island_east",6,"salt marsh",24.497941,54.532007,"RTK GPS",1,"Abu Dhabi","United Arab Emirates",NA,0,0.15,"EA","8.89","1.67","6.195",1.206,"0.074"
"109","Schile et al 2016","LS jubail_island_east salt marsh 6","jubail_island_east",6,"salt marsh",24.497941,54.532007,"RTK GPS",1,"Abu Dhabi","United Arab Emirates",NA,0.15,0.3,"EA","9.13","1.02","4.246",1.194,"0.064"
"110","Schile et al 2016","LS jubail_island_east salt marsh 6","jubail_island_east",6,"salt marsh",24.497941,54.532007,"RTK GPS",1,"Abu Dhabi","United Arab Emirates",NA,0.3,0.55,"EA","9.44","0.96","3.863",1.033,"0.075"
"111","Schile et al 2016","LS marawah_island salt marsh 1","marawah_island",1,"salt marsh",24.28207,53.313232,"RTK GPS",1,"Abu Dhabi","United Arab Emirates",NA,0,0.16,"EA","7.94","1.59","8.944",1.228,"0.083"
"112","Schile et al 2016","LS marawah_island salt marsh 2","marawah_island",2,"salt marsh",24.282198,53.313369,"RTK GPS",1,"Abu Dhabi","United Arab Emirates",NA,0,0.19,"EA","7.67","2.34","10.083",1.381,"0.072"
"113","Schile et al 2016","LS marawah_island salt marsh 3","marawah_island",3,"salt marsh",24.282323,53.313527,"RTK GPS",1,"Abu Dhabi","United Arab Emirates",NA,0,0.15,"EA","8.05","2.60","11.461",1.49,"0.060"
"114","Schile et al 2016","LS marawah_island salt marsh 3","marawah_island",3,"salt marsh",24.282323,53.313527,"RTK GPS",1,"Abu Dhabi","United Arab Emirates",NA,0.15,0.23,"EA","9.78","0.86","5.997",1.491,"0.073"
"115","Schile et al 2016","LS marawah_island salt marsh 4","marawah_island",4,"salt marsh",24.282441,53.313661,"RTK GPS",1,"Abu Dhabi","United Arab Emirates",NA,0,0.15,"EA","6.14","4.09","18.062",1.552,"0.059"
"116","Schile et al 2016","LS marawah_island salt marsh 4","marawah_island",4,"salt marsh",24.282441,53.313661,"RTK GPS",1,"Abu Dhabi","United Arab Emirates",NA,0.15,0.26,"EA","9.67","1.30","6.718",1.712,"0.076"
"117","Schile et al 2016","LS marawah_island salt marsh 5","marawah_island",5,"salt marsh",24.282577,53.313797,"RTK GPS",1,"Abu Dhabi","United Arab Emirates",NA,0,0.1,"EA","5.06","4.97","21.000",1.368,"0.000"
"118","Schile et al 2016","LS marawah_island salt marsh 6","marawah_island",6,"salt marsh",24.282682,53.313945,"RTK GPS",1,"Abu Dhabi","United Arab Emirates",NA,0,0.18,"EA","9.78","1.21","6.843",1.665,"0.061"
"119","Schile et al 2016","LS sabkha_moon low sabkha 1","sabkha_moon",1,"low sabkha",24.123371,54.049667,"RTK GPS",1,"Abu Dhabi","United Arab Emirates",NA,0,0.15,"EA","0.57","1.35","11.479",1.548,"0.078"
"120","Schile et al 2016","LS sabkha_moon low sabkha 1","sabkha_moon",1,"low sabkha",24.123371,54.049667,"RTK GPS",1,"Abu Dhabi","United Arab Emirates",NA,0.15,0.25,"EA","2.38","1.52","10.413",1.291,"0.141"
"121","Schile et al 2016","LS sabkha_moon low sabkha 1","sabkha_moon",1,"low sabkha",24.123371,54.049667,"RTK GPS",1,"Abu Dhabi","United Arab Emirates",NA,0.25,0.3,"EA","2.93","5.23","18.181",0.974,"0.561"
"122","Schile et al 2016","LS sabkha_moon low sabkha 1","sabkha_moon",1,"low sabkha",24.123371,54.049667,"RTK GPS",1,"Abu Dhabi","United Arab Emirates",NA,0.3,0.44,"EA","7.26","2.10","8.575",1.002,"0.262"
"123","Schile et al 2016","LS sabkha_moon low sabkha 2","sabkha_moon",2,"low sabkha",24.123548,54.049641,"RTK GPS",1,"Abu Dhabi","United Arab Emirates",NA,0,0.15,"EA","0.51","1.88","13.003",1.699,"0.000"
"124","Schile et al 2016","LS sabkha_moon low sabkha 2","sabkha_moon",2,"low sabkha",24.123548,54.049641,"RTK GPS",1,"Abu Dhabi","United Arab Emirates",NA,0.15,0.36,"EA","2.81","4.50","17.943",1.033,"0.331"
"125","Schile et al 2016","LS sabkha_moon low sabkha 3","sabkha_moon",3,"low sabkha",24.123734,54.04958,"RTK GPS",1,"Abu Dhabi","United Arab Emirates",NA,0,0.15,"EA","0.91","1.05","9.949",1.459,"0.047"
"126","Schile et al 2016","LS sabkha_moon low sabkha 3","sabkha_moon",3,"low sabkha",24.123734,54.04958,"RTK GPS",1,"Abu Dhabi","United Arab Emirates",NA,0.15,0.3,"EA","5.34","3.55","13.253",1.235,"0.167"
"127","Schile et al 2016","LS sabkha_moon low sabkha 3","sabkha_moon",3,"low sabkha",24.123734,54.04958,"RTK GPS",1,"Abu Dhabi","United Arab Emirates",NA,0.35,0.45,"EA","7.39","1.43","7.116",1.497,"0.100"
"128","Schile et al 2016","LS sabkha_moon low sabkha 4","sabkha_moon",4,"low sabkha",24.123909,54.049516,"RTK GPS",1,"Abu Dhabi","United Arab Emirates",NA,0,0.1,"EA","0.30","1.62","12.415",1.39,"0.057"
"129","Schile et al 2016","LS sabkha_moon low sabkha 4","sabkha_moon",4,"low sabkha",24.123909,54.049516,"RTK GPS",1,"Abu Dhabi","United Arab Emirates",NA,0.1,0.15,"EA","0.35","2.43","15.029",1.23,"0.162"
"130","Schile et al 2016","LS sabkha_moon low sabkha 4","sabkha_moon",4,"low sabkha",24.123909,54.049516,"RTK GPS",1,"Abu Dhabi","United Arab Emirates",NA,0.15,0.3,"EA","2.66","3.77","15.981",1.054,"0.238"
"131","Schile et al 2016","LS sabkha_moon low sabkha 4","sabkha_moon",4,"low sabkha",24.123909,54.049516,"RTK GPS",1,"Abu Dhabi","United Arab Emirates",NA,0.3,0.38,"EA","5.07","3.65","13.947",0.961,"0.284"
"132","Schile et al 2016","LS sabkha_moon low sabkha 5","sabkha_moon",5,"low sabkha",24.12394,54.049482,"RTK GPS",1,"Abu Dhabi","United Arab Emirates",NA,0,0.15,"EA","0.53","1.75","12.857",1.427,"0.073"
"133","Schile et al 2016","LS sabkha_moon low sabkha 5","sabkha_moon",5,"low sabkha",24.12394,54.049482,"RTK GPS",1,"Abu Dhabi","United Arab Emirates",NA,0.15,0.33,"EA","2.93","5.26","18.594",0.892,"0.408"
"134","Schile et al 2016","LS sabkha_moon low sabkha 6","sabkha_moon",6,"low sabkha",24.124147,54.049408,"RTK GPS",1,"Abu Dhabi","United Arab Emirates",NA,0,0.15,"EA","1.22","1.06","11.005",1.412,"0.050"
"135","Schile et al 2016","LS sabkha_moon low sabkha 6","sabkha_moon",6,"low sabkha",24.124147,54.049408,"RTK GPS",1,"Abu Dhabi","United Arab Emirates",NA,0.15,0.5,"EA","6.61","1.97","8.993",1.178,"0.106"
"136","Schile et al 2016","LS thumayriyah high sabkha 1","thumayriyah",1,"high sabkha",24.130454,53.029018,"Garmin GPS",1,"Abu Dhabi","United Arab Emirates",NA,0,0.15,"EA","8.44","0.11","2.855",1.28,"0.000"
"137","Schile et al 2016","LS thumayriyah high sabkha 1","thumayriyah",1,"high sabkha",24.130454,53.029018,"Garmin GPS",1,"Abu Dhabi","United Arab Emirates",NA,0.15,0.3,"EA","9.01","1.42","2.948",0.944,"0.039"
"138","Schile et al 2016","LS thumayriyah high sabkha 1","thumayriyah",1,"high sabkha",24.130454,53.029018,"Garmin GPS",1,"Abu Dhabi","United Arab Emirates",NA,0.3,0.62,"EA","3.54","0.98","3.484",1.62,"0.000"
"139","Schile et al 2016","LS thumayriyah high sabkha 2","thumayriyah",2,"high sabkha",24.130103,53.029047,"Garmin GPS",1,"Abu Dhabi","United Arab Emirates",NA,0,0.15,"EA","4.13","1.41","3.668",0.828,"0.000"
"140","Schile et al 2016","LS thumayriyah high sabkha 2","thumayriyah",2,"high sabkha",24.130103,53.029047,"Garmin GPS",1,"Abu Dhabi","United Arab Emirates",NA,0.15,0.3,"EA","3.84","1.08","6.706",1.242,"0.000"
"141","Schile et al 2016","LS thumayriyah high sabkha 2","thumayriyah",2,"high sabkha",24.130103,53.029047,"Garmin GPS",1,"Abu Dhabi","United Arab Emirates",NA,0.3,0.5,"EA","2.78","0.72","3.457",1.09,"0.000"
"142","Schile et al 2016","LS thumayriyah high sabkha 3","thumayriyah",3,"high sabkha",24.129726,53.029059,"Garmin GPS",1,"Abu Dhabi","United Arab Emirates",NA,0,0.15,"EA","3.35","0.67","5.256",0.851,"0.000"
"143","Schile et al 2016","LS thumayriyah high sabkha 3","thumayriyah",3,"high sabkha",24.129726,53.029059,"Garmin GPS",1,"Abu Dhabi","United Arab Emirates",NA,0.15,0.3,"EA","5.74","1.21","5.466",0.632,"0.000"
"144","Schile et al 2016","LS thumayriyah high sabkha 3","thumayriyah",3,"high sabkha",24.129726,53.029059,"Garmin GPS",1,"Abu Dhabi","United Arab Emirates",NA,0.3,0.5,"EA","3.42","0.78","3.246",1.295,"0.000"
"145","Schile et al 2016","LS thumayriyah low sabkha 1","thumayriyah",1,"low sabkha",24.132536,53.028825,"Garmin GPS",1,"Abu Dhabi","United Arab Emirates",NA,0,0.15,"EA","1.72","0.98","8.045",1.273,"0.000"
"146","Schile et al 2016","LS thumayriyah low sabkha 1","thumayriyah",1,"low sabkha",24.132536,53.028825,"Garmin GPS",1,"Abu Dhabi","United Arab Emirates",NA,0.15,0.3,"EA","4.67","0.91","5.951",1.518,"0.000"
"147","Schile et al 2016","LS thumayriyah low sabkha 1","thumayriyah",1,"low sabkha",24.132536,53.028825,"Garmin GPS",1,"Abu Dhabi","United Arab Emirates",NA,0.3,0.65,"EA","5.06","0.69","5.271",1.522,"0.000"
"148","Schile et al 2016","LS thumayriyah low sabkha 2","thumayriyah",2,"low sabkha",24.132749,53.029184,"Garmin GPS",1,"Abu Dhabi","United Arab Emirates",NA,0,0.15,"EA","1.74","3.79","7.046",1.63,"0.000"
"149","Schile et al 2016","LS thumayriyah low sabkha 2","thumayriyah",2,"low sabkha",24.132749,53.029184,"Garmin GPS",1,"Abu Dhabi","United Arab Emirates",NA,0.15,0.3,"EA","4.21","0.98","7.631",1.384,"0.000"
"150","Schile et al 2016","LS thumayriyah low sabkha 2","thumayriyah",2,"low sabkha",24.132749,53.029184,"Garmin GPS",1,"Abu Dhabi","United Arab Emirates",NA,0.3,0.52,"EA","5.60","0.74","5.124",1.428,"0.000"
"151","Schile et al 2016","LS thumayriyah low sabkha 3","thumayriyah",3,"low sabkha",24.132956,53.029489,"Garmin GPS",1,"Abu Dhabi","United Arab Emirates",NA,0,0.15,"EA","3.07","1.30","7.753",1.156,"0.000"
"152","Schile et al 2016","LS thumayriyah low sabkha 3","thumayriyah",3,"low sabkha",24.132956,53.029489,"Garmin GPS",1,"Abu Dhabi","United Arab Emirates",NA,0.15,0.3,"EA","5.58","1.07","5.572",1.48,"0.039"
"153","Schile et al 2016","LS thumayriyah low sabkha 3","thumayriyah",3,"low sabkha",24.132956,53.029489,"Garmin GPS",1,"Abu Dhabi","United Arab Emirates",NA,0.3,0.5,"EA","5.87","0.78","4.561",1.629,"0.055"
