"","Source","Site_name","Site","Habitat_type","Latitude","Longitude","accuracy_flag","accuracy_code","Country","Year_collected","U_depth_m","L_depth_m","Method","Conv_factor","OC_perc","SOM_perc","BD_reported_g_cm3"
"1","Ward et al 2021","MAW Elkhorn Slough SM","Elkhorn Slough","Salt Marsh",36.8182,-121.76552,"direct from dataset","2","USA",NA,0,0.02,"LOI","0.22*x^1.1",6.264,21.642,0.438
"2","Ward et al 2021","MAW Elkhorn Slough SM","Elkhorn Slough","Salt Marsh",36.8182,-121.76552,"direct from dataset","2","USA",NA,0.02,0.04,"LOI","0.22*x^1.1",5.139,18.061,0.495
"3","Ward et al 2021","MAW Elkhorn Slough SM","Elkhorn Slough","Salt Marsh",36.8182,-121.76552,"direct from dataset","2","USA",NA,0.04,0.06,"LOI","0.22*x^1.1",5.624,19.613,0.554
"4","Ward et al 2021","MAW Elkhorn Slough SM","Elkhorn Slough","Salt Marsh",36.8182,-121.76552,"direct from dataset","2","USA",NA,0.06,0.08,"LOI","0.22*x^1.1",3.666,13.268,0.574
"5","Ward et al 2021","MAW Elkhorn Slough SM","Elkhorn Slough","Salt Marsh",36.8182,-121.76552,"direct from dataset","2","USA",NA,0.08,0.1,"LOI","0.22*x^1.1",4.462,15.877,0.574
"6","Ward et al 2021","MAW Elkhorn Slough SM","Elkhorn Slough","Salt Marsh",36.8182,-121.76552,"direct from dataset","2","USA",NA,0.1,0.12,"LOI","0.22*x^1.1",4.667,16.542,0.586
"7","Ward et al 2021","MAW Elkhorn Slough SM","Elkhorn Slough","Salt Marsh",36.8182,-121.76552,"direct from dataset","2","USA",NA,0.12,0.14,"LOI","0.22*x^1.1",3.385,12.337,0.784
"8","Ward et al 2021","MAW Elkhorn Slough SM","Elkhorn Slough","Salt Marsh",36.8182,-121.76552,"direct from dataset","2","USA",NA,0.14,0.16,"LOI","0.22*x^1.1",3.365,12.268,0.533
"9","Ward et al 2021","MAW Elkhorn Slough SM","Elkhorn Slough","Salt Marsh",36.8182,-121.76552,"direct from dataset","2","USA",NA,0.16,0.18,"LOI","0.22*x^1.1",3.322,12.126,0.579
"10","Ward et al 2021","MAW Elkhorn Slough SM","Elkhorn Slough","Salt Marsh",36.8182,-121.76552,"direct from dataset","2","USA",NA,0.18,0.2,"LOI","0.22*x^1.1",3.222,11.793,0.75
"11","Ward et al 2021","MAW Elkhorn Slough SM","Elkhorn Slough","Salt Marsh",36.81745,-121.76419,"direct from dataset","2","USA",NA,0,0.02,"LOI","0.22*x^1.1",8.89,29.795,0.205
"12","Ward et al 2021","MAW Elkhorn Slough SM","Elkhorn Slough","Salt Marsh",36.81745,-121.76419,"direct from dataset","2","USA",NA,0.02,0.04,"LOI","0.22*x^1.1",8.235,27.784,0.302
"13","Ward et al 2021","MAW Elkhorn Slough SM","Elkhorn Slough","Salt Marsh",36.81745,-121.76419,"direct from dataset","2","USA",NA,0.04,0.06,"LOI","0.22*x^1.1",9.676,32.192,0.242
"14","Ward et al 2021","MAW Elkhorn Slough SM","Elkhorn Slough","Salt Marsh",36.81745,-121.76419,"direct from dataset","2","USA",NA,0.06,0.08,"LOI","0.22*x^1.1",8.612,28.945,0.23
"15","Ward et al 2021","MAW Elkhorn Slough SM","Elkhorn Slough","Salt Marsh",36.81745,-121.76419,"direct from dataset","2","USA",NA,0.08,0.1,"LOI","0.22*x^1.1",8.508,28.624,0.254
"16","Ward et al 2021","MAW Elkhorn Slough SM","Elkhorn Slough","Salt Marsh",36.81745,-121.76419,"direct from dataset","2","USA",NA,0.1,0.12,"LOI","0.22*x^1.1",7.596,25.808,0.29
"17","Ward et al 2021","MAW Elkhorn Slough SM","Elkhorn Slough","Salt Marsh",36.81745,-121.76419,"direct from dataset","2","USA",NA,0.12,0.14,"LOI","0.22*x^1.1",3.993,14.343,0.277
"18","Ward et al 2021","MAW Elkhorn Slough SM","Elkhorn Slough","Salt Marsh",36.81745,-121.76419,"direct from dataset","2","USA",NA,0.14,0.16,"LOI","0.22*x^1.1",6.595,22.685,0.293
"19","Ward et al 2021","MAW Elkhorn Slough SM","Elkhorn Slough","Salt Marsh",36.81745,-121.76419,"direct from dataset","2","USA",NA,0.16,0.18,"LOI","0.22*x^1.1",7.336,24.998,0.272
"20","Ward et al 2021","MAW Elkhorn Slough SM","Elkhorn Slough","Salt Marsh",36.81487,-121.76308,"direct from dataset","2","USA",NA,0,0.02,"LOI","0.22*x^1.1",10.178,33.72,0.2197
"21","Ward et al 2021","MAW Elkhorn Slough SM","Elkhorn Slough","Salt Marsh",36.81487,-121.76308,"direct from dataset","2","USA",NA,0.02,0.04,"LOI","0.22*x^1.1",9.021,30.2,0.2368
"22","Ward et al 2021","MAW Elkhorn Slough SM","Elkhorn Slough","Salt Marsh",36.81487,-121.76308,"direct from dataset","2","USA",NA,0.04,0.06,"LOI","0.22*x^1.1",9.413,31.39,0.2824
"23","Ward et al 2021","MAW Elkhorn Slough SM","Elkhorn Slough","Salt Marsh",36.81487,-121.76308,"direct from dataset","2","USA",NA,0.06,0.08,"LOI","0.22*x^1.1",6.449,22.22,0.3087
"24","Ward et al 2021","MAW Elkhorn Slough SM","Elkhorn Slough","Salt Marsh",36.81487,-121.76308,"direct from dataset","2","USA",NA,0.08,0.1,"LOI","0.22*x^1.1",6.574,22.62,0.2879
"25","Ward et al 2021","MAW Elkhorn Slough SM","Elkhorn Slough","Salt Marsh",36.81487,-121.76308,"direct from dataset","2","USA",NA,0.1,0.12,"LOI","0.22*x^1.1",6.168,21.34,0.3944
"26","Ward et al 2021","MAW Elkhorn Slough SM","Elkhorn Slough","Salt Marsh",36.81487,-121.76308,"direct from dataset","2","USA",NA,0.12,0.14,"LOI","0.22*x^1.1",6.206,21.46,0.309
"27","Ward et al 2021","MAW Elkhorn Slough SM","Elkhorn Slough","Salt Marsh",36.81487,-121.76308,"direct from dataset","2","USA",NA,0.14,0.16,"LOI","0.22*x^1.1",9.604,31.97,0.2546
"28","Ward et al 2021","MAW Elkhorn Slough SM","Elkhorn Slough","Salt Marsh",36.81487,-121.76308,"direct from dataset","2","USA",NA,0.16,0.18,"LOI","0.22*x^1.1",9.234,30.85,0.2243
"29","Ward et al 2021","MAW Elkhorn Slough SM","Elkhorn Slough","Salt Marsh",36.81487,-121.76308,"direct from dataset","2","USA",NA,0.18,0.2,"LOI","0.22*x^1.1",8.995,30.12,0.2499
"30","Ward et al 2021","MAW Elkhorn Slough SM","Elkhorn Slough","Salt Marsh",36.8133,-121.76839,"direct from dataset","2","USA",NA,0,0.02,"LOI","0.22*x^1.1",6.207,21.46,0.264
"31","Ward et al 2021","MAW Elkhorn Slough SM","Elkhorn Slough","Salt Marsh",36.8133,-121.76839,"direct from dataset","2","USA",NA,0.02,0.04,"LOI","0.22*x^1.1",5.94,20.62,0.368
"32","Ward et al 2021","MAW Elkhorn Slough SM","Elkhorn Slough","Salt Marsh",36.8133,-121.76839,"direct from dataset","2","USA",NA,0.04,0.06,"LOI","0.22*x^1.1",5.206,18.28,0.393
"33","Ward et al 2021","MAW Elkhorn Slough SM","Elkhorn Slough","Salt Marsh",36.8133,-121.76839,"direct from dataset","2","USA",NA,0.06,0.08,"LOI","0.22*x^1.1",3.6,13.05,0.522
"34","Ward et al 2021","MAW Elkhorn Slough SM","Elkhorn Slough","Salt Marsh",36.8133,-121.76839,"direct from dataset","2","USA",NA,0.08,0.1,"LOI","0.22*x^1.1",3.826,13.8,0.456
"35","Ward et al 2021","MAW Elkhorn Slough SM","Elkhorn Slough","Salt Marsh",36.8133,-121.76839,"direct from dataset","2","USA",NA,0.1,0.12,"LOI","0.22*x^1.1",3.606,13.07,0.608
"36","Ward et al 2021","MAW Elkhorn Slough SM","Elkhorn Slough","Salt Marsh",36.8133,-121.76839,"direct from dataset","2","USA",NA,0.12,0.14,"LOI","0.22*x^1.1",4.593,16.3,0.453
"37","Ward et al 2021","MAW Elkhorn Slough SM","Elkhorn Slough","Salt Marsh",36.8133,-121.76839,"direct from dataset","2","USA",NA,0.14,0.16,"LOI","0.22*x^1.1",2.781,10.31,0.665
"38","Ward et al 2021","MAW Elkhorn Slough SM","Elkhorn Slough","Salt Marsh",36.8133,-121.76839,"direct from dataset","2","USA",NA,0.16,0.18,"LOI","0.22*x^1.1",3.74,13.51,0.539
"39","Ward et al 2021","MAW Elkhorn Slough SM","Elkhorn Slough","Salt Marsh",36.8133,-121.76839,"direct from dataset","2","USA",NA,0.18,0.2,"LOI","0.22*x^1.1",4.374,15.59,0.623
"40","Ward et al 2021","MAW Elkhorn Slough SM","Elkhorn Slough","Salt Marsh",36.81294,-121.76804,"direct from dataset","2","USA",NA,0,0.02,"LOI","0.22*x^1.1",5.829,20.26,0.314
"41","Ward et al 2021","MAW Elkhorn Slough SM","Elkhorn Slough","Salt Marsh",36.81294,-121.76804,"direct from dataset","2","USA",NA,0.02,0.04,"LOI","0.22*x^1.1",4.185,14.97,0.479
"42","Ward et al 2021","MAW Elkhorn Slough SM","Elkhorn Slough","Salt Marsh",36.81294,-121.76804,"direct from dataset","2","USA",NA,0.04,0.06,"LOI","0.22*x^1.1",3.816,13.76,0.484
"43","Ward et al 2021","MAW Elkhorn Slough SM","Elkhorn Slough","Salt Marsh",36.81294,-121.76804,"direct from dataset","2","USA",NA,0.06,0.08,"LOI","0.22*x^1.1",4.057,14.55,0.491
"44","Ward et al 2021","MAW Elkhorn Slough SM","Elkhorn Slough","Salt Marsh",36.81294,-121.76804,"direct from dataset","2","USA",NA,0.08,0.1,"LOI","0.22*x^1.1",3.147,11.54,0.549
"45","Ward et al 2021","MAW Elkhorn Slough SM","Elkhorn Slough","Salt Marsh",36.81294,-121.76804,"direct from dataset","2","USA",NA,0.1,0.12,"LOI","0.22*x^1.1",2.858,10.57,0.57
"46","Ward et al 2021","MAW Elkhorn Slough SM","Elkhorn Slough","Salt Marsh",36.81294,-121.76804,"direct from dataset","2","USA",NA,0.12,0.14,"LOI","0.22*x^1.1",2.944,10.86,0.586
"47","Ward et al 2021","MAW Elkhorn Slough SM","Elkhorn Slough","Salt Marsh",36.81294,-121.76804,"direct from dataset","2","USA",NA,0.14,0.16,"LOI","0.22*x^1.1",6.51,22.41,0.429
"48","Ward et al 2021","MAW Elkhorn Slough SM","Elkhorn Slough","Salt Marsh",36.81294,-121.76804,"direct from dataset","2","USA",NA,0.16,0.18,"LOI","0.22*x^1.1",7.71,26.16,0.521
"49","Ward et al 2021","MAW Elkhorn Slough SM","Elkhorn Slough","Salt Marsh",36.81294,-121.76804,"direct from dataset","2","USA",NA,0.18,0.2,"LOI","0.22*x^1.1",4.202,15.03,0.765
"50","Ward et al 2021","MAW Elkhorn Slough SM","Elkhorn Slough","Salt Marsh",36.81,-121.77,"direct from dataset","2","USA",NA,0,0.02,"LOI","0.22*x^1.1",3.6,13.048,0.618
"51","Ward et al 2021","MAW Elkhorn Slough SM","Elkhorn Slough","Salt Marsh",36.81,-121.78,"direct from dataset","2","USA",NA,0.02,0.04,"LOI","0.22*x^1.1",2.814,10.421,0.762
"52","Ward et al 2021","MAW Elkhorn Slough SM","Elkhorn Slough","Salt Marsh",36.81,-121.79,"direct from dataset","2","USA",NA,0.04,0.06,"LOI","0.22*x^1.1",3.66,13.249,0.674
"53","Ward et al 2021","MAW Elkhorn Slough SM","Elkhorn Slough","Salt Marsh",36.81,-121.8,"direct from dataset","2","USA",NA,0.06,0.08,"LOI","0.22*x^1.1",3.024,11.128,0.707
"54","Ward et al 2021","MAW Elkhorn Slough SM","Elkhorn Slough","Salt Marsh",36.81,-121.81,"direct from dataset","2","USA",NA,0.08,0.1,"LOI","0.22*x^1.1",3.347,12.207,0.798
"55","Ward et al 2021","MAW Elkhorn Slough SM","Elkhorn Slough","Salt Marsh",36.81,-121.82,"direct from dataset","2","USA",NA,0.1,0.12,"LOI","0.22*x^1.1",3.199,11.716,0.855
"56","Ward et al 2021","MAW Elkhorn Slough SM","Elkhorn Slough","Salt Marsh",36.81,-121.83,"direct from dataset","2","USA",NA,0.12,0.14,"LOI","0.22*x^1.1",3.094,11.362,1.071
"57","Ward et al 2021","MAW Elkhorn Slough SM","Elkhorn Slough","Salt Marsh",36.81,-121.84,"direct from dataset","2","USA",NA,0,0.02,"LOI","0.22*x^1.1",2.945,10.862,0.796
"58","Ward et al 2021","MAW Elkhorn Slough SM","Elkhorn Slough","Salt Marsh",36.81,-121.85,"direct from dataset","2","USA",NA,0.02,0.04,"LOI","0.22*x^1.1",2.711,10.07,0.771
"59","Ward et al 2021","MAW Elkhorn Slough SM","Elkhorn Slough","Salt Marsh",36.81,-121.86,"direct from dataset","2","USA",NA,0.04,0.06,"LOI","0.22*x^1.1",2.76,10.238,0.868
"60","Ward et al 2021","MAW Elkhorn Slough SM","Elkhorn Slough","Salt Marsh",36.81,-121.87,"direct from dataset","2","USA",NA,0.06,0.08,"LOI","0.22*x^1.1",2.567,9.582,0.918
"61","Ward et al 2021","MAW Elkhorn Slough SM","Elkhorn Slough","Salt Marsh",36.81,-121.88,"direct from dataset","2","USA",NA,0.08,0.1,"LOI","0.22*x^1.1",2.518,9.415,0.96
"62","Ward et al 2021","MAW Elkhorn Slough SM","Elkhorn Slough","Salt Marsh",36.81,-121.92,"direct from dataset","2","USA",NA,0,0.02,"LOI","0.22*x^1.1",18.04,56.866,0.368
"63","Ward et al 2021","MAW Elkhorn Slough SM","Elkhorn Slough","Salt Marsh",36.81,-121.93,"direct from dataset","2","USA",NA,0.02,0.04,"LOI","0.22*x^1.1",3.793,13.688,0.476
"64","Ward et al 2021","MAW Elkhorn Slough SM","Elkhorn Slough","Salt Marsh",36.81,-121.94,"direct from dataset","2","USA",NA,0.04,0.06,"LOI","0.22*x^1.1",3.512,12.757,0.399
"65","Ward et al 2021","MAW Elkhorn Slough SM","Elkhorn Slough","Salt Marsh",36.81,-121.95,"direct from dataset","2","USA",NA,0.06,0.08,"LOI","0.22*x^1.1",4.799,16.966,0.47
"66","Ward et al 2021","MAW Elkhorn Slough SM","Elkhorn Slough","Salt Marsh",36.81,-121.96,"direct from dataset","2","USA",NA,0.08,0.1,"LOI","0.22*x^1.1",4.486,15.953,0.492
"67","Ward et al 2021","MAW Elkhorn Slough SM","Elkhorn Slough","Salt Marsh",36.81,-121.97,"direct from dataset","2","USA",NA,0.1,0.12,"LOI","0.22*x^1.1",5.292,18.554,0.484
"68","Ward et al 2021","MAW Elkhorn Slough SM","Elkhorn Slough","Salt Marsh",36.81,-121.98,"direct from dataset","2","USA",NA,0.12,0.14,"LOI","0.22*x^1.1",4.438,15.799,0.408
"69","Ward et al 2021","MAW Elkhorn Slough SM","Elkhorn Slough","Salt Marsh",36.81,-121.99,"direct from dataset","2","USA",NA,0.14,0.16,"LOI","0.22*x^1.1",3.777,13.635,0.493
"70","Ward et al 2021","MAW Elkhorn Slough SM","Elkhorn Slough","Salt Marsh",36.81,-121.1,"direct from dataset","2","USA",NA,0.16,0.18,"LOI","0.22*x^1.1",3.916,14.092,0.579
"71","Ward et al 2021","MAW Elkhorn Slough SM","Elkhorn Slough","Salt Marsh",36.81,-121.111,"direct from dataset","2","USA",NA,0,0.02,"LOI","0.22*x^1.1",4.329,15.442,0.42
"72","Ward et al 2021","MAW Elkhorn Slough SM","Elkhorn Slough","Salt Marsh",36.81,-121.112,"direct from dataset","2","USA",NA,0.02,0.04,"LOI","0.22*x^1.1",3.516,12.77,0.642
"73","Ward et al 2021","MAW Elkhorn Slough SM","Elkhorn Slough","Salt Marsh",36.81,-121.113,"direct from dataset","2","USA",NA,0.04,0.06,"LOI","0.22*x^1.1",3.914,14.084,0.521
"74","Ward et al 2021","MAW Elkhorn Slough SM","Elkhorn Slough","Salt Marsh",36.81,-121.114,"direct from dataset","2","USA",NA,0.06,0.08,"LOI","0.22*x^1.1",3.822,13.782,0.627
"75","Ward et al 2021","MAW Elkhorn Slough SM","Elkhorn Slough","Salt Marsh",36.81,-121.115,"direct from dataset","2","USA",NA,0.08,0.1,"LOI","0.22*x^1.1",3.894,14.019,0.576
"76","Ward et al 2021","MAW Elkhorn Slough SM","Elkhorn Slough","Salt Marsh",36.81,-121.116,"direct from dataset","2","USA",NA,0.1,0.12,"LOI","0.22*x^1.1",2.976,10.967,0.71
"77","Ward et al 2021","MAW Elkhorn Slough SM","Elkhorn Slough","Salt Marsh",36.81,-121.117,"direct from dataset","2","USA",NA,0.12,0.14,"LOI","0.22*x^1.1",3.527,12.809,0.661
"78","Ward et al 2021","MAW Elkhorn Slough SM","Elkhorn Slough","Salt Marsh",36.81,-121.118,"direct from dataset","2","USA",NA,0.14,0.16,"LOI","0.22*x^1.1",3.125,11.467,0.663
"79","Ward et al 2021","MAW Elkhorn Slough SM","Elkhorn Slough","Salt Marsh",36.81,-121.119,"direct from dataset","2","USA",NA,0.16,0.18,"LOI","0.22*x^1.1",2.796,10.358,0.815
"80","Ward et al 2021","MAW Elkhorn Slough SM","Elkhorn Slough","Salt Marsh",36.81,-121.12,"direct from dataset","2","USA",NA,0.18,0.2,"LOI","0.22*x^1.1",3.026,11.136,0.782
"81","Ward et al 2021","MAW Elkhorn Slough SM","Elkhorn Slough","Salt Marsh",36.81,-121.123,"direct from dataset","2","USA",NA,0,0.02,"LOI","0.22*x^1.1",3.083,11.327,0.989
"82","Ward et al 2021","MAW Elkhorn Slough SM","Elkhorn Slough","Salt Marsh",36.81,-121.124,"direct from dataset","2","USA",NA,0.02,0.04,"LOI","0.22*x^1.1",3.378,12.312,1.158
"83","Ward et al 2021","MAW Elkhorn Slough SM","Elkhorn Slough","Salt Marsh",36.81,-121.125,"direct from dataset","2","USA",NA,0.04,0.06,"LOI","0.22*x^1.1",3.424,12.464,1.12
"84","Ward et al 2021","MAW Elkhorn Slough SM","Elkhorn Slough","Salt Marsh",36.81,-121.126,"direct from dataset","2","USA",NA,0.06,0.08,"LOI","0.22*x^1.1",4.161,14.894,1.149
"85","Ward et al 2021","MAW Elkhorn Slough SM","Elkhorn Slough","Salt Marsh",36.81,-121.127,"direct from dataset","2","USA",NA,0.08,0.1,"LOI","0.22*x^1.1",3.324,12.134,1.37
"86","Ward et al 2021","MAW Elkhorn Slough SM","Elkhorn Slough","Salt Marsh",36.81,-121.128,"direct from dataset","2","USA",NA,0.1,0.12,"LOI","0.22*x^1.1",3.106,11.402,1.192
"87","Ward et al 2021","MAW Elkhorn Slough SM","Elkhorn Slough","Salt Marsh",36.81,-121.129,"direct from dataset","2","USA",NA,0.12,0.14,"LOI","0.22*x^1.1",3.172,11.624,1.263
"88","Ward et al 2021","MAW Elkhorn Slough SM","Elkhorn Slough","Salt Marsh",36.81,-121.13,"direct from dataset","2","USA",NA,0.14,0.16,"LOI","0.22*x^1.1",2.958,10.906,1.294
"89","Ward et al 2021","MAW Elkhorn Slough SM","Elkhorn Slough","Salt Marsh",36.81,-121.131,"direct from dataset","2","USA",NA,0,0.02,"LOI","0.22*x^1.1",3.283,11.994,1.107
"90","Ward et al 2021","MAW Elkhorn Slough SM","Elkhorn Slough","Salt Marsh",36.81,-121.132,"direct from dataset","2","USA",NA,0.02,0.04,"LOI","0.22*x^1.1",3.346,12.206,1.133
"91","Ward et al 2021","MAW Elkhorn Slough SM","Elkhorn Slough","Salt Marsh",36.81,-121.133,"direct from dataset","2","USA",NA,0.04,0.06,"LOI","0.22*x^1.1",3.073,11.293,1.266
"92","Ward et al 2021","MAW Elkhorn Slough SM","Elkhorn Slough","Salt Marsh",36.81,-121.134,"direct from dataset","2","USA",NA,0.06,0.08,"LOI","0.22*x^1.1",2.897,10.702,1.177
"93","Ward et al 2021","MAW Elkhorn Slough SM","Elkhorn Slough","Salt Marsh",36.81,-121.135,"direct from dataset","2","USA",NA,0.08,0.1,"LOI","0.22*x^1.1",3.137,11.506,1.183
"94","Ward et al 2021","MAW Elkhorn Slough SM","Elkhorn Slough","Salt Marsh",36.81,-121.136,"direct from dataset","2","USA",NA,0.1,0.12,"LOI","0.22*x^1.1",3.136,11.505,1.194
"95","Ward et al 2021","MAW Elkhorn Slough SM","Elkhorn Slough","Salt Marsh",36.81,-121.137,"direct from dataset","2","USA",NA,0.12,0.14,"LOI","0.22*x^1.1",3.523,12.794,1.224
"96","Ward et al 2021","MAW Elkhorn Slough SM","Elkhorn Slough","Salt Marsh",36.81,-121.138,"direct from dataset","2","USA",NA,0.14,0.16,"LOI","0.22*x^1.1",2.909,10.742,1.213
"97","Ward et al 2021","MAW Elkhorn Slough SM","Elkhorn Slough","Salt Marsh",36.81,-121.139,"direct from dataset","2","USA",NA,0.16,0.18,"LOI","0.22*x^1.1",2.91,10.744,1.046
"98","Ward et al 2021","MAW Newport Bay SM","Newport Bay","Salt Marsh",33.62597,-117.88922,"direct from dataset","2","USA",NA,0,0.02,"LOI","0.22*x^1.1",9.132,30.5357,0.2822
"99","Ward et al 2021","MAW Newport Bay SM","Newport Bay","Salt Marsh",33.62597,-117.88922,"direct from dataset","2","USA",NA,0.02,0.04,"LOI","0.22*x^1.1",2.937,10.8364,0.854
"100","Ward et al 2021","MAW Newport Bay SM","Newport Bay","Salt Marsh",33.62597,-117.88922,"direct from dataset","2","USA",NA,0.04,0.06,"LOI","0.22*x^1.1",2.228,8.4175,0.4929
"101","Ward et al 2021","MAW Newport Bay SM","Newport Bay","Salt Marsh",33.62597,-117.88922,"direct from dataset","2","USA",NA,0.06,0.08,"LOI","0.22*x^1.1",1.269,5.0334,0.9025
"102","Ward et al 2021","MAW Newport Bay SM","Newport Bay","Salt Marsh",33.62597,-117.88922,"direct from dataset","2","USA",NA,0.08,0.1,"LOI","0.22*x^1.1",0.922,3.7597,1.3789
"103","Ward et al 2021","MAW Newport Bay SM","Newport Bay","Salt Marsh",33.62597,-117.88922,"direct from dataset","2","USA",NA,0.1,0.12,"LOI","0.22*x^1.1",0.517,2.2177,1.6194
"104","Ward et al 2021","MAW Newport Bay SM","Newport Bay","Salt Marsh",33.62597,-117.88922,"direct from dataset","2","USA",NA,0.12,0.14,"LOI","0.22*x^1.1",0.405,1.7757,1.7041
"105","Ward et al 2021","MAW Newport Bay SM","Newport Bay","Salt Marsh",33.62597,-117.88922,"direct from dataset","2","USA",NA,0.14,0.16,"LOI","0.22*x^1.1",0.309,1.3856,1.8001
"106","Ward et al 2021","MAW Newport Bay SM","Newport Bay","Salt Marsh",33.62597,-117.88922,"direct from dataset","2","USA",NA,0.16,0.18,"LOI","0.22*x^1.1",0.152,0.7266,1.6676
"107","Ward et al 2021","MAW Newport Bay SM","Newport Bay","Salt Marsh",33.62597,-117.88922,"direct from dataset","2","USA",NA,0.18,0.2,"LOI","0.22*x^1.1",0.076,0.3858,1.7516
"108","Ward et al 2021","MAW Newport Bay SM","Newport Bay","Salt Marsh",33.6254,-117.88911,"direct from dataset","2","USA",NA,0,0.02,"LOI","0.22*x^1.1",6.271,21.662,0.5044
"109","Ward et al 2021","MAW Newport Bay SM","Newport Bay","Salt Marsh",33.6254,-117.88911,"direct from dataset","2","USA",NA,0.02,0.04,"LOI","0.22*x^1.1",3.894,14.02,0.652
"110","Ward et al 2021","MAW Newport Bay SM","Newport Bay","Salt Marsh",33.6254,-117.88911,"direct from dataset","2","USA",NA,0.04,0.06,"LOI","0.22*x^1.1",5.295,18.563,0.3954
"111","Ward et al 2021","MAW Newport Bay SM","Newport Bay","Salt Marsh",33.6254,-117.88911,"direct from dataset","2","USA",NA,0.06,0.08,"LOI","0.22*x^1.1",1.788,6.886,0.7618
"112","Ward et al 2021","MAW Newport Bay SM","Newport Bay","Salt Marsh",33.6254,-117.88911,"direct from dataset","2","USA",NA,0.08,0.1,"LOI","0.22*x^1.1",0.403,1.767,1.305
"113","Ward et al 2021","MAW Newport Bay SM","Newport Bay","Salt Marsh",33.6254,-117.88911,"direct from dataset","2","USA",NA,0.1,0.12,"LOI","0.22*x^1.1",0.287,1.296,1.425
"114","Ward et al 2021","MAW Newport Bay SM","Newport Bay","Salt Marsh",33.6254,-117.88911,"direct from dataset","2","USA",NA,0.12,0.14,"LOI","0.22*x^1.1",0.32,1.433,1.505
"115","Ward et al 2021","MAW Newport Bay SM","Newport Bay","Salt Marsh",33.6254,-117.88911,"direct from dataset","2","USA",NA,0.14,0.16,"LOI","0.22*x^1.1",0.214,0.989,1.63
"116","Ward et al 2021","MAW Newport Bay SM","Newport Bay","Salt Marsh",33.6254,-117.88911,"direct from dataset","2","USA",NA,0.16,0.18,"LOI","0.22*x^1.1",0.058,0.3,1.853
"117","Ward et al 2021","MAW Newport Bay SM","Newport Bay","Salt Marsh",33.6254,-117.88911,"direct from dataset","2","USA",NA,0.18,0.2,"LOI","0.22*x^1.1",0.111,0.545,1.7811
"118","Ward et al 2021","MAW Newport Bay SM","Newport Bay","Salt Marsh",33.6249,-117.88881,"direct from dataset","2","USA",NA,0,0.02,"LOI","0.22*x^1.1",11.297,37.085,0.288
"119","Ward et al 2021","MAW Newport Bay SM","Newport Bay","Salt Marsh",33.6249,-117.88881,"direct from dataset","2","USA",NA,0.02,0.04,"LOI","0.22*x^1.1",5.39,18.866,0.495
"120","Ward et al 2021","MAW Newport Bay SM","Newport Bay","Salt Marsh",33.6249,-117.88881,"direct from dataset","2","USA",NA,0.04,0.06,"LOI","0.22*x^1.1",4.979,17.548,0.479
"121","Ward et al 2021","MAW Newport Bay SM","Newport Bay","Salt Marsh",33.6249,-117.88881,"direct from dataset","2","USA",NA,0.06,0.08,"LOI","0.22*x^1.1",5.9,20.49,0.399
"122","Ward et al 2021","MAW Newport Bay SM","Newport Bay","Salt Marsh",33.6249,-117.88881,"direct from dataset","2","USA",NA,0.08,0.1,"LOI","0.22*x^1.1",8.29,27.952,0.418
"123","Ward et al 2021","MAW Newport Bay SM","Newport Bay","Salt Marsh",33.6249,-117.88881,"direct from dataset","2","USA",NA,0.1,0.12,"LOI","0.22*x^1.1",1.902,7.285,0.424
"124","Ward et al 2021","MAW Newport Bay SM","Newport Bay","Salt Marsh",33.6249,-117.88881,"direct from dataset","2","USA",NA,0.12,0.14,"LOI","0.22*x^1.1",3.376,12.304,0.507
"125","Ward et al 2021","MAW Newport Bay SM","Newport Bay","Salt Marsh",33.6249,-117.88881,"direct from dataset","2","USA",NA,0.14,0.16,"LOI","0.22*x^1.1",2.874,10.622,0.687
"126","Ward et al 2021","MAW Newport Bay SM","Newport Bay","Salt Marsh",33.6249,-117.88881,"direct from dataset","2","USA",NA,0.16,0.18,"LOI","0.22*x^1.1",2.264,8.544,0.842
"127","Ward et al 2021","MAW Newport Bay SM","Newport Bay","Salt Marsh",33.6249,-117.88881,"direct from dataset","2","USA",NA,0.18,0.2,"LOI","0.22*x^1.1",1.76,6.786,0.921
"128","Ward et al 2021","MAW Newport Bay SM","Newport Bay","Salt Marsh",33.62853,-117.8884,"direct from dataset","2","USA",NA,0,0.02,"LOI","0.22*x^1.1",12.683,41.217,0.311
"129","Ward et al 2021","MAW Newport Bay SM","Newport Bay","Salt Marsh",33.62853,-117.8884,"direct from dataset","2","USA",NA,0.02,0.04,"LOI","0.22*x^1.1",6.829,23.418,0.343
"130","Ward et al 2021","MAW Newport Bay SM","Newport Bay","Salt Marsh",33.62853,-117.8884,"direct from dataset","2","USA",NA,0.04,0.06,"LOI","0.22*x^1.1",6.882,23.583,0.306
"131","Ward et al 2021","MAW Newport Bay SM","Newport Bay","Salt Marsh",33.62853,-117.8884,"direct from dataset","2","USA",NA,0.06,0.08,"LOI","0.22*x^1.1",10.102,33.484,0.236
"132","Ward et al 2021","MAW Newport Bay SM","Newport Bay","Salt Marsh",33.62853,-117.8884,"direct from dataset","2","USA",NA,0.08,0.1,"LOI","0.22*x^1.1",4.907,17.316,0.47
"133","Ward et al 2021","MAW Newport Bay SM","Newport Bay","Salt Marsh",33.62853,-117.8884,"direct from dataset","2","USA",NA,0.1,0.12,"LOI","0.22*x^1.1",2.847,10.531,0.551
"134","Ward et al 2021","MAW Newport Bay SM","Newport Bay","Salt Marsh",33.62853,-117.8884,"direct from dataset","2","USA",NA,0.12,0.14,"LOI","0.22*x^1.1",6.186,21.396,0.383
"135","Ward et al 2021","MAW Newport Bay SM","Newport Bay","Salt Marsh",33.62853,-117.8884,"direct from dataset","2","USA",NA,0.14,0.16,"LOI","0.22*x^1.1",4.735,16.76,0.429
"136","Ward et al 2021","MAW Newport Bay SM","Newport Bay","Salt Marsh",33.62853,-117.8884,"direct from dataset","2","USA",NA,0.16,0.18,"LOI","0.22*x^1.1",3.877,13.963,0.593
"137","Ward et al 2021","MAW Newport Bay SM","Newport Bay","Salt Marsh",33.62853,-117.8884,"direct from dataset","2","USA",NA,0.18,0.2,"LOI","0.22*x^1.1",3.132,11.491,0.552
"138","Ward et al 2021","MAW Tomales Bay SM","Tomales Bay","Salt Marsh",38.21466,-122.9265,"direct from dataset","2","USA",NA,0,0.02,"LOI","0.22*x^1.1",11.572,37.91,0.417
"139","Ward et al 2021","MAW Tomales Bay SM","Tomales Bay","Salt Marsh",38.21466,-122.9265,"direct from dataset","2","USA",NA,0.02,0.04,"LOI","0.22*x^1.1",14.035,45.21,0.387
"140","Ward et al 2021","MAW Tomales Bay SM","Tomales Bay","Salt Marsh",38.21466,-122.9265,"direct from dataset","2","USA",NA,0.04,0.06,"LOI","0.22*x^1.1",1.978,7.55,0.97
"141","Ward et al 2021","MAW Tomales Bay SM","Tomales Bay","Salt Marsh",38.21466,-122.9265,"direct from dataset","2","USA",NA,0.06,0.08,"LOI","0.22*x^1.1",3.326,12.14,0.819
"142","Ward et al 2021","MAW Tomales Bay SM","Tomales Bay","Salt Marsh",38.21466,-122.9265,"direct from dataset","2","USA",NA,0.08,0.1,"LOI","0.22*x^1.1",5.048,17.77,0.753
"143","Ward et al 2021","MAW Tomales Bay SM","Tomales Bay","Salt Marsh",38.21466,-122.9265,"direct from dataset","2","USA",NA,0.1,0.12,"LOI","0.22*x^1.1",3.88,13.97,0.972
"144","Ward et al 2021","MAW Tomales Bay SM","Tomales Bay","Salt Marsh",38.21466,-122.9265,"direct from dataset","2","USA",NA,0.12,0.14,"LOI","0.22*x^1.1",3.275,11.97,0.943
"145","Ward et al 2021","MAW Tomales Bay SM","Tomales Bay","Salt Marsh",38.21466,-122.9265,"direct from dataset","2","USA",NA,0.14,0.16,"LOI","0.22*x^1.1",2.988,11.01,1.145
"146","Ward et al 2021","MAW Tomales Bay SM","Tomales Bay","Salt Marsh",38.21466,-122.9265,"direct from dataset","2","USA",NA,0.16,0.18,"LOI","0.22*x^1.1",2.225,8.41,0.946
"147","Ward et al 2021","MAW Tomales Bay SM","Tomales Bay","Salt Marsh",38.21338,-122.92653,"direct from dataset","2","USA",NA,0,0.02,"LOI","0.22*x^1.1",12.926,41.94,0.307
"148","Ward et al 2021","MAW Tomales Bay SM","Tomales Bay","Salt Marsh",38.21338,-122.92653,"direct from dataset","2","USA",NA,0.02,0.04,"LOI","0.22*x^1.1",10.391,34.36,0.341
"149","Ward et al 2021","MAW Tomales Bay SM","Tomales Bay","Salt Marsh",38.21338,-122.92653,"direct from dataset","2","USA",NA,0.04,0.06,"LOI","0.22*x^1.1",12.141,39.61,0.314
"150","Ward et al 2021","MAW Tomales Bay SM","Tomales Bay","Salt Marsh",38.21338,-122.92653,"direct from dataset","2","USA",NA,0.06,0.08,"LOI","0.22*x^1.1",2.881,10.65,0.687
"151","Ward et al 2021","MAW Tomales Bay SM","Tomales Bay","Salt Marsh",38.21338,-122.92653,"direct from dataset","2","USA",NA,0.08,0.1,"LOI","0.22*x^1.1",5.718,19.91,0.488
"152","Ward et al 2021","MAW Tomales Bay SM","Tomales Bay","Salt Marsh",38.21338,-122.92653,"direct from dataset","2","USA",NA,0.1,0.12,"LOI","0.22*x^1.1",7.325,24.97,0.537
"153","Ward et al 2021","MAW Tomales Bay SM","Tomales Bay","Salt Marsh",38.21338,-122.92653,"direct from dataset","2","USA",NA,0.12,0.14,"LOI","0.22*x^1.1",3.179,11.65,0.811
"154","Ward et al 2021","MAW Tomales Bay SM","Tomales Bay","Salt Marsh",38.21338,-122.92653,"direct from dataset","2","USA",NA,0.14,0.16,"LOI","0.22*x^1.1",2.48,9.29,1
"155","Ward et al 2021","MAW Tomales Bay SM","Tomales Bay","Salt Marsh",38.2118,-122.92657,"direct from dataset","2","USA",NA,0,0.02,"LOI","0.22*x^1.1",4.111,14.73,0.304
"156","Ward et al 2021","MAW Tomales Bay SM","Tomales Bay","Salt Marsh",38.2118,-122.92657,"direct from dataset","2","USA",NA,0.02,0.04,"LOI","0.22*x^1.1",4.99,17.58,0.397
"157","Ward et al 2021","MAW Tomales Bay SM","Tomales Bay","Salt Marsh",38.2118,-122.92657,"direct from dataset","2","USA",NA,0.04,0.06,"LOI","0.22*x^1.1",4.387,15.63,0.554
"158","Ward et al 2021","MAW Tomales Bay SM","Tomales Bay","Salt Marsh",38.2118,-122.92657,"direct from dataset","2","USA",NA,0.06,0.08,"LOI","0.22*x^1.1",4.052,14.54,0.475
"159","Ward et al 2021","MAW Tomales Bay SM","Tomales Bay","Salt Marsh",38.2118,-122.92657,"direct from dataset","2","USA",NA,0.08,0.1,"LOI","0.22*x^1.1",3.575,12.97,0.637
"160","Ward et al 2021","MAW Tomales Bay SM","Tomales Bay","Salt Marsh",38.2118,-122.92657,"direct from dataset","2","USA",NA,0.1,0.12,"LOI","0.22*x^1.1",2.498,9.35,0.707
"161","Ward et al 2021","MAW Tomales Bay SM","Tomales Bay","Salt Marsh",38.2118,-122.92657,"direct from dataset","2","USA",NA,0.12,0.14,"LOI","0.22*x^1.1",1.92,7.35,0.893
"162","Ward et al 2021","MAW Tomales Bay SM","Tomales Bay","Salt Marsh",38.2118,-122.92657,"direct from dataset","2","USA",NA,0.14,0.16,"LOI","0.22*x^1.1",3.025,11.13,1.017
"163","Ward et al 2021","MAW Tomales Bay SM","Tomales Bay","Salt Marsh",38.211,-122.926,"direct from dataset","2","USA",NA,0,0.02,"LOI","0.22*x^1.1",6.03,20.90027473,0.222
"164","Ward et al 2021","MAW Tomales Bay SM","Tomales Bay","Salt Marsh",38.211,-122.926,"direct from dataset","2","USA",NA,0.02,0.04,"LOI","0.22*x^1.1",4.927,17.37919155,0.218
"165","Ward et al 2021","MAW Tomales Bay SM","Tomales Bay","Salt Marsh",38.211,-122.926,"direct from dataset","2","USA",NA,0.04,0.06,"LOI","0.22*x^1.1",5.294,18.55764103,0.353
"166","Ward et al 2021","MAW Tomales Bay SM","Tomales Bay","Salt Marsh",38.211,-122.926,"direct from dataset","2","USA",NA,0.06,0.08,"LOI","0.22*x^1.1",3.536,12.83565207,0.262
"167","Ward et al 2021","MAW Tomales Bay SM","Tomales Bay","Salt Marsh",38.211,-122.926,"direct from dataset","2","USA",NA,0.08,0.1,"LOI","0.22*x^1.1",4.205,15.03896473,0.342
"168","Ward et al 2021","MAW Tomales Bay SM","Tomales Bay","Salt Marsh",38.211,-122.926,"direct from dataset","2","USA",NA,0.1,0.12,"LOI","0.22*x^1.1",4.353,15.5206065,0.473
"169","Ward et al 2021","MAW Tomales Bay SM","Tomales Bay","Salt Marsh",38.211,-122.927,"direct from dataset","2","USA",NA,0.12,0.14,"LOI","0.22*x^1.1",3.316,12.10611931,0.461
"170","Ward et al 2021","MAW Tomales Bay SM","Tomales Bay","Salt Marsh",38.211,-122.928,"direct from dataset","2","USA",NA,0.14,0.16,"LOI","0.22*x^1.1",3.271,11.95527932,0.584
"171","Ward et al 2021","MAW Tomales Bay SM","Tomales Bay","Salt Marsh",38.211,-122.929,"direct from dataset","2","USA",NA,0.16,0.18,"LOI","0.22*x^1.1",3.213,11.76019705,0.45
"172","Ward et al 2021","MAW Tomales Bay SM","Tomales Bay","Salt Marsh",38.211,-122.93,"direct from dataset","2","USA",NA,0.18,0.2,"LOI","0.22*x^1.1",3.221,11.78945822,0.517
"173","Ward et al 2021","MAW Tomales Bay SM","Tomales Bay","Salt Marsh",38.211,-122.934,"direct from dataset","2","USA",NA,0,0.02,"LOI","0.22*x^1.1",10.093,33.45857771,0.244
"174","Ward et al 2021","MAW Tomales Bay SM","Tomales Bay","Salt Marsh",38.211,-122.935,"direct from dataset","2","USA",NA,0.02,0.04,"LOI","0.22*x^1.1",5.486,19.1713414,0.42
"175","Ward et al 2021","MAW Tomales Bay SM","Tomales Bay","Salt Marsh",38.211,-122.936,"direct from dataset","2","USA",NA,0.04,0.06,"LOI","0.22*x^1.1",6.16,21.31391201,0.488
"176","Ward et al 2021","MAW Tomales Bay SM","Tomales Bay","Salt Marsh",38.211,-122.937,"direct from dataset","2","USA",NA,0.06,0.08,"LOI","0.22*x^1.1",6.178,21.37092757,0.346
"177","Ward et al 2021","MAW Tomales Bay SM","Tomales Bay","Salt Marsh",38.211,-122.938,"direct from dataset","2","USA",NA,0.08,0.1,"LOI","0.22*x^1.1",6.253,21.6074038,0.389
"178","Ward et al 2021","MAW Tomales Bay SM","Tomales Bay","Salt Marsh",38.211,-122.939,"direct from dataset","2","USA",NA,0.1,0.12,"LOI","0.22*x^1.1",7.016,24.00116088,0.304
"179","Ward et al 2021","MAW Tomales Bay SM","Tomales Bay","Salt Marsh",38.211,-122.94,"direct from dataset","2","USA",NA,0.12,0.14,"LOI","0.22*x^1.1",5.107,17.95771309,0.488
"180","Ward et al 2021","MAW Tomales Bay SM","Tomales Bay","Salt Marsh",38.211,-122.941,"direct from dataset","2","USA",NA,0.14,0.16,"LOI","0.22*x^1.1",5.501,19.22032413,0.343
"181","Ward et al 2021","MAW Tomales Bay SM","Tomales Bay","Salt Marsh",38.211,-122.942,"direct from dataset","2","USA",NA,0.16,0.18,"LOI","0.22*x^1.1",5.084,17.88602595,0.485
"182","Ward et al 2021","MAW Tomales Bay SM","Tomales Bay","Salt Marsh",38.211,-122.943,"direct from dataset","2","USA",NA,0.18,0.2,"LOI","0.22*x^1.1",3.244,11.86679588,0.486
"183","Ward et al 2021","MAW Tomales Bay SM","Tomales Bay","Salt Marsh",38.211,-122.946,"direct from dataset","2","USA",NA,0,0.02,"LOI","0.22*x^1.1",6.673,22.92823817,0.75331
"184","Ward et al 2021","MAW Tomales Bay SM","Tomales Bay","Salt Marsh",38.211,-122.947,"direct from dataset","2","USA",NA,0.02,0.04,"LOI","0.22*x^1.1",4.972,17.52487472,0.89432
"185","Ward et al 2021","MAW Tomales Bay SM","Tomales Bay","Salt Marsh",38.211,-122.948,"direct from dataset","2","USA",NA,0.04,0.06,"LOI","0.22*x^1.1",5.696,19.84158105,0.83205
"186","Ward et al 2021","MAW Tomales Bay SM","Tomales Bay","Salt Marsh",38.211,-122.949,"direct from dataset","2","USA",NA,0.06,0.08,"LOI","0.22*x^1.1",4.962,17.49220644,0.82391
"187","Ward et al 2021","MAW Tomales Bay SM","Tomales Bay","Salt Marsh",38.211,-122.95,"direct from dataset","2","USA",NA,0.08,0.1,"LOI","0.22*x^1.1",5.472,19.12767863,0.83861
"188","Ward et al 2021","MAW Tomales Bay SM","Tomales Bay","Salt Marsh",38.211,-122.951,"direct from dataset","2","USA",NA,0.1,0.12,"LOI","0.22*x^1.1",4.191,14.9928264,0.89791
"189","Ward et al 2021","MAW Tomales Bay SM","Tomales Bay","Salt Marsh",38.211,-122.952,"direct from dataset","2","USA",NA,0.12,0.14,"LOI","0.22*x^1.1",4.309,15.3791079,0.99717
"190","Ward et al 2021","MAW Tomales Bay SM","Tomales Bay","Salt Marsh",38.211,-122.953,"direct from dataset","2","USA",NA,0.14,0.16,"LOI","0.22*x^1.1",5.077,17.86250375,0.85591
"191","Ward et al 2021","MAW Tomales Bay SM","Tomales Bay","Salt Marsh",38.211,-122.954,"direct from dataset","2","USA",NA,0.16,0.18,"LOI","0.22*x^1.1",2.698,10.02611325,1.17869
"192","Ward et al 2021","MAW Tomales Bay SM","Tomales Bay","Salt Marsh",38.211,-122.955,"direct from dataset","2","USA",NA,0.18,0.2,"LOI","0.22*x^1.1",3.998,14.35967302,1.05066
