"","Source","Original_source","Site_name","Core","Habitat_type","Latitude","Longitude","accuracy_flag","accuracy_code","Country","State","Year_collected","U_depth_m","L_depth_m","Method","OC_perc","N_perc","BD_reported_g_cm3"
"1","Xia et al 2022","Xia et al 2022","SX  Duliujian River  1"," Duliujian River  1","Saltmarsh","38.8085","117.3194","direct from dataset","1","China","Tianjin",NA,0,0.1,"EA","12.58 ","1.44 ","1.44 "
"2","Xia et al 2022","Xia et al 2022","SX  Duliujian River  1"," Duliujian River  1","Saltmarsh","38.8085","117.3194","direct from dataset","1","China","Tianjin",NA,0.1,0.2,"EA","7.33 ","1.09 ","1.54 "
"3","Xia et al 2022","Xia et al 2022","SX  Duliujian River  1"," Duliujian River  1","Saltmarsh","38.8085","117.3194","direct from dataset","1","China","Tianjin",NA,0.2,0.3,"EA","7.18 ","0.93 ","1.51 "
"4","Xia et al 2022","Xia et al 2022","SX  Duliujian River  1"," Duliujian River  1","Saltmarsh","38.8085","117.3194","direct from dataset","1","China","Tianjin",NA,0.3,0.4,"EA","7.99 ","0.99 ","1.33 "
"5","Xia et al 2022","Xia et al 2022","SX  Duliujian River  1"," Duliujian River  1","Saltmarsh","38.8085","117.3194","direct from dataset","1","China","Tianjin",NA,0.4,0.6,"EA","7.59 ","1.04 ","1.55 "
"6","Xia et al 2022","Xia et al 2022","SX  Duliujian River  1"," Duliujian River  1","Saltmarsh","38.8085","117.3194","direct from dataset","1","China","Tianjin",NA,0.6,0.8,"EA","4.49 ","0.65 ","1.66 "
"7","Xia et al 2022","Xia et al 2022","SX  Duliujian River  1"," Duliujian River  1","Saltmarsh","38.8085","117.3194","direct from dataset","1","China","Tianjin",NA,0.8,1,"EA","4.01 ","0.44 ","1.68 "
"8","Xia et al 2022","Xia et al 2022","SX  Duliujian River  10"," Duliujian River  10","Saltmarsh","38.7496","117.4726","direct from dataset","1","China","Tianjin",NA,0,0.1,"EA","4.60 ","0.56 ","1.48 "
"9","Xia et al 2022","Xia et al 2022","SX  Duliujian River  10"," Duliujian River  10","Saltmarsh","38.7496","117.4726","direct from dataset","1","China","Tianjin",NA,0.1,0.2,"EA","3.94 ","0.49 ","1.78 "
"10","Xia et al 2022","Xia et al 2022","SX  Duliujian River  10"," Duliujian River  10","Saltmarsh","38.7496","117.4726","direct from dataset","1","China","Tianjin",NA,0.2,0.3,"EA","3.28 ","0.52 ","1.65 "
"11","Xia et al 2022","Xia et al 2022","SX  Duliujian River  10"," Duliujian River  10","Saltmarsh","38.7496","117.4726","direct from dataset","1","China","Tianjin",NA,0.3,0.4,"EA","4.13 ","0.58 ","1.61 "
"12","Xia et al 2022","Xia et al 2022","SX  Duliujian River  10"," Duliujian River  10","Saltmarsh","38.7496","117.4726","direct from dataset","1","China","Tianjin",NA,0.4,0.6,"EA","4.49 ","0.50 ","1.66 "
"13","Xia et al 2022","Xia et al 2022","SX  Duliujian River  10"," Duliujian River  10","Saltmarsh","38.7496","117.4726","direct from dataset","1","China","Tianjin",NA,0.6,0.8,"EA","3.59 ","0.45 ","1.70 "
"14","Xia et al 2022","Xia et al 2022","SX  Duliujian River  10"," Duliujian River  10","Saltmarsh","38.7496","117.4726","direct from dataset","1","China","Tianjin",NA,0.8,1,"EA","4.25 ","0.60 ","1.67 "
"15","Xia et al 2022","Xia et al 2022","SX  Duliujian River  11"," Duliujian River  11","Saltmarsh","38.7561","117.4882","direct from dataset","1","China","Tianjin",NA,0,0.1,"EA","4.27 ","0.48 ","1.54 "
"16","Xia et al 2022","Xia et al 2022","SX  Duliujian River  11"," Duliujian River  11","Saltmarsh","38.7561","117.4882","direct from dataset","1","China","Tianjin",NA,0.1,0.2,"EA","4.07 ","0.40 ","1.75 "
"17","Xia et al 2022","Xia et al 2022","SX  Duliujian River  11"," Duliujian River  11","Saltmarsh","38.7561","117.4882","direct from dataset","1","China","Tianjin",NA,0.2,0.3,"EA","3.79 ","0.45 ","1.76 "
"18","Xia et al 2022","Xia et al 2022","SX  Duliujian River  11"," Duliujian River  11","Saltmarsh","38.7561","117.4882","direct from dataset","1","China","Tianjin",NA,0.3,0.4,"EA","3.79 ","0.53 ","1.70 "
"19","Xia et al 2022","Xia et al 2022","SX  Duliujian River  11"," Duliujian River  11","Saltmarsh","38.7561","117.4882","direct from dataset","1","China","Tianjin",NA,0.4,0.6,"EA","5.04 ","0.49 ","1.64 "
"20","Xia et al 2022","Xia et al 2022","SX  Duliujian River  11"," Duliujian River  11","Saltmarsh","38.7561","117.4882","direct from dataset","1","China","Tianjin",NA,0.6,0.8,"EA","5.00 ","0.54 ","1.64 "
"21","Xia et al 2022","Xia et al 2022","SX  Duliujian River  11"," Duliujian River  11","Saltmarsh","38.7561","117.4882","direct from dataset","1","China","Tianjin",NA,0.8,1,"EA","4.91 ","0.52 ","1.65 "
"22","Xia et al 2022","Xia et al 2022","SX  Duliujian River  2"," Duliujian River  2","Saltmarsh","38.7823","117.3463","direct from dataset","1","China","Tianjin",NA,0,0.1,"EA","9.82 ","1.26 ","1.68 "
"23","Xia et al 2022","Xia et al 2022","SX  Duliujian River  2"," Duliujian River  2","Saltmarsh","38.7823","117.3463","direct from dataset","1","China","Tianjin",NA,0.1,0.2,"EA","6.84 ","1.05 ","1.43 "
"24","Xia et al 2022","Xia et al 2022","SX  Duliujian River  2"," Duliujian River  2","Saltmarsh","38.7823","117.3463","direct from dataset","1","China","Tianjin",NA,0.2,0.3,"EA","9.51 ","1.25 ","1.40 "
"25","Xia et al 2022","Xia et al 2022","SX  Duliujian River  2"," Duliujian River  2","Saltmarsh","38.7823","117.3463","direct from dataset","1","China","Tianjin",NA,0.3,0.4,"EA","9.74 ","1.18 ","1.46 "
"26","Xia et al 2022","Xia et al 2022","SX  Duliujian River  2"," Duliujian River  2","Saltmarsh","38.7823","117.3463","direct from dataset","1","China","Tianjin",NA,0.4,0.6,"EA","6.86 ","0.84 ","1.57 "
"27","Xia et al 2022","Xia et al 2022","SX  Duliujian River  2"," Duliujian River  2","Saltmarsh","38.7823","117.3463","direct from dataset","1","China","Tianjin",NA,0.6,0.8,"EA","4.73 ","0.71 ","1.65 "
"28","Xia et al 2022","Xia et al 2022","SX  Duliujian River  2"," Duliujian River  2","Saltmarsh","38.7823","117.3463","direct from dataset","1","China","Tianjin",NA,0.8,1,"EA","3.63 ","0.50 ","1.69 "
"29","Xia et al 2022","Xia et al 2022","SX  Duliujian River  3"," Duliujian River  3","Saltmarsh","38.7776","117.3617","direct from dataset","1","China","Tianjin",NA,0,0.1,"EA","9.29 ","1.30 ","1.41 "
"30","Xia et al 2022","Xia et al 2022","SX  Duliujian River  3"," Duliujian River  3","Saltmarsh","38.7776","117.3617","direct from dataset","1","China","Tianjin",NA,0.1,0.2,"EA","10.41 ","1.18 ","1.52 "
"31","Xia et al 2022","Xia et al 2022","SX  Duliujian River  3"," Duliujian River  3","Saltmarsh","38.7776","117.3617","direct from dataset","1","China","Tianjin",NA,0.2,0.3,"EA","9.47 ","1.30 ","1.60 "
"32","Xia et al 2022","Xia et al 2022","SX  Duliujian River  3"," Duliujian River  3","Saltmarsh","38.7776","117.3617","direct from dataset","1","China","Tianjin",NA,0.3,0.4,"EA","9.36 ","1.32 ","1.46 "
"33","Xia et al 2022","Xia et al 2022","SX  Duliujian River  3"," Duliujian River  3","Saltmarsh","38.7776","117.3617","direct from dataset","1","China","Tianjin",NA,0.4,0.6,"EA","9.23 ","1.26 ","1.48 "
"34","Xia et al 2022","Xia et al 2022","SX  Duliujian River  3"," Duliujian River  3","Saltmarsh","38.7776","117.3617","direct from dataset","1","China","Tianjin",NA,0.6,0.8,"EA","11.80 ","1.68 ","1.39 "
"35","Xia et al 2022","Xia et al 2022","SX  Duliujian River  3"," Duliujian River  3","Saltmarsh","38.7776","117.3617","direct from dataset","1","China","Tianjin",NA,0.8,1,"EA","12.51 ","1.80 ","1.36 "
"36","Xia et al 2022","Xia et al 2022","SX  Duliujian River  4"," Duliujian River  4","Saltmarsh","38.7755","117.3698","direct from dataset","1","China","Tianjin",NA,0,0.1,"EA","7.72 ","0.89 ","1.53 "
"37","Xia et al 2022","Xia et al 2022","SX  Duliujian River  4"," Duliujian River  4","Saltmarsh","38.7755","117.3698","direct from dataset","1","China","Tianjin",NA,0.1,0.2,"EA","6.07 ","0.80 ","1.73 "
"38","Xia et al 2022","Xia et al 2022","SX  Duliujian River  4"," Duliujian River  4","Saltmarsh","38.7755","117.3698","direct from dataset","1","China","Tianjin",NA,0.2,0.3,"EA","6.11 ","0.73 ","1.73 "
"39","Xia et al 2022","Xia et al 2022","SX  Duliujian River  4"," Duliujian River  4","Saltmarsh","38.7755","117.3698","direct from dataset","1","China","Tianjin",NA,0.3,0.4,"EA","3.78 ","0.73 ","1.68 "
"40","Xia et al 2022","Xia et al 2022","SX  Duliujian River  4"," Duliujian River  4","Saltmarsh","38.7755","117.3698","direct from dataset","1","China","Tianjin",NA,0.4,0.6,"EA","3.73 ","0.74 ","1.69 "
"41","Xia et al 2022","Xia et al 2022","SX  Duliujian River  4"," Duliujian River  4","Saltmarsh","38.7755","117.3698","direct from dataset","1","China","Tianjin",NA,0.6,0.8,"EA","6.09 ","0.73 ","1.60 "
"42","Xia et al 2022","Xia et al 2022","SX  Duliujian River  4"," Duliujian River  4","Saltmarsh","38.7755","117.3698","direct from dataset","1","China","Tianjin",NA,0.8,1,"EA","4.82 ","0.78 ","1.65 "
"43","Xia et al 2022","Xia et al 2022","SX  Duliujian River  5"," Duliujian River  5","Saltmarsh","38.7656","117.4028","direct from dataset","1","China","Tianjin",NA,0,0.1,"EA","11.45 ","1.13 ","1.34 "
"44","Xia et al 2022","Xia et al 2022","SX  Duliujian River  5"," Duliujian River  5","Saltmarsh","38.7656","117.4028","direct from dataset","1","China","Tianjin",NA,0.1,0.2,"EA","8.06 ","0.87 ","1.52 "
"45","Xia et al 2022","Xia et al 2022","SX  Duliujian River  5"," Duliujian River  5","Saltmarsh","38.7656","117.4028","direct from dataset","1","China","Tianjin",NA,0.2,0.3,"EA","5.96 ","0.66 ","1.49 "
"46","Xia et al 2022","Xia et al 2022","SX  Duliujian River  5"," Duliujian River  5","Saltmarsh","38.7656","117.4028","direct from dataset","1","China","Tianjin",NA,0.3,0.4,"EA","5.44 ","0.73 ","1.62 "
"47","Xia et al 2022","Xia et al 2022","SX  Duliujian River  5"," Duliujian River  5","Saltmarsh","38.7656","117.4028","direct from dataset","1","China","Tianjin",NA,0.4,0.6,"EA","5.68 ","0.65 ","1.62 "
"48","Xia et al 2022","Xia et al 2022","SX  Duliujian River  5"," Duliujian River  5","Saltmarsh","38.7656","117.4028","direct from dataset","1","China","Tianjin",NA,0.6,0.8,"EA","5.97 ","0.70 ","1.61 "
"49","Xia et al 2022","Xia et al 2022","SX  Duliujian River  5"," Duliujian River  5","Saltmarsh","38.7656","117.4028","direct from dataset","1","China","Tianjin",NA,0.8,1,"EA","5.18 ","0.60 ","1.64 "
"50","Xia et al 2022","Xia et al 2022","SX  Duliujian River  7"," Duliujian River  7","Saltmarsh","38.7535","117.4403","direct from dataset","1","China","Tianjin",NA,0,0.1,"EA","5.00 ","0.65 ","1.57 "
"51","Xia et al 2022","Xia et al 2022","SX  Duliujian River  7"," Duliujian River  7","Saltmarsh","38.7535","117.4403","direct from dataset","1","China","Tianjin",NA,0.1,0.2,"EA","4.57 ","0.53 ","1.82 "
"52","Xia et al 2022","Xia et al 2022","SX  Duliujian River  7"," Duliujian River  7","Saltmarsh","38.7535","117.4403","direct from dataset","1","China","Tianjin",NA,0.2,0.3,"EA","4.07 ","0.61 ","1.79 "
"53","Xia et al 2022","Xia et al 2022","SX  Duliujian River  7"," Duliujian River  7","Saltmarsh","38.7535","117.4403","direct from dataset","1","China","Tianjin",NA,0.3,0.4,"EA","4.15 ","0.51 ","1.74 "
"54","Xia et al 2022","Xia et al 2022","SX  Duliujian River  7"," Duliujian River  7","Saltmarsh","38.7535","117.4403","direct from dataset","1","China","Tianjin",NA,0.4,0.6,"EA","4.56 ","0.57 ","1.66 "
"55","Xia et al 2022","Xia et al 2022","SX  Duliujian River  7"," Duliujian River  7","Saltmarsh","38.7535","117.4403","direct from dataset","1","China","Tianjin",NA,0.6,0.8,"EA","4.86 ","0.58 ","1.65 "
"56","Xia et al 2022","Xia et al 2022","SX  Duliujian River  7"," Duliujian River  7","Saltmarsh","38.7535","117.4403","direct from dataset","1","China","Tianjin",NA,0.8,1,"EA","5.27 ","0.54 ","1.63 "
"57","Xia et al 2022","Xia et al 2022","SX  Duliujian River  8"," Duliujian River  8","Saltmarsh","38.7511","117.4513","direct from dataset","1","China","Tianjin",NA,0,0.1,"EA","7.96 ","0.87 ","1.40 "
"58","Xia et al 2022","Xia et al 2022","SX  Duliujian River  8"," Duliujian River  8","Saltmarsh","38.7511","117.4513","direct from dataset","1","China","Tianjin",NA,0.1,0.2,"EA","4.59 ","0.66 ","1.55 "
"59","Xia et al 2022","Xia et al 2022","SX  Duliujian River  8"," Duliujian River  8","Saltmarsh","38.7511","117.4513","direct from dataset","1","China","Tianjin",NA,0.2,0.3,"EA","4.79 ","0.55 ","1.72 "
"60","Xia et al 2022","Xia et al 2022","SX  Duliujian River  8"," Duliujian River  8","Saltmarsh","38.7511","117.4513","direct from dataset","1","China","Tianjin",NA,0.3,0.4,"EA","4.46 ","0.59 ","1.74 "
"61","Xia et al 2022","Xia et al 2022","SX  Duliujian River  8"," Duliujian River  8","Saltmarsh","38.7511","117.4513","direct from dataset","1","China","Tianjin",NA,0.4,0.6,"EA","4.38 ","0.51 ","1.67 "
"62","Xia et al 2022","Xia et al 2022","SX  Duliujian River  8"," Duliujian River  8","Saltmarsh","38.7511","117.4513","direct from dataset","1","China","Tianjin",NA,0.6,0.8,"EA","3.70 ","0.48 ","1.69 "
"63","Xia et al 2022","Xia et al 2022","SX  Duliujian River  8"," Duliujian River  8","Saltmarsh","38.7511","117.4513","direct from dataset","1","China","Tianjin",NA,0.8,1,"EA","3.90 ","0.51 ","1.68 "
"64","Xia et al 2022","Xia et al 2022","SX  Duliujian River  9"," Duliujian River  9","Saltmarsh","38.7481","117.4605","direct from dataset","1","China","Tianjin",NA,0,0.1,"EA","5.24 ","0.63 ","1.61 "
"65","Xia et al 2022","Xia et al 2022","SX  Duliujian River  9"," Duliujian River  9","Saltmarsh","38.7481","117.4605","direct from dataset","1","China","Tianjin",NA,0.1,0.2,"EA","4.80 ","0.64 ","1.78 "
"66","Xia et al 2022","Xia et al 2022","SX  Duliujian River  9"," Duliujian River  9","Saltmarsh","38.7481","117.4605","direct from dataset","1","China","Tianjin",NA,0.2,0.3,"EA","5.14 ","0.52 ","1.72 "
"67","Xia et al 2022","Xia et al 2022","SX  Duliujian River  9"," Duliujian River  9","Saltmarsh","38.7481","117.4605","direct from dataset","1","China","Tianjin",NA,0.3,0.4,"EA","4.88 ","0.58 ","1.76 "
"68","Xia et al 2022","Xia et al 2022","SX  Duliujian River  9"," Duliujian River  9","Saltmarsh","38.7481","117.4605","direct from dataset","1","China","Tianjin",NA,0.4,0.6,"EA","5.30 ","0.55 ","1.63 "
"69","Xia et al 2022","Xia et al 2022","SX  Duliujian River  9"," Duliujian River  9","Saltmarsh","38.7481","117.4605","direct from dataset","1","China","Tianjin",NA,0.6,0.8,"EA","5.27 ","0.62 ","1.63 "
"70","Xia et al 2022","Xia et al 2022","SX  Duliujian River  9"," Duliujian River  9","Saltmarsh","38.7481","117.4605","direct from dataset","1","China","Tianjin",NA,0.8,1,"EA","4.89 ","0.50 ","1.65 "
"71","Xia et al 2022","Xia et al 2022","SX Beihai 2","Beihai 2","Saltmarsh","21.4667","109.4667","direct from dataset","1","China","Guangxi",NA,0,0.1,"EA","13.08 ","1.51 ","0.76 "
"72","Xia et al 2022","Xia et al 2022","SX Beihai 2","Beihai 2","Saltmarsh","21.4667","109.4667","direct from dataset","1","China","Guangxi",NA,0.1,0.2,"EA","9.83 ","1.15 ","1.08 "
"73","Xia et al 2022","Xia et al 2022","SX Beihai 2","Beihai 2","Saltmarsh","21.4667","109.4667","direct from dataset","1","China","Guangxi",NA,0.2,0.3,"EA","6.94 ","0.78 ","1.49 "
"74","Xia et al 2022","Xia et al 2022","SX Beihai 2","Beihai 2","Saltmarsh","21.4667","109.4667","direct from dataset","1","China","Guangxi",NA,0.3,0.4,"EA","7.61 ","0.89 ","1.40 "
"75","Xia et al 2022","Xia et al 2022","SX Beihai 2","Beihai 2","Saltmarsh","21.4667","109.4667","direct from dataset","1","China","Guangxi",NA,0.4,0.6,"EA","nd",NA,NA
"76","Xia et al 2022","Xia et al 2022","SX Beihai 2","Beihai 2","Saltmarsh","21.4667","109.4667","direct from dataset","1","China","Guangxi",NA,0.6,0.8,"EA","nd",NA,NA
"77","Xia et al 2022","Xia et al 2022","SX Beihai 2","Beihai 2","Saltmarsh","21.4667","109.4667","direct from dataset","1","China","Guangxi",NA,0.8,1,"EA","nd",NA,NA
"78","Xia et al 2022","Xia et al 2022","SX Beihai 4","Beihai 4","Saltmarsh","21.4667","109.4667","direct from dataset","1","China","Guangxi",NA,0,0.1,"EA","13.49 ","1.49 ","1.05 "
"79","Xia et al 2022","Xia et al 2022","SX Beihai 4","Beihai 4","Saltmarsh","21.4667","109.4667","direct from dataset","1","China","Guangxi",NA,0.1,0.2,"EA","11.72 ","1.35 ","1.06 "
"80","Xia et al 2022","Xia et al 2022","SX Beihai 4","Beihai 4","Saltmarsh","21.4667","109.4667","direct from dataset","1","China","Guangxi",NA,0.2,0.3,"EA","6.30 ","0.84 ","1.48 "
"81","Xia et al 2022","Xia et al 2022","SX Beihai 4","Beihai 4","Saltmarsh","21.4667","109.4667","direct from dataset","1","China","Guangxi",NA,0.3,0.4,"EA","4.69 ","0.79 ","1.53 "
"82","Xia et al 2022","Xia et al 2022","SX Beihai 4","Beihai 4","Saltmarsh","21.4667","109.4667","direct from dataset","1","China","Guangxi",NA,0.4,0.6,"EA","nd",NA,NA
"83","Xia et al 2022","Xia et al 2022","SX Beihai 4","Beihai 4","Saltmarsh","21.4667","109.4667","direct from dataset","1","China","Guangxi",NA,0.6,0.8,"EA","nd",NA,NA
"84","Xia et al 2022","Xia et al 2022","SX Beihai 4","Beihai 4","Saltmarsh","21.4667","109.4667","direct from dataset","1","China","Guangxi",NA,0.8,1,"EA","nd",NA,NA
"85","Xia et al 2022","Xia et al 2022","SX Beihai 6","Beihai 6","Saltmarsh","21.4667","109.4667","direct from dataset","1","China","Guangxi",NA,0,0.1,"EA","13.58 ","1.55 ","0.99 "
"86","Xia et al 2022","Xia et al 2022","SX Beihai 6","Beihai 6","Saltmarsh","21.4667","109.4667","direct from dataset","1","China","Guangxi",NA,0.1,0.2,"EA","7.26 ","0.91 ","1.38 "
"87","Xia et al 2022","Xia et al 2022","SX Beihai 6","Beihai 6","Saltmarsh","21.4667","109.4667","direct from dataset","1","China","Guangxi",NA,0.2,0.3,"EA","5.83 ","0.79 ","1.34 "
"88","Xia et al 2022","Xia et al 2022","SX Beihai 6","Beihai 6","Saltmarsh","21.4667","109.4667","direct from dataset","1","China","Guangxi",NA,0.3,0.4,"EA","4.50 ","0.70 ","1.52 "
"89","Xia et al 2022","Xia et al 2022","SX Beihai 6","Beihai 6","Saltmarsh","21.4667","109.4667","direct from dataset","1","China","Guangxi",NA,0.4,0.6,"EA","nd",NA,NA
"90","Xia et al 2022","Xia et al 2022","SX Beihai 6","Beihai 6","Saltmarsh","21.4667","109.4667","direct from dataset","1","China","Guangxi",NA,0.6,0.8,"EA","nd",NA,NA
"91","Xia et al 2022","Xia et al 2022","SX Beihai 6","Beihai 6","Saltmarsh","21.4667","109.4667","direct from dataset","1","China","Guangxi",NA,0.8,1,"EA","nd",NA,NA
"92","Xia et al 2022","Xia et al 2022","SX Chongming Island 1","Chongming Island 1","Saltmarsh","31.5167","122.6167","direct from dataset","1","China","Shanghai",NA,0,0.1,"EA","20.08 ","1.61 ","0.68 "
"93","Xia et al 2022","Xia et al 2022","SX Chongming Island 1","Chongming Island 1","Saltmarsh","31.5167","122.6167","direct from dataset","1","China","Shanghai",NA,0.1,0.2,"EA","26.67 ","2.13 ","0.81 "
"94","Xia et al 2022","Xia et al 2022","SX Chongming Island 1","Chongming Island 1","Saltmarsh","31.5167","122.6167","direct from dataset","1","China","Shanghai",NA,0.2,0.3,"EA","19.66 ","1.34 ","0.82 "
"95","Xia et al 2022","Xia et al 2022","SX Chongming Island 1","Chongming Island 1","Saltmarsh","31.5167","122.6167","direct from dataset","1","China","Shanghai",NA,0.3,0.4,"EA","18.74 ","1.20 ","0.95 "
"96","Xia et al 2022","Xia et al 2022","SX Chongming Island 1","Chongming Island 1","Saltmarsh","31.5167","122.6167","direct from dataset","1","China","Shanghai",NA,0.4,0.6,"EA","nd",NA,NA
"97","Xia et al 2022","Xia et al 2022","SX Chongming Island 1","Chongming Island 1","Saltmarsh","31.5167","122.6167","direct from dataset","1","China","Shanghai",NA,0.6,0.8,"EA","nd",NA,NA
"98","Xia et al 2022","Xia et al 2022","SX Chongming Island 1","Chongming Island 1","Saltmarsh","31.5167","122.6167","direct from dataset","1","China","Shanghai",NA,0.8,1,"EA","nd",NA,NA
"99","Xia et al 2022","Xia et al 2022","SX Chongming Island 2","Chongming Island 2","Saltmarsh","31.5167","122.6167","direct from dataset","1","China","Shanghai",NA,0,0.1,"EA","22.90 ","1.73 ","0.55 "
"100","Xia et al 2022","Xia et al 2022","SX Chongming Island 2","Chongming Island 2","Saltmarsh","31.5167","122.6167","direct from dataset","1","China","Shanghai",NA,0.1,0.2,"EA","22.07 ","1.68 ","0.72 "
"101","Xia et al 2022","Xia et al 2022","SX Chongming Island 2","Chongming Island 2","Saltmarsh","31.5167","122.6167","direct from dataset","1","China","Shanghai",NA,0.2,0.3,"EA","16.70 ","0.92 ","1.08 "
"102","Xia et al 2022","Xia et al 2022","SX Chongming Island 2","Chongming Island 2","Saltmarsh","31.5167","122.6167","direct from dataset","1","China","Shanghai",NA,0.3,0.4,"EA","16.49 ","0.91 ","1.02 "
"103","Xia et al 2022","Xia et al 2022","SX Chongming Island 2","Chongming Island 2","Saltmarsh","31.5167","122.6167","direct from dataset","1","China","Shanghai",NA,0.4,0.6,"EA","nd",NA,NA
"104","Xia et al 2022","Xia et al 2022","SX Chongming Island 2","Chongming Island 2","Saltmarsh","31.5167","122.6167","direct from dataset","1","China","Shanghai",NA,0.6,0.8,"EA","nd",NA,NA
"105","Xia et al 2022","Xia et al 2022","SX Chongming Island 2","Chongming Island 2","Saltmarsh","31.5167","122.6167","direct from dataset","1","China","Shanghai",NA,0.8,1,"EA","nd",NA,NA
"106","Xia et al 2022","Xia et al 2022","SX Chongming Island 3","Chongming Island 3","Saltmarsh","31.5167","122.6167","direct from dataset","1","China","Shanghai",NA,0,0.1,"EA","20.61 ","1.72 ","0.63 "
"107","Xia et al 2022","Xia et al 2022","SX Chongming Island 3","Chongming Island 3","Saltmarsh","31.5167","122.6167","direct from dataset","1","China","Shanghai",NA,0.1,0.2,"EA","27.65 ","2.23 ","0.70 "
"108","Xia et al 2022","Xia et al 2022","SX Chongming Island 3","Chongming Island 3","Saltmarsh","31.5167","122.6167","direct from dataset","1","China","Shanghai",NA,0.2,0.3,"EA","18.32 ","1.14 ","0.89 "
"109","Xia et al 2022","Xia et al 2022","SX Chongming Island 3","Chongming Island 3","Saltmarsh","31.5167","122.6167","direct from dataset","1","China","Shanghai",NA,0.3,0.4,"EA","19.01 ","1.26 ","0.78 "
"110","Xia et al 2022","Xia et al 2022","SX Chongming Island 3","Chongming Island 3","Saltmarsh","31.5167","122.6167","direct from dataset","1","China","Shanghai",NA,0.4,0.6,"EA","nd",NA,NA
"111","Xia et al 2022","Xia et al 2022","SX Chongming Island 3","Chongming Island 3","Saltmarsh","31.5167","122.6167","direct from dataset","1","China","Shanghai",NA,0.6,0.8,"EA","nd",NA,NA
"112","Xia et al 2022","Xia et al 2022","SX Chongming Island 3","Chongming Island 3","Saltmarsh","31.5167","122.6167","direct from dataset","1","China","Shanghai",NA,0.8,1,"EA","nd",NA,NA
"113","Xia et al 2022","Xia et al 2022","SX Chongming Island 4","Chongming Island 4","Saltmarsh","31.5167","122.6167","direct from dataset","1","China","Shanghai",NA,0,0.1,"EA","24.77 ","1.80 ","0.49 "
"114","Xia et al 2022","Xia et al 2022","SX Chongming Island 4","Chongming Island 4","Saltmarsh","31.5167","122.6167","direct from dataset","1","China","Shanghai",NA,0.1,0.2,"EA","22.39 ","1.44 ","0.85 "
"115","Xia et al 2022","Xia et al 2022","SX Chongming Island 4","Chongming Island 4","Saltmarsh","31.5167","122.6167","direct from dataset","1","China","Shanghai",NA,0.2,0.3,"EA","17.18 ","0.97 ","1.25 "
"116","Xia et al 2022","Xia et al 2022","SX Chongming Island 4","Chongming Island 4","Saltmarsh","31.5167","122.6167","direct from dataset","1","China","Shanghai",NA,0.3,0.4,"EA","16.43 ","0.84 ","0.98 "
"117","Xia et al 2022","Xia et al 2022","SX Chongming Island 4","Chongming Island 4","Saltmarsh","31.5167","122.6167","direct from dataset","1","China","Shanghai",NA,0.4,0.6,"EA","nd",NA,NA
"118","Xia et al 2022","Xia et al 2022","SX Chongming Island 4","Chongming Island 4","Saltmarsh","31.5167","122.6167","direct from dataset","1","China","Shanghai",NA,0.6,0.8,"EA","nd",NA,NA
"119","Xia et al 2022","Xia et al 2022","SX Chongming Island 4","Chongming Island 4","Saltmarsh","31.5167","122.6167","direct from dataset","1","China","Shanghai",NA,0.8,1,"EA","nd",NA,NA
"120","Xia et al 2022","Xia et al 2022","SX Chongming Island 5","Chongming Island 5","Saltmarsh","31.5167","122.6167","direct from dataset","1","China","Shanghai",NA,0,0.1,"EA","20.51 ","2.29 ","0.63 "
"121","Xia et al 2022","Xia et al 2022","SX Chongming Island 5","Chongming Island 5","Saltmarsh","31.5167","122.6167","direct from dataset","1","China","Shanghai",NA,0.1,0.2,"EA","28.49 ","2.21 ","0.61 "
"122","Xia et al 2022","Xia et al 2022","SX Chongming Island 5","Chongming Island 5","Saltmarsh","31.5167","122.6167","direct from dataset","1","China","Shanghai",NA,0.2,0.3,"EA","18.10 ","1.16 ","0.88 "
"123","Xia et al 2022","Xia et al 2022","SX Chongming Island 5","Chongming Island 5","Saltmarsh","31.5167","122.6167","direct from dataset","1","China","Shanghai",NA,0.3,0.4,"EA","20.30 ","1.39 ","0.69 "
"124","Xia et al 2022","Xia et al 2022","SX Chongming Island 5","Chongming Island 5","Saltmarsh","31.5167","122.6167","direct from dataset","1","China","Shanghai",NA,0.4,0.6,"EA","nd",NA,NA
"125","Xia et al 2022","Xia et al 2022","SX Chongming Island 5","Chongming Island 5","Saltmarsh","31.5167","122.6167","direct from dataset","1","China","Shanghai",NA,0.6,0.8,"EA","nd",NA,NA
"126","Xia et al 2022","Xia et al 2022","SX Chongming Island 5","Chongming Island 5","Saltmarsh","31.5167","122.6167","direct from dataset","1","China","Shanghai",NA,0.8,1,"EA","nd",NA,NA
"127","Xia et al 2022","Xia et al 2022","SX Chongming Island 6","Chongming Island 6","Saltmarsh","31.5167","122.6167","direct from dataset","1","China","Shanghai",NA,0,0.1,"EA","24.78 ","1.98 ","0.45 "
"128","Xia et al 2022","Xia et al 2022","SX Chongming Island 6","Chongming Island 6","Saltmarsh","31.5167","122.6167","direct from dataset","1","China","Shanghai",NA,0.1,0.2,"EA","17.91 ","1.52 ","0.77 "
"129","Xia et al 2022","Xia et al 2022","SX Chongming Island 6","Chongming Island 6","Saltmarsh","31.5167","122.6167","direct from dataset","1","China","Shanghai",NA,0.2,0.3,"EA","22.76 ","1.58 ","0.98 "
"130","Xia et al 2022","Xia et al 2022","SX Chongming Island 6","Chongming Island 6","Saltmarsh","31.5167","122.6167","direct from dataset","1","China","Shanghai",NA,0.3,0.4,"EA","17.57 ","0.95 ","0.86 "
"131","Xia et al 2022","Xia et al 2022","SX Chongming Island 6","Chongming Island 6","Saltmarsh","31.5167","122.6167","direct from dataset","1","China","Shanghai",NA,0.4,0.6,"EA","nd",NA,NA
"132","Xia et al 2022","Xia et al 2022","SX Chongming Island 6","Chongming Island 6","Saltmarsh","31.5167","122.6167","direct from dataset","1","China","Shanghai",NA,0.6,0.8,"EA","nd",NA,NA
"133","Xia et al 2022","Xia et al 2022","SX Chongming Island 6","Chongming Island 6","Saltmarsh","31.5167","122.6167","direct from dataset","1","China","Shanghai",NA,0.8,1,"EA","nd",NA,NA
"134","Xia et al 2022","Yang, 2016","SX Dafeng Wetland 22","Dafeng Wetland 22","Saltmarsh","33.0717","120.8617","direct from dataset","1","China","Jiangsu",NA,0,1,"See individual studies","2.00 ","nd","nd"
"135","Xia et al 2022","Fu et al., 2021","SX Doulong Harbor 3","Doulong Harbor 3","Saltmarsh","33.4709","120.6796","direct from dataset","1","China","Jiangsu",NA,0,1,"See individual studies","nd","nd","nd"
"136","Xia et al 2022","Xia et al 2022","SX Hengsha Island 1","Hengsha Island 1","Saltmarsh","31.3333","121.8333","direct from dataset","1","China","Shanghai",NA,0,0.1,"EA","19.75 ","1.04 ","1.08 "
"137","Xia et al 2022","Xia et al 2022","SX Hengsha Island 1","Hengsha Island 1","Saltmarsh","31.3333","121.8333","direct from dataset","1","China","Shanghai",NA,0.1,0.2,"EA","19.80 ","0.98 ","1.14 "
"138","Xia et al 2022","Xia et al 2022","SX Hengsha Island 1","Hengsha Island 1","Saltmarsh","31.3333","121.8333","direct from dataset","1","China","Shanghai",NA,0.2,0.3,"EA","19.33 ","0.85 ","1.16 "
"139","Xia et al 2022","Xia et al 2022","SX Hengsha Island 1","Hengsha Island 1","Saltmarsh","31.3333","121.8333","direct from dataset","1","China","Shanghai",NA,0.3,0.4,"EA","19.70 ","0.98 ","1.29 "
"140","Xia et al 2022","Xia et al 2022","SX Hengsha Island 1","Hengsha Island 1","Saltmarsh","31.3333","121.8333","direct from dataset","1","China","Shanghai",NA,0.4,0.6,"EA","nd",NA,NA
"141","Xia et al 2022","Xia et al 2022","SX Hengsha Island 1","Hengsha Island 1","Saltmarsh","31.3333","121.8333","direct from dataset","1","China","Shanghai",NA,0.6,0.8,"EA","nd",NA,NA
"142","Xia et al 2022","Xia et al 2022","SX Hengsha Island 1","Hengsha Island 1","Saltmarsh","31.3333","121.8333","direct from dataset","1","China","Shanghai",NA,0.8,1,"EA","nd",NA,NA
"143","Xia et al 2022","Xia et al 2022","SX Hengsha Island 3","Hengsha Island 3","Saltmarsh","31.3333","121.8333","direct from dataset","1","China","Shanghai",NA,0,0.1,"EA","20.45 ","0.90 ","0.99 "
"144","Xia et al 2022","Xia et al 2022","SX Hengsha Island 3","Hengsha Island 3","Saltmarsh","31.3333","121.8333","direct from dataset","1","China","Shanghai",NA,0.1,0.2,"EA","20.12 ","1.06 ","1.18 "
"145","Xia et al 2022","Xia et al 2022","SX Hengsha Island 3","Hengsha Island 3","Saltmarsh","31.3333","121.8333","direct from dataset","1","China","Shanghai",NA,0.2,0.3,"EA","19.55 ","0.95 ","1.18 "
"146","Xia et al 2022","Xia et al 2022","SX Hengsha Island 3","Hengsha Island 3","Saltmarsh","31.3333","121.8333","direct from dataset","1","China","Shanghai",NA,0.3,0.4,"EA","19.46 ","0.91 ","1.27 "
"147","Xia et al 2022","Xia et al 2022","SX Hengsha Island 3","Hengsha Island 3","Saltmarsh","31.3333","121.8333","direct from dataset","1","China","Shanghai",NA,0.4,0.6,"EA","nd",NA,NA
"148","Xia et al 2022","Xia et al 2022","SX Hengsha Island 3","Hengsha Island 3","Saltmarsh","31.3333","121.8333","direct from dataset","1","China","Shanghai",NA,0.6,0.8,"EA","nd",NA,NA
"149","Xia et al 2022","Xia et al 2022","SX Hengsha Island 3","Hengsha Island 3","Saltmarsh","31.3333","121.8333","direct from dataset","1","China","Shanghai",NA,0.8,1,"EA","nd",NA,NA
"150","Xia et al 2022","Xia et al 2022","SX Hengsha Island 4","Hengsha Island 4","Saltmarsh","31.3333","121.8333","direct from dataset","1","China","Shanghai",NA,0,0.1,"EA","19.80 ","0.87 ","1.11 "
"151","Xia et al 2022","Xia et al 2022","SX Hengsha Island 4","Hengsha Island 4","Saltmarsh","31.3333","121.8333","direct from dataset","1","China","Shanghai",NA,0.1,0.2,"EA","21.35 ","0.97 ","1.10 "
"152","Xia et al 2022","Xia et al 2022","SX Hengsha Island 4","Hengsha Island 4","Saltmarsh","31.3333","121.8333","direct from dataset","1","China","Shanghai",NA,0.2,0.3,"EA","18.85 ","0.74 ","1.11 "
"153","Xia et al 2022","Xia et al 2022","SX Hengsha Island 4","Hengsha Island 4","Saltmarsh","31.3333","121.8333","direct from dataset","1","China","Shanghai",NA,0.3,0.4,"EA","19.22 ","0.90 ","1.06 "
"154","Xia et al 2022","Xia et al 2022","SX Hengsha Island 4","Hengsha Island 4","Saltmarsh","31.3333","121.8333","direct from dataset","1","China","Shanghai",NA,0.4,0.6,"EA","nd",NA,NA
"155","Xia et al 2022","Xia et al 2022","SX Hengsha Island 4","Hengsha Island 4","Saltmarsh","31.3333","121.8333","direct from dataset","1","China","Shanghai",NA,0.6,0.8,"EA","nd",NA,NA
"156","Xia et al 2022","Xia et al 2022","SX Hengsha Island 4","Hengsha Island 4","Saltmarsh","31.3333","121.8333","direct from dataset","1","China","Shanghai",NA,0.8,1,"EA","nd",NA,NA
"157","Xia et al 2022","Xia et al 2022","SX Hengsha Island 5","Hengsha Island 5","Saltmarsh","31.3333","121.8333","direct from dataset","1","China","Shanghai",NA,0,0.1,"EA","19.62 ","0.90 ","1.05 "
"158","Xia et al 2022","Xia et al 2022","SX Hengsha Island 5","Hengsha Island 5","Saltmarsh","31.3333","121.8333","direct from dataset","1","China","Shanghai",NA,0.1,0.2,"EA","15.34 ","0.90 ","0.94 "
"159","Xia et al 2022","Xia et al 2022","SX Hengsha Island 5","Hengsha Island 5","Saltmarsh","31.3333","121.8333","direct from dataset","1","China","Shanghai",NA,0.2,0.3,"EA","19.59 ","0.87 ","1.04 "
"160","Xia et al 2022","Xia et al 2022","SX Hengsha Island 5","Hengsha Island 5","Saltmarsh","31.3333","121.8333","direct from dataset","1","China","Shanghai",NA,0.3,0.4,"EA","19.20 ","0.89 ","1.15 "
"161","Xia et al 2022","Xia et al 2022","SX Hengsha Island 5","Hengsha Island 5","Saltmarsh","31.3333","121.8333","direct from dataset","1","China","Shanghai",NA,0.4,0.6,"EA","nd",NA,NA
"162","Xia et al 2022","Xia et al 2022","SX Hengsha Island 5","Hengsha Island 5","Saltmarsh","31.3333","121.8333","direct from dataset","1","China","Shanghai",NA,0.6,0.8,"EA","nd",NA,NA
"163","Xia et al 2022","Xia et al 2022","SX Hengsha Island 5","Hengsha Island 5","Saltmarsh","31.3333","121.8333","direct from dataset","1","China","Shanghai",NA,0.8,1,"EA","nd",NA,NA
"164","Xia et al 2022","Xia et al 2022","SX Hengsha Island 6","Hengsha Island 6","Saltmarsh","31.3333","121.8333","direct from dataset","1","China","Shanghai",NA,0,0.1,"EA","19.20 ","0.87 ","1.14 "
"165","Xia et al 2022","Xia et al 2022","SX Hengsha Island 6","Hengsha Island 6","Saltmarsh","31.3333","121.8333","direct from dataset","1","China","Shanghai",NA,0.1,0.2,"EA","18.91 ","0.83 ","1.33 "
"166","Xia et al 2022","Xia et al 2022","SX Hengsha Island 6","Hengsha Island 6","Saltmarsh","31.3333","121.8333","direct from dataset","1","China","Shanghai",NA,0.2,0.3,"EA","18.86 ","0.82 ","1.23 "
"167","Xia et al 2022","Xia et al 2022","SX Hengsha Island 6","Hengsha Island 6","Saltmarsh","31.3333","121.8333","direct from dataset","1","China","Shanghai",NA,0.3,0.4,"EA","19.51 ","0.92 ","1.21 "
"168","Xia et al 2022","Xia et al 2022","SX Hengsha Island 6","Hengsha Island 6","Saltmarsh","31.3333","121.8333","direct from dataset","1","China","Shanghai",NA,0.4,0.6,"EA","nd",NA,NA
"169","Xia et al 2022","Xia et al 2022","SX Hengsha Island 6","Hengsha Island 6","Saltmarsh","31.3333","121.8333","direct from dataset","1","China","Shanghai",NA,0.6,0.8,"EA","nd",NA,NA
"170","Xia et al 2022","Xia et al 2022","SX Hengsha Island 6","Hengsha Island 6","Saltmarsh","31.3333","121.8333","direct from dataset","1","China","Shanghai",NA,0.8,1,"EA","nd",NA,NA
"171","Xia et al 2022","Xia et al 2022","SX Jiulong River Estuary 2","Jiulong River Estuary 2","Saltmarsh","24.4167","117.9167","direct from dataset","1","China","Fujian",NA,0,0.1,"EA","13.60 ","1.43 ","0.73 "
"172","Xia et al 2022","Xia et al 2022","SX Jiulong River Estuary 2","Jiulong River Estuary 2","Saltmarsh","24.4167","117.9167","direct from dataset","1","China","Fujian",NA,0.1,0.2,"EA","14.95 ","1.62 ","0.84 "
"173","Xia et al 2022","Xia et al 2022","SX Jiulong River Estuary 2","Jiulong River Estuary 2","Saltmarsh","24.4167","117.9167","direct from dataset","1","China","Fujian",NA,0.2,0.3,"EA","14.92 ","1.67 ","0.71 "
"174","Xia et al 2022","Xia et al 2022","SX Jiulong River Estuary 2","Jiulong River Estuary 2","Saltmarsh","24.4167","117.9167","direct from dataset","1","China","Fujian",NA,0.3,0.4,"EA","16.72 ","1.76 ","0.60 "
"175","Xia et al 2022","Xia et al 2022","SX Jiulong River Estuary 2","Jiulong River Estuary 2","Saltmarsh","24.4167","117.9167","direct from dataset","1","China","Fujian",NA,0.4,0.6,"EA","nd",NA,NA
"176","Xia et al 2022","Xia et al 2022","SX Jiulong River Estuary 2","Jiulong River Estuary 2","Saltmarsh","24.4167","117.9167","direct from dataset","1","China","Fujian",NA,0.6,0.8,"EA","nd",NA,NA
"177","Xia et al 2022","Xia et al 2022","SX Jiulong River Estuary 2","Jiulong River Estuary 2","Saltmarsh","24.4167","117.9167","direct from dataset","1","China","Fujian",NA,0.8,1,"EA","nd",NA,NA
"178","Xia et al 2022","Xia et al 2022","SX Jiulong River Estuary 4","Jiulong River Estuary 4","Saltmarsh","24.4167","117.9167","direct from dataset","1","China","Fujian",NA,0,0.1,"EA","14.79 ","1.63 ","0.57 "
"179","Xia et al 2022","Xia et al 2022","SX Jiulong River Estuary 4","Jiulong River Estuary 4","Saltmarsh","24.4167","117.9167","direct from dataset","1","China","Fujian",NA,0.1,0.2,"EA","14.11 ","1.63 ","0.71 "
"180","Xia et al 2022","Xia et al 2022","SX Jiulong River Estuary 4","Jiulong River Estuary 4","Saltmarsh","24.4167","117.9167","direct from dataset","1","China","Fujian",NA,0.2,0.3,"EA","14.76 ","1.62 ","0.70 "
"181","Xia et al 2022","Xia et al 2022","SX Jiulong River Estuary 4","Jiulong River Estuary 4","Saltmarsh","24.4167","117.9167","direct from dataset","1","China","Fujian",NA,0.3,0.4,"EA","15.40 ","1.55 ","0.60 "
"182","Xia et al 2022","Xia et al 2022","SX Jiulong River Estuary 4","Jiulong River Estuary 4","Saltmarsh","24.4167","117.9167","direct from dataset","1","China","Fujian",NA,0.4,0.6,"EA","nd",NA,NA
"183","Xia et al 2022","Xia et al 2022","SX Jiulong River Estuary 4","Jiulong River Estuary 4","Saltmarsh","24.4167","117.9167","direct from dataset","1","China","Fujian",NA,0.6,0.8,"EA","nd",NA,NA
"184","Xia et al 2022","Xia et al 2022","SX Jiulong River Estuary 4","Jiulong River Estuary 4","Saltmarsh","24.4167","117.9167","direct from dataset","1","China","Fujian",NA,0.8,1,"EA","nd",NA,NA
"185","Xia et al 2022","Xia et al 2022","SX Jiulong River Estuary 6","Jiulong River Estuary 6","Saltmarsh","24.4167","117.9167","direct from dataset","1","China","Fujian",NA,0,0.1,"EA","13.36 ","1.55 ","0.76 "
"186","Xia et al 2022","Xia et al 2022","SX Jiulong River Estuary 6","Jiulong River Estuary 6","Saltmarsh","24.4167","117.9167","direct from dataset","1","China","Fujian",NA,0.1,0.2,"EA","13.78 ","1.58 ","0.80 "
"187","Xia et al 2022","Xia et al 2022","SX Jiulong River Estuary 6","Jiulong River Estuary 6","Saltmarsh","24.4167","117.9167","direct from dataset","1","China","Fujian",NA,0.2,0.3,"EA","16.34 ","1.70 ","0.70 "
"188","Xia et al 2022","Xia et al 2022","SX Jiulong River Estuary 6","Jiulong River Estuary 6","Saltmarsh","24.4167","117.9167","direct from dataset","1","China","Fujian",NA,0.3,0.4,"EA","18.25 ","1.70 ","0.62 "
"189","Xia et al 2022","Xia et al 2022","SX Jiulong River Estuary 6","Jiulong River Estuary 6","Saltmarsh","24.4167","117.9167","direct from dataset","1","China","Fujian",NA,0.4,0.6,"EA","nd",NA,NA
"190","Xia et al 2022","Xia et al 2022","SX Jiulong River Estuary 6","Jiulong River Estuary 6","Saltmarsh","24.4167","117.9167","direct from dataset","1","China","Fujian",NA,0.6,0.8,"EA","nd",NA,NA
"191","Xia et al 2022","Xia et al 2022","SX Jiulong River Estuary 6","Jiulong River Estuary 6","Saltmarsh","24.4167","117.9167","direct from dataset","1","China","Fujian",NA,0.8,1,"EA","nd",NA,NA
"192","Xia et al 2022","Xia et al 2022","SX Liao River Delta 1","Liao River Delta 1","Saltmarsh","41.0507","121.8923","direct from dataset","1","China","Liaoning ",NA,0,0.1,"EA","21.58 ","2.65 ","1.13 "
"193","Xia et al 2022","Xia et al 2022","SX Liao River Delta 1","Liao River Delta 1","Saltmarsh","41.0507","121.8923","direct from dataset","1","China","Liaoning ",NA,0.1,0.2,"EA","11.26 ","1.31 ","1.28 "
"194","Xia et al 2022","Xia et al 2022","SX Liao River Delta 1","Liao River Delta 1","Saltmarsh","41.0507","121.8923","direct from dataset","1","China","Liaoning ",NA,0.2,0.3,"EA","11.07 ","1.44 ","1.14 "
"195","Xia et al 2022","Xia et al 2022","SX Liao River Delta 1","Liao River Delta 1","Saltmarsh","41.0507","121.8923","direct from dataset","1","China","Liaoning ",NA,0.3,0.4,"EA","9.96 ","1.37 ","1.34 "
"196","Xia et al 2022","Xia et al 2022","SX Liao River Delta 1","Liao River Delta 1","Saltmarsh","41.0507","121.8923","direct from dataset","1","China","Liaoning ",NA,0.4,0.6,"EA","10.01 ","1.37 ","1.32 "
"197","Xia et al 2022","Xia et al 2022","SX Liao River Delta 1","Liao River Delta 1","Saltmarsh","41.0507","121.8923","direct from dataset","1","China","Liaoning ",NA,0.6,0.8,"EA","12.62 ","1.59 ","1.23 "
"198","Xia et al 2022","Xia et al 2022","SX Liao River Delta 1","Liao River Delta 1","Saltmarsh","41.0507","121.8923","direct from dataset","1","China","Liaoning ",NA,0.8,1,"EA","11.84 ","1.68 ","1.25 "
"199","Xia et al 2022","Xia et al 2022","SX Liao River Delta 2","Liao River Delta 2","Saltmarsh","41.0507","121.8923","direct from dataset","1","China","Liaoning ",NA,0,0.1,"EA","6.32 ","0.87 ","1.29 "
"200","Xia et al 2022","Xia et al 2022","SX Liao River Delta 2","Liao River Delta 2","Saltmarsh","41.0507","121.8923","direct from dataset","1","China","Liaoning ",NA,0.1,0.2,"EA","10.05 ","1.35 ","1.32 "
"201","Xia et al 2022","Xia et al 2022","SX Liao River Delta 2","Liao River Delta 2","Saltmarsh","41.0507","121.8923","direct from dataset","1","China","Liaoning ",NA,0.2,0.3,"EA","11.50 ","1.09 ","1.37 "
"202","Xia et al 2022","Xia et al 2022","SX Liao River Delta 2","Liao River Delta 2","Saltmarsh","41.0507","121.8923","direct from dataset","1","China","Liaoning ",NA,0.3,0.4,"EA","9.91 ","1.18 ","1.27 "
"203","Xia et al 2022","Xia et al 2022","SX Liao River Delta 2","Liao River Delta 2","Saltmarsh","41.0507","121.8923","direct from dataset","1","China","Liaoning ",NA,0.4,0.6,"EA","12.67 ","nd","1.23 "
"204","Xia et al 2022","Xia et al 2022","SX Liao River Delta 2","Liao River Delta 2","Saltmarsh","41.0507","121.8923","direct from dataset","1","China","Liaoning ",NA,0.6,0.8,"EA","10.28 ","nd","1.31 "
"205","Xia et al 2022","Xia et al 2022","SX Liao River Delta 2","Liao River Delta 2","Saltmarsh","41.0507","121.8923","direct from dataset","1","China","Liaoning ",NA,0.8,1,"EA","11.00 ","nd","1.28 "
"206","Xia et al 2022","Xia et al 2022","SX Liao River Delta 3","Liao River Delta 3","Saltmarsh","41.0321","121.8884","direct from dataset","1","China","Liaoning ",NA,0,0.1,"EA","10.64 ","1.05 ","1.41 "
"207","Xia et al 2022","Xia et al 2022","SX Liao River Delta 3","Liao River Delta 3","Saltmarsh","41.0321","121.8884","direct from dataset","1","China","Liaoning ",NA,0.1,0.2,"EA","9.19 ","1.05 ","1.37 "
"208","Xia et al 2022","Xia et al 2022","SX Liao River Delta 3","Liao River Delta 3","Saltmarsh","41.0321","121.8884","direct from dataset","1","China","Liaoning ",NA,0.2,0.3,"EA","9.94 ","1.01 ","1.27 "
"209","Xia et al 2022","Xia et al 2022","SX Liao River Delta 3","Liao River Delta 3","Saltmarsh","41.0321","121.8884","direct from dataset","1","China","Liaoning ",NA,0.3,0.4,"EA","6.88 ","0.61 ","1.30 "
"210","Xia et al 2022","Xia et al 2022","SX Liao River Delta 3","Liao River Delta 3","Saltmarsh","41.0321","121.8884","direct from dataset","1","China","Liaoning ",NA,0.4,0.6,"EA","9.45 ","nd","1.34 "
"211","Xia et al 2022","Xia et al 2022","SX Liao River Delta 3","Liao River Delta 3","Saltmarsh","41.0321","121.8884","direct from dataset","1","China","Liaoning ",NA,0.6,0.8,"EA","9.36 ","nd","1.35 "
"212","Xia et al 2022","Xia et al 2022","SX Liao River Delta 3","Liao River Delta 3","Saltmarsh","41.0321","121.8884","direct from dataset","1","China","Liaoning ",NA,0.8,1,"EA","9.54 ","nd","1.34 "
"213","Xia et al 2022","Xia et al 2022","SX Liao River Delta 4","Liao River Delta 4","Saltmarsh","40.9921","121.9361","direct from dataset","1","China","Liaoning ",NA,0,0.1,"EA","10.47 ","1.30 ","1.13 "
"214","Xia et al 2022","Xia et al 2022","SX Liao River Delta 4","Liao River Delta 4","Saltmarsh","40.9921","121.9361","direct from dataset","1","China","Liaoning ",NA,0.1,0.2,"EA","12.74 ","1.34 ","1.20 "
"215","Xia et al 2022","Xia et al 2022","SX Liao River Delta 4","Liao River Delta 4","Saltmarsh","40.9921","121.9361","direct from dataset","1","China","Liaoning ",NA,0.2,0.3,"EA","8.99 ","1.11 ","1.39 "
"216","Xia et al 2022","Xia et al 2022","SX Liao River Delta 4","Liao River Delta 4","Saltmarsh","40.9921","121.9361","direct from dataset","1","China","Liaoning ",NA,0.3,0.4,"EA","7.36 ","0.85 ","1.59 "
"217","Xia et al 2022","Xia et al 2022","SX Liao River Delta 4","Liao River Delta 4","Saltmarsh","40.9921","121.9361","direct from dataset","1","China","Liaoning ",NA,0.4,0.6,"EA","5.80 ","0.70 ","1.53 "
"218","Xia et al 2022","Xia et al 2022","SX Liao River Delta 4","Liao River Delta 4","Saltmarsh","40.9921","121.9361","direct from dataset","1","China","Liaoning ",NA,0.6,0.8,"EA","4.75 ","0.64 ","1.61 "
"219","Xia et al 2022","Xia et al 2022","SX Liao River Delta 4","Liao River Delta 4","Saltmarsh","40.9921","121.9361","direct from dataset","1","China","Liaoning ",NA,0.8,1,"EA","5.78 ","0.63 ","1.53 "
"220","Xia et al 2022","Xia et al 2022","SX Liao River Delta 6","Liao River Delta 6","Saltmarsh","41.0468","121.8686","direct from dataset","1","China","Liaoning ",NA,0,0.1,"EA","6.98 ","0.95 ","1.46 "
"221","Xia et al 2022","Xia et al 2022","SX Liao River Delta 6","Liao River Delta 6","Saltmarsh","41.0468","121.8686","direct from dataset","1","China","Liaoning ",NA,0.1,0.2,"EA","12.75 ","1.39 ","1.23 "
"222","Xia et al 2022","Xia et al 2022","SX Liao River Delta 6","Liao River Delta 6","Saltmarsh","41.0468","121.8686","direct from dataset","1","China","Liaoning ",NA,0.2,0.3,"EA","8.74 ","1.05 ","1.75 "
"223","Xia et al 2022","Xia et al 2022","SX Liao River Delta 6","Liao River Delta 6","Saltmarsh","41.0468","121.8686","direct from dataset","1","China","Liaoning ",NA,0.3,0.4,"EA","9.52 ","1.14 ","1.34 "
"224","Xia et al 2022","Xia et al 2022","SX Liao River Delta 6","Liao River Delta 6","Saltmarsh","41.0468","121.8686","direct from dataset","1","China","Liaoning ",NA,0.4,0.6,"EA","8.68 ","nd","1.38 "
"225","Xia et al 2022","Xia et al 2022","SX Liao River Delta 6","Liao River Delta 6","Saltmarsh","41.0468","121.8686","direct from dataset","1","China","Liaoning ",NA,0.6,0.8,"EA","10.39 ","nd","1.31 "
"226","Xia et al 2022","Xia et al 2022","SX Liao River Delta 6","Liao River Delta 6","Saltmarsh","41.0468","121.8686","direct from dataset","1","China","Liaoning ",NA,0.8,1,"EA","8.80 ","nd","1.37 "
"227","Xia et al 2022","Xia et al 2022","SX Liao River Delta 7","Liao River Delta 7","Saltmarsh","41.0499","121.832","direct from dataset","1","China","Liaoning ",NA,0,0.1,"EA","36.72 ","3.72 ","0.81 "
"228","Xia et al 2022","Xia et al 2022","SX Liao River Delta 7","Liao River Delta 7","Saltmarsh","41.0499","121.832","direct from dataset","1","China","Liaoning ",NA,0.1,0.2,"EA","16.81 ","2.07 ","1.12 "
"229","Xia et al 2022","Xia et al 2022","SX Liao River Delta 7","Liao River Delta 7","Saltmarsh","41.0499","121.832","direct from dataset","1","China","Liaoning ",NA,0.2,0.3,"EA","14.25 ","1.56 ","1.18 "
"230","Xia et al 2022","Xia et al 2022","SX Liao River Delta 7","Liao River Delta 7","Saltmarsh","41.0499","121.832","direct from dataset","1","China","Liaoning ",NA,0.3,0.4,"EA","9.98 ","1.26 ","1.32 "
"231","Xia et al 2022","Xia et al 2022","SX Liao River Delta 7","Liao River Delta 7","Saltmarsh","41.0499","121.832","direct from dataset","1","China","Liaoning ",NA,0.4,0.6,"EA","9.61 ","1.53 ","1.34 "
"232","Xia et al 2022","Xia et al 2022","SX Liao River Delta 7","Liao River Delta 7","Saltmarsh","41.0499","121.832","direct from dataset","1","China","Liaoning ",NA,0.6,0.8,"EA","9.31 ","1.12 ","1.35 "
"233","Xia et al 2022","Xia et al 2022","SX Liao River Delta 7","Liao River Delta 7","Saltmarsh","41.0499","121.832","direct from dataset","1","China","Liaoning ",NA,0.8,1,"EA","7.48 ","1.09 ","1.43 "
"234","Xia et al 2022","Fu et al., 2021","SX Linhong River Estuary 1","Linhong River Estuary 1","Saltmarsh","34.8001","119.2254","direct from dataset","1","China","Jiangsu",NA,0,1,"See individual studies","nd","nd","nd"
"235","Xia et al 2022","Xia et al 2022","SX Minjiang River Estuary 1","Minjiang River Estuary 1","Saltmarsh","26.0167","119.6167","direct from dataset","1","China","Fujian",NA,0,0.1,"EA","25.12 ","2.08 ","0.67 "
"236","Xia et al 2022","Xia et al 2022","SX Minjiang River Estuary 1","Minjiang River Estuary 1","Saltmarsh","26.0167","119.6167","direct from dataset","1","China","Fujian",NA,0.1,0.2,"EA","20.32 ","1.97 ","0.49 "
"237","Xia et al 2022","Xia et al 2022","SX Minjiang River Estuary 1","Minjiang River Estuary 1","Saltmarsh","26.0167","119.6167","direct from dataset","1","China","Fujian",NA,0.2,0.3,"EA","18.65 ","1.73 ","0.73 "
"238","Xia et al 2022","Xia et al 2022","SX Minjiang River Estuary 1","Minjiang River Estuary 1","Saltmarsh","26.0167","119.6167","direct from dataset","1","China","Fujian",NA,0.3,0.4,"EA","20.51 ","1.85 ","0.64 "
"239","Xia et al 2022","Xia et al 2022","SX Minjiang River Estuary 1","Minjiang River Estuary 1","Saltmarsh","26.0167","119.6167","direct from dataset","1","China","Fujian",NA,0.4,0.6,"EA","nd",NA,NA
"240","Xia et al 2022","Xia et al 2022","SX Minjiang River Estuary 1","Minjiang River Estuary 1","Saltmarsh","26.0167","119.6167","direct from dataset","1","China","Fujian",NA,0.6,0.8,"EA","nd",NA,NA
"241","Xia et al 2022","Xia et al 2022","SX Minjiang River Estuary 1","Minjiang River Estuary 1","Saltmarsh","26.0167","119.6167","direct from dataset","1","China","Fujian",NA,0.8,1,"EA","nd",NA,NA
"242","Xia et al 2022","Xia et al 2022","SX Minjiang River Estuary 2","Minjiang River Estuary 2","Saltmarsh","26.0167","119.6167","direct from dataset","1","China","Fujian",NA,0,0.1,"EA","24.39 ","2.21 ","0.76 "
"243","Xia et al 2022","Xia et al 2022","SX Minjiang River Estuary 2","Minjiang River Estuary 2","Saltmarsh","26.0167","119.6167","direct from dataset","1","China","Fujian",NA,0.1,0.2,"EA","24.21 ","2.16 ","0.75 "
"244","Xia et al 2022","Xia et al 2022","SX Minjiang River Estuary 2","Minjiang River Estuary 2","Saltmarsh","26.0167","119.6167","direct from dataset","1","China","Fujian",NA,0.2,0.3,"EA","21.06 ","1.90 ","0.82 "
"245","Xia et al 2022","Xia et al 2022","SX Minjiang River Estuary 2","Minjiang River Estuary 2","Saltmarsh","26.0167","119.6167","direct from dataset","1","China","Fujian",NA,0.3,0.4,"EA","22.43 ","1.96 ","0.83 "
"246","Xia et al 2022","Xia et al 2022","SX Minjiang River Estuary 2","Minjiang River Estuary 2","Saltmarsh","26.0167","119.6167","direct from dataset","1","China","Fujian",NA,0.4,0.6,"EA","nd",NA,NA
"247","Xia et al 2022","Xia et al 2022","SX Minjiang River Estuary 2","Minjiang River Estuary 2","Saltmarsh","26.0167","119.6167","direct from dataset","1","China","Fujian",NA,0.6,0.8,"EA","nd",NA,NA
"248","Xia et al 2022","Xia et al 2022","SX Minjiang River Estuary 2","Minjiang River Estuary 2","Saltmarsh","26.0167","119.6167","direct from dataset","1","China","Fujian",NA,0.8,1,"EA","nd",NA,NA
"249","Xia et al 2022","Xia et al 2022","SX Minjiang River Estuary 3","Minjiang River Estuary 3","Saltmarsh","26.0167","119.6167","direct from dataset","1","China","Fujian",NA,0,0.1,"EA","30.57 ","3.14 ","0.67 "
"250","Xia et al 2022","Xia et al 2022","SX Minjiang River Estuary 3","Minjiang River Estuary 3","Saltmarsh","26.0167","119.6167","direct from dataset","1","China","Fujian",NA,0.1,0.2,"EA","21.84 ","2.08 ","0.68 "
"251","Xia et al 2022","Xia et al 2022","SX Minjiang River Estuary 3","Minjiang River Estuary 3","Saltmarsh","26.0167","119.6167","direct from dataset","1","China","Fujian",NA,0.2,0.3,"EA","24.92 ","2.15 ","0.76 "
"252","Xia et al 2022","Xia et al 2022","SX Minjiang River Estuary 3","Minjiang River Estuary 3","Saltmarsh","26.0167","119.6167","direct from dataset","1","China","Fujian",NA,0.3,0.4,"EA","23.06 ","2.01 ","0.82 "
"253","Xia et al 2022","Xia et al 2022","SX Minjiang River Estuary 3","Minjiang River Estuary 3","Saltmarsh","26.0167","119.6167","direct from dataset","1","China","Fujian",NA,0.4,0.6,"EA","nd",NA,NA
"254","Xia et al 2022","Xia et al 2022","SX Minjiang River Estuary 3","Minjiang River Estuary 3","Saltmarsh","26.0167","119.6167","direct from dataset","1","China","Fujian",NA,0.6,0.8,"EA","nd",NA,NA
"255","Xia et al 2022","Xia et al 2022","SX Minjiang River Estuary 3","Minjiang River Estuary 3","Saltmarsh","26.0167","119.6167","direct from dataset","1","China","Fujian",NA,0.8,1,"EA","nd",NA,NA
"256","Xia et al 2022","Xia et al 2022","SX Minjiang River Estuary 4","Minjiang River Estuary 4","Saltmarsh","26.0167","119.6167","direct from dataset","1","China","Fujian",NA,0,0.1,"EA","19.51 ","1.90 ","0.71 "
"257","Xia et al 2022","Xia et al 2022","SX Minjiang River Estuary 4","Minjiang River Estuary 4","Saltmarsh","26.0167","119.6167","direct from dataset","1","China","Fujian",NA,0.1,0.2,"EA","31.80 ","2.76 ","0.82 "
"258","Xia et al 2022","Xia et al 2022","SX Minjiang River Estuary 4","Minjiang River Estuary 4","Saltmarsh","26.0167","119.6167","direct from dataset","1","China","Fujian",NA,0.2,0.3,"EA","21.34 ","1.95 ","0.87 "
"259","Xia et al 2022","Xia et al 2022","SX Minjiang River Estuary 4","Minjiang River Estuary 4","Saltmarsh","26.0167","119.6167","direct from dataset","1","China","Fujian",NA,0.3,0.4,"EA","21.57 ","1.95 ","0.87 "
"260","Xia et al 2022","Xia et al 2022","SX Minjiang River Estuary 4","Minjiang River Estuary 4","Saltmarsh","26.0167","119.6167","direct from dataset","1","China","Fujian",NA,0.4,0.6,"EA","nd",NA,NA
"261","Xia et al 2022","Xia et al 2022","SX Minjiang River Estuary 4","Minjiang River Estuary 4","Saltmarsh","26.0167","119.6167","direct from dataset","1","China","Fujian",NA,0.6,0.8,"EA","nd",NA,NA
"262","Xia et al 2022","Xia et al 2022","SX Minjiang River Estuary 4","Minjiang River Estuary 4","Saltmarsh","26.0167","119.6167","direct from dataset","1","China","Fujian",NA,0.8,1,"EA","nd",NA,NA
"263","Xia et al 2022","Xia et al 2022","SX Minjiang River Estuary 5","Minjiang River Estuary 5","Saltmarsh","26.0167","119.6167","direct from dataset","1","China","Fujian",NA,0,0.1,"EA","30.89 ","2.78 ","0.67 "
"264","Xia et al 2022","Xia et al 2022","SX Minjiang River Estuary 5","Minjiang River Estuary 5","Saltmarsh","26.0167","119.6167","direct from dataset","1","China","Fujian",NA,0.1,0.2,"EA","18.04 ","1.72 ","0.62 "
"265","Xia et al 2022","Xia et al 2022","SX Minjiang River Estuary 5","Minjiang River Estuary 5","Saltmarsh","26.0167","119.6167","direct from dataset","1","China","Fujian",NA,0.2,0.3,"EA","18.65 ","1.70 ","0.68 "
"266","Xia et al 2022","Xia et al 2022","SX Minjiang River Estuary 5","Minjiang River Estuary 5","Saltmarsh","26.0167","119.6167","direct from dataset","1","China","Fujian",NA,0.3,0.4,"EA","20.87 ","1.86 ","0.68 "
"267","Xia et al 2022","Xia et al 2022","SX Minjiang River Estuary 5","Minjiang River Estuary 5","Saltmarsh","26.0167","119.6167","direct from dataset","1","China","Fujian",NA,0.4,0.6,"EA","nd",NA,NA
"268","Xia et al 2022","Xia et al 2022","SX Minjiang River Estuary 5","Minjiang River Estuary 5","Saltmarsh","26.0167","119.6167","direct from dataset","1","China","Fujian",NA,0.6,0.8,"EA","nd",NA,NA
"269","Xia et al 2022","Xia et al 2022","SX Minjiang River Estuary 5","Minjiang River Estuary 5","Saltmarsh","26.0167","119.6167","direct from dataset","1","China","Fujian",NA,0.8,1,"EA","nd",NA,NA
"270","Xia et al 2022","Xia et al 2022","SX Minjiang River Estuary 6","Minjiang River Estuary 6","Saltmarsh","26.0167","119.6167","direct from dataset","1","China","Fujian",NA,0,0.1,"EA","29.58 ","2.59 ","0.61 "
"271","Xia et al 2022","Xia et al 2022","SX Minjiang River Estuary 6","Minjiang River Estuary 6","Saltmarsh","26.0167","119.6167","direct from dataset","1","China","Fujian",NA,0.1,0.2,"EA","20.11 ","1.94 ","0.72 "
"272","Xia et al 2022","Xia et al 2022","SX Minjiang River Estuary 6","Minjiang River Estuary 6","Saltmarsh","26.0167","119.6167","direct from dataset","1","China","Fujian",NA,0.2,0.3,"EA","20.72 ","1.86 ","0.70 "
"273","Xia et al 2022","Xia et al 2022","SX Minjiang River Estuary 6","Minjiang River Estuary 6","Saltmarsh","26.0167","119.6167","direct from dataset","1","China","Fujian",NA,0.3,0.4,"EA","20.82 ","1.83 ","0.65 "
"274","Xia et al 2022","Xia et al 2022","SX Minjiang River Estuary 6","Minjiang River Estuary 6","Saltmarsh","26.0167","119.6167","direct from dataset","1","China","Fujian",NA,0.4,0.6,"EA","nd",NA,NA
"275","Xia et al 2022","Xia et al 2022","SX Minjiang River Estuary 6","Minjiang River Estuary 6","Saltmarsh","26.0167","119.6167","direct from dataset","1","China","Fujian",NA,0.6,0.8,"EA","nd",NA,NA
"276","Xia et al 2022","Xia et al 2022","SX Minjiang River Estuary 6","Minjiang River Estuary 6","Saltmarsh","26.0167","119.6167","direct from dataset","1","China","Fujian",NA,0.8,1,"EA","nd",NA,NA
"277","Xia et al 2022","Xia et al 2022","SX Nandagang Wetland 1","Nandagang Wetland 1","Saltmarsh","38.9256","116.0964","direct from dataset","1","China","Hebei",NA,0,0.1,"EA","11.01 ","1.35 ","1.32 "
"278","Xia et al 2022","Xia et al 2022","SX Nandagang Wetland 1","Nandagang Wetland 1","Saltmarsh","38.9256","116.0964","direct from dataset","1","China","Hebei",NA,0.1,0.2,"EA","15.21 ","1.68 ","1.23 "
"279","Xia et al 2022","Xia et al 2022","SX Nandagang Wetland 1","Nandagang Wetland 1","Saltmarsh","38.9256","116.0964","direct from dataset","1","China","Hebei",NA,0.2,0.3,"EA","17.12 ","2.13 ","1.20 "
"280","Xia et al 2022","Xia et al 2022","SX Nandagang Wetland 1","Nandagang Wetland 1","Saltmarsh","38.9256","116.0964","direct from dataset","1","China","Hebei",NA,0.3,0.4,"EA","13.67 ","1.51 ","1.26 "
"281","Xia et al 2022","Xia et al 2022","SX Nandagang Wetland 1","Nandagang Wetland 1","Saltmarsh","38.9256","116.0964","direct from dataset","1","China","Hebei",NA,0.4,0.6,"EA","10.93 ","1.28 ","1.32 "
"282","Xia et al 2022","Xia et al 2022","SX Nandagang Wetland 1","Nandagang Wetland 1","Saltmarsh","38.9256","116.0964","direct from dataset","1","China","Hebei",NA,0.6,0.8,"EA","8.48 ","1.10 ","1.38 "
"283","Xia et al 2022","Xia et al 2022","SX Nandagang Wetland 1","Nandagang Wetland 1","Saltmarsh","38.9256","116.0964","direct from dataset","1","China","Hebei",NA,0.8,1,"EA","7.03 ","0.94 ","1.41 "
"284","Xia et al 2022","Xia et al 2022","SX Nandagang Wetland 2","Nandagang Wetland 2","Saltmarsh","38.8864","116","direct from dataset","1","China","Hebei",NA,0,0.1,"EA","15.85 ","1.83 ","1.22 "
"285","Xia et al 2022","Xia et al 2022","SX Nandagang Wetland 2","Nandagang Wetland 2","Saltmarsh","38.8864","116","direct from dataset","1","China","Hebei",NA,0.1,0.2,"EA","14.45 ","1.78 ","1.25 "
"286","Xia et al 2022","Xia et al 2022","SX Nandagang Wetland 2","Nandagang Wetland 2","Saltmarsh","38.8864","116","direct from dataset","1","China","Hebei",NA,0.2,0.3,"EA","11.46 ","1.48 ","1.31 "
"287","Xia et al 2022","Xia et al 2022","SX Nandagang Wetland 2","Nandagang Wetland 2","Saltmarsh","38.8864","116","direct from dataset","1","China","Hebei",NA,0.3,0.4,"EA","11.66 ","1.24 ","1.30 "
"288","Xia et al 2022","Xia et al 2022","SX Nandagang Wetland 2","Nandagang Wetland 2","Saltmarsh","38.8864","116","direct from dataset","1","China","Hebei",NA,0.4,0.6,"EA","8.46 ","1.08 ","1.38 "
"289","Xia et al 2022","Xia et al 2022","SX Nandagang Wetland 2","Nandagang Wetland 2","Saltmarsh","38.8864","116","direct from dataset","1","China","Hebei",NA,0.6,0.8,"EA","7.46 ","1.08 ","1.40 "
"290","Xia et al 2022","Xia et al 2022","SX Nandagang Wetland 2","Nandagang Wetland 2","Saltmarsh","38.8864","116","direct from dataset","1","China","Hebei",NA,0.8,1,"EA","7.70 ","1.10 ","1.39 "
"291","Xia et al 2022","Xia et al 2022","SX Nandagang Wetland 3","Nandagang Wetland 3","Saltmarsh","38.9278","116.1489","direct from dataset","1","China","Hebei",NA,0,0.1,"EA","15.53 ","1.64 ","1.23 "
"292","Xia et al 2022","Xia et al 2022","SX Nandagang Wetland 3","Nandagang Wetland 3","Saltmarsh","38.9278","116.1489","direct from dataset","1","China","Hebei",NA,0.1,0.2,"EA","10.03 ","1.28 ","1.34 "
"293","Xia et al 2022","Xia et al 2022","SX Nandagang Wetland 3","Nandagang Wetland 3","Saltmarsh","38.9278","116.1489","direct from dataset","1","China","Hebei",NA,0.2,0.3,"EA","6.02 ","0.85 ","1.44 "
"294","Xia et al 2022","Xia et al 2022","SX Nandagang Wetland 3","Nandagang Wetland 3","Saltmarsh","38.9278","116.1489","direct from dataset","1","China","Hebei",NA,0.3,0.4,"EA","6.57 ","0.93 ","1.42 "
"295","Xia et al 2022","Xia et al 2022","SX Nandagang Wetland 3","Nandagang Wetland 3","Saltmarsh","38.9278","116.1489","direct from dataset","1","China","Hebei",NA,0.4,0.6,"EA","8.17 ","1.05 ","1.38 "
"296","Xia et al 2022","Xia et al 2022","SX Nandagang Wetland 3","Nandagang Wetland 3","Saltmarsh","38.9278","116.1489","direct from dataset","1","China","Hebei",NA,0.6,0.8,"EA","8.25 ","1.14 ","1.38 "
"297","Xia et al 2022","Xia et al 2022","SX Nandagang Wetland 3","Nandagang Wetland 3","Saltmarsh","38.9278","116.1489","direct from dataset","1","China","Hebei",NA,0.8,1,"EA","7.01 ","1.08 ","1.41 "
"298","Xia et al 2022","Fu et al., 2021","SX Sheyang River Estuary 2","Sheyang River Estuary 2","Saltmarsh","33.8131","120.4786","direct from dataset","1","China","Jiangsu",NA,0,1,"See individual studies","nd","nd","nd"
"299","Xia et al 2022","Gao et al., 2016","SX Wanggang Wetland 6","Wanggang Wetland 6","Saltmarsh","33.1864","120.7586","direct from dataset","1","China","Jiangsu",NA,0,1,"See individual studies","3.20 ","nd","nd"
"300","Xia et al 2022","Gao et al., 2016","SX Wanggang Wetland 7","Wanggang Wetland 7","Saltmarsh","33.1863","120.7589","direct from dataset","1","China","Jiangsu",NA,0,1,"See individual studies","3.40 ","nd","nd"
"301","Xia et al 2022","Gao et al., 2016","SX Wanggang Wetland 8","Wanggang Wetland 8","Saltmarsh","33.1861","120.7595","direct from dataset","1","China","Jiangsu",NA,0,1,"See individual studies","2.90 ","nd","nd"
"302","Xia et al 2022","Liu et al., 2017","SX Yancheng Wetland 10","Yancheng Wetland 10","Saltmarsh","33.6093","120.6161","direct from dataset","1","China","Jiangsu",NA,0,1,"See individual studies","2.40 ","nd","nd"
"303","Xia et al 2022","Liu et al., 2017","SX Yancheng Wetland 11","Yancheng Wetland 11","Saltmarsh","33.6081","120.6148","direct from dataset","1","China","Jiangsu",NA,0,1,"See individual studies","2.70 ","nd","nd"
"304","Xia et al 2022","Liu et al., 2017","SX Yancheng Wetland 12","Yancheng Wetland 12","Saltmarsh","33.6074","120.6104","direct from dataset","1","China","Jiangsu",NA,0,1,"See individual studies","3.80 ","nd","nd"
"305","Xia et al 2022","Liu et al., 2017","SX Yancheng Wetland 13","Yancheng Wetland 13","Saltmarsh","33.6062","120.6101","direct from dataset","1","China","Jiangsu",NA,0,1,"See individual studies","3.40 ","nd","nd"
"306","Xia et al 2022","Liu et al., 2017","SX Yancheng Wetland 14","Yancheng Wetland 14","Saltmarsh","33.6031","120.6054","direct from dataset","1","China","Jiangsu",NA,0,1,"See individual studies","2.70 ","nd","nd"
"307","Xia et al 2022","Liu et al., 2017","SX Yancheng Wetland 15","Yancheng Wetland 15","Saltmarsh","33.6029","120.6043","direct from dataset","1","China","Jiangsu",NA,0,1,"See individual studies","1.60 ","nd","nd"
"308","Xia et al 2022","Liu et al., 2017","SX Yancheng Wetland 16","Yancheng Wetland 16","Saltmarsh","33.5957","120.5862","direct from dataset","1","China","Jiangsu",NA,0,1,"See individual studies","3.10 ","nd","nd"
"309","Xia et al 2022","Liu et al., 2017","SX Yancheng Wetland 17","Yancheng Wetland 17","Saltmarsh","33.5783","120.5533","direct from dataset","1","China","Jiangsu",NA,0,1,"See individual studies","2.30 ","nd","nd"
"310","Xia et al 2022","Zang, 2019","SX Yancheng Wetland 18","Yancheng Wetland 18","Saltmarsh","","","direct from dataset","1","China","Jiangsu",NA,0,1,"See individual studies","4.40 ","nd","nd"
"311","Xia et al 2022","Zang, 2019","SX Yancheng Wetland 19","Yancheng Wetland 19","Saltmarsh","","","direct from dataset","1","China","Jiangsu",NA,0,1,"See individual studies","4.30 ","nd","nd"
"312","Xia et al 2022","Zang, 2019","SX Yancheng Wetland 20","Yancheng Wetland 20","Saltmarsh","","","direct from dataset","1","China","Jiangsu",NA,0,1,"See individual studies","5.20 ","nd","nd"
"313","Xia et al 2022","Yang, 2019","SX Yancheng Wetland 21","Yancheng Wetland 21","Saltmarsh","","","direct from dataset","1","China","Jiangsu",NA,0,1,"See individual studies","5.90 ","nd","nd"
"314","Xia et al 2022","Liu et al., 2017","SX Yancheng Wetland 9","Yancheng Wetland 9","Saltmarsh","33.6104","120.6168","direct from dataset","1","China","Jiangsu",NA,0,1,"See individual studies","0.90 ","nd","nd"
"315","Xia et al 2022","Xia et al 2022","SX Yellow River Estuary 2","Yellow River Estuary 2","Saltmarsh","37.6258","118.5869","direct from dataset","1","China","Shandong",NA,0,0.1,"EA","7.33 ","0.62 ","1.52 "
"316","Xia et al 2022","Xia et al 2022","SX Yellow River Estuary 2","Yellow River Estuary 2","Saltmarsh","37.6258","118.5869","direct from dataset","1","China","Shandong",NA,0.1,0.2,"EA","3.54 ","0.60 ","1.64 "
"317","Xia et al 2022","Xia et al 2022","SX Yellow River Estuary 2","Yellow River Estuary 2","Saltmarsh","37.6258","118.5869","direct from dataset","1","China","Shandong",NA,0.2,0.3,"EA","4.40 ","0.49 ","1.54 "
"318","Xia et al 2022","Xia et al 2022","SX Yellow River Estuary 2","Yellow River Estuary 2","Saltmarsh","37.6258","118.5869","direct from dataset","1","China","Shandong",NA,0.3,0.4,"EA","2.46 ","0.37 ","1.61 "
"319","Xia et al 2022","Xia et al 2022","SX Yellow River Estuary 2","Yellow River Estuary 2","Saltmarsh","37.6258","118.5869","direct from dataset","1","China","Shandong",NA,0.4,0.6,"EA","3.11 ","0.49 ","1.55 "
"320","Xia et al 2022","Xia et al 2022","SX Yellow River Estuary 2","Yellow River Estuary 2","Saltmarsh","37.6258","118.5869","direct from dataset","1","China","Shandong",NA,0.6,0.8,"EA","2.37 ","0.41 ","1.64 "
"321","Xia et al 2022","Xia et al 2022","SX Yellow River Estuary 2","Yellow River Estuary 2","Saltmarsh","37.6258","118.5869","direct from dataset","1","China","Shandong",NA,0.8,1,"EA","1.60 ","0.27 ","1.74 "
"322","Xia et al 2022","Xia et al 2022","SX Yellow River Estuary 3","Yellow River Estuary 3","Saltmarsh","37.7249","118.7401","direct from dataset","1","China","Shandong",NA,0,0.1,"EA","5.07 ","0.68 ","1.60 "
"323","Xia et al 2022","Xia et al 2022","SX Yellow River Estuary 3","Yellow River Estuary 3","Saltmarsh","37.7249","118.7401","direct from dataset","1","China","Shandong",NA,0.1,0.2,"EA","2.79 ","0.51 ","1.77 "
"324","Xia et al 2022","Xia et al 2022","SX Yellow River Estuary 3","Yellow River Estuary 3","Saltmarsh","37.7249","118.7401","direct from dataset","1","China","Shandong",NA,0.2,0.3,"EA","3.51 ","0.49 ","1.56 "
"325","Xia et al 2022","Xia et al 2022","SX Yellow River Estuary 3","Yellow River Estuary 3","Saltmarsh","37.7249","118.7401","direct from dataset","1","China","Shandong",NA,0.3,0.4,"EA","2.57 ","0.45 ","1.58 "
"326","Xia et al 2022","Xia et al 2022","SX Yellow River Estuary 3","Yellow River Estuary 3","Saltmarsh","37.7249","118.7401","direct from dataset","1","China","Shandong",NA,0.4,0.6,"EA","1.97 ","nd","1.69 "
"327","Xia et al 2022","Xia et al 2022","SX Yellow River Estuary 3","Yellow River Estuary 3","Saltmarsh","37.7249","118.7401","direct from dataset","1","China","Shandong",NA,0.6,0.8,"EA","2.26 ","nd","1.65 "
"328","Xia et al 2022","Xia et al 2022","SX Yellow River Estuary 3","Yellow River Estuary 3","Saltmarsh","37.7249","118.7401","direct from dataset","1","China","Shandong",NA,0.8,1,"EA","2.15 ","nd","1.67 "
"329","Xia et al 2022","Xia et al 2022","SX Yellow River Estuary 4","Yellow River Estuary 4","Saltmarsh","37.7959","118.8817","direct from dataset","1","China","Shandong",NA,0,0.1,"EA","8.83 ","1.38 ","1.08 "
"330","Xia et al 2022","Xia et al 2022","SX Yellow River Estuary 4","Yellow River Estuary 4","Saltmarsh","37.7959","118.8817","direct from dataset","1","China","Shandong",NA,0.1,0.2,"EA","4.24 ","0.61 ","1.45 "
"331","Xia et al 2022","Xia et al 2022","SX Yellow River Estuary 4","Yellow River Estuary 4","Saltmarsh","37.7959","118.8817","direct from dataset","1","China","Shandong",NA,0.2,0.3,"EA","4.55 ","0.78 ","1.50 "
"332","Xia et al 2022","Xia et al 2022","SX Yellow River Estuary 4","Yellow River Estuary 4","Saltmarsh","37.7959","118.8817","direct from dataset","1","China","Shandong",NA,0.3,0.4,"EA","2.04 ","0.37 ","1.56 "
"333","Xia et al 2022","Xia et al 2022","SX Yellow River Estuary 4","Yellow River Estuary 4","Saltmarsh","37.7959","118.8817","direct from dataset","1","China","Shandong",NA,0.4,0.6,"EA","2.58 ","0.40 ","1.62 "
"334","Xia et al 2022","Xia et al 2022","SX Yellow River Estuary 4","Yellow River Estuary 4","Saltmarsh","37.7959","118.8817","direct from dataset","1","China","Shandong",NA,0.6,0.8,"EA","2.81 ","0.41 ","1.59 "
"335","Xia et al 2022","Xia et al 2022","SX Yellow River Estuary 4","Yellow River Estuary 4","Saltmarsh","37.7959","118.8817","direct from dataset","1","China","Shandong",NA,0.8,1,"EA","1.89 ","0.32 ","1.70 "
"336","Xia et al 2022","Xia et al 2022","SX Yueqing Bay 2","Yueqing Bay 2","Saltmarsh","28.35","121.1833","direct from dataset","1","China","Zhejiang",NA,0,0.1,"EA","12.41 ","1.12 ","0.60 "
"337","Xia et al 2022","Xia et al 2022","SX Yueqing Bay 2","Yueqing Bay 2","Saltmarsh","28.35","121.1833","direct from dataset","1","China","Zhejiang",NA,0.1,0.2,"EA","10.96 ","1.01 ","0.62 "
"338","Xia et al 2022","Xia et al 2022","SX Yueqing Bay 2","Yueqing Bay 2","Saltmarsh","28.35","121.1833","direct from dataset","1","China","Zhejiang",NA,0.2,0.3,"EA","11.17 ","0.97 ","0.56 "
"339","Xia et al 2022","Xia et al 2022","SX Yueqing Bay 2","Yueqing Bay 2","Saltmarsh","28.35","121.1833","direct from dataset","1","China","Zhejiang",NA,0.3,0.4,"EA","11.24 ","0.98 ","0.63 "
"340","Xia et al 2022","Xia et al 2022","SX Yueqing Bay 2","Yueqing Bay 2","Saltmarsh","28.35","121.1833","direct from dataset","1","China","Zhejiang",NA,0.4,0.6,"EA","nd",NA,NA
"341","Xia et al 2022","Xia et al 2022","SX Yueqing Bay 2","Yueqing Bay 2","Saltmarsh","28.35","121.1833","direct from dataset","1","China","Zhejiang",NA,0.6,0.8,"EA","nd",NA,NA
"342","Xia et al 2022","Xia et al 2022","SX Yueqing Bay 2","Yueqing Bay 2","Saltmarsh","28.35","121.1833","direct from dataset","1","China","Zhejiang",NA,0.8,1,"EA","nd",NA,NA
"343","Xia et al 2022","Xia et al 2022","SX Yueqing Bay 4","Yueqing Bay 4","Saltmarsh","28.35","121.1833","direct from dataset","1","China","Zhejiang",NA,0,0.1,"EA","12.86 ","1.14 ","0.66 "
"344","Xia et al 2022","Xia et al 2022","SX Yueqing Bay 4","Yueqing Bay 4","Saltmarsh","28.35","121.1833","direct from dataset","1","China","Zhejiang",NA,0.1,0.2,"EA","11.52 ","1.09 ","0.57 "
"345","Xia et al 2022","Xia et al 2022","SX Yueqing Bay 4","Yueqing Bay 4","Saltmarsh","28.35","121.1833","direct from dataset","1","China","Zhejiang",NA,0.2,0.3,"EA","11.10 ","0.99 ","0.73 "
"346","Xia et al 2022","Xia et al 2022","SX Yueqing Bay 4","Yueqing Bay 4","Saltmarsh","28.35","121.1833","direct from dataset","1","China","Zhejiang",NA,0.3,0.4,"EA","11.16 ","0.98 ","0.84 "
"347","Xia et al 2022","Xia et al 2022","SX Yueqing Bay 4","Yueqing Bay 4","Saltmarsh","28.35","121.1833","direct from dataset","1","China","Zhejiang",NA,0.4,0.6,"EA","nd",NA,NA
"348","Xia et al 2022","Xia et al 2022","SX Yueqing Bay 4","Yueqing Bay 4","Saltmarsh","28.35","121.1833","direct from dataset","1","China","Zhejiang",NA,0.6,0.8,"EA","nd",NA,NA
"349","Xia et al 2022","Xia et al 2022","SX Yueqing Bay 4","Yueqing Bay 4","Saltmarsh","28.35","121.1833","direct from dataset","1","China","Zhejiang",NA,0.8,1,"EA","nd",NA,NA
"350","Xia et al 2022","Xia et al 2022","SX Yueqing Bay 6","Yueqing Bay 6","Saltmarsh","28.35","121.1833","direct from dataset","1","China","Zhejiang",NA,0,0.1,"EA","12.09 ","1.09 ","0.57 "
"351","Xia et al 2022","Xia et al 2022","SX Yueqing Bay 6","Yueqing Bay 6","Saltmarsh","28.35","121.1833","direct from dataset","1","China","Zhejiang",NA,0.1,0.2,"EA","11.22 ","0.94 ","0.71 "
"352","Xia et al 2022","Xia et al 2022","SX Yueqing Bay 6","Yueqing Bay 6","Saltmarsh","28.35","121.1833","direct from dataset","1","China","Zhejiang",NA,0.2,0.3,"EA","11.09 ","0.95 ","0.76 "
"353","Xia et al 2022","Xia et al 2022","SX Yueqing Bay 6","Yueqing Bay 6","Saltmarsh","28.35","121.1833","direct from dataset","1","China","Zhejiang",NA,0.3,0.4,"EA","11.08 ","0.98 ","0.80 "
"354","Xia et al 2022","Xia et al 2022","SX Yueqing Bay 6","Yueqing Bay 6","Saltmarsh","28.35","121.1833","direct from dataset","1","China","Zhejiang",NA,0.4,0.6,"EA","nd",NA,NA
"355","Xia et al 2022","Xia et al 2022","SX Yueqing Bay 6","Yueqing Bay 6","Saltmarsh","28.35","121.1833","direct from dataset","1","China","Zhejiang",NA,0.6,0.8,"EA","nd",NA,NA
"356","Xia et al 2022","Xia et al 2022","SX Yueqing Bay 6","Yueqing Bay 6","Saltmarsh","28.35","121.1833","direct from dataset","1","China","Zhejiang",NA,0.8,1,"EA","nd",NA,NA
"357","Xia et al 2022","Xia et al 2022","SX Zhangjiang River Estuary 10","Zhangjiang River Estuary 10","Saltmarsh","23.9167","117.45","direct from dataset","1","China","Fujian",NA,0,0.1,"EA","19.37 ","1.51 ","0.80 "
"358","Xia et al 2022","Xia et al 2022","SX Zhangjiang River Estuary 10","Zhangjiang River Estuary 10","Saltmarsh","23.9167","117.45","direct from dataset","1","China","Fujian",NA,0.1,0.2,"EA","16.35 ","1.25 ","0.82 "
"359","Xia et al 2022","Xia et al 2022","SX Zhangjiang River Estuary 10","Zhangjiang River Estuary 10","Saltmarsh","23.9167","117.45","direct from dataset","1","China","Fujian",NA,0.2,0.3,"EA","15.78 ","1.24 ","0.88 "
"360","Xia et al 2022","Xia et al 2022","SX Zhangjiang River Estuary 10","Zhangjiang River Estuary 10","Saltmarsh","23.9167","117.45","direct from dataset","1","China","Fujian",NA,0.3,0.4,"EA","15.69 ","1.23 ","0.88 "
"361","Xia et al 2022","Xia et al 2022","SX Zhangjiang River Estuary 10","Zhangjiang River Estuary 10","Saltmarsh","23.9167","117.45","direct from dataset","1","China","Fujian",NA,0.4,0.6,"EA","nd",NA,NA
"362","Xia et al 2022","Xia et al 2022","SX Zhangjiang River Estuary 10","Zhangjiang River Estuary 10","Saltmarsh","23.9167","117.45","direct from dataset","1","China","Fujian",NA,0.6,0.8,"EA","nd",NA,NA
"363","Xia et al 2022","Xia et al 2022","SX Zhangjiang River Estuary 10","Zhangjiang River Estuary 10","Saltmarsh","23.9167","117.45","direct from dataset","1","China","Fujian",NA,0.8,1,"EA","nd",NA,NA
"364","Xia et al 2022","Xia et al 2022","SX Zhangjiang River Estuary 12","Zhangjiang River Estuary 12","Saltmarsh","23.9167","117.45","direct from dataset","1","China","Fujian",NA,0,0.1,"EA","21.22 ","1.65 ","0.82 "
"365","Xia et al 2022","Xia et al 2022","SX Zhangjiang River Estuary 12","Zhangjiang River Estuary 12","Saltmarsh","23.9167","117.45","direct from dataset","1","China","Fujian",NA,0.1,0.2,"EA","16.56 ","1.27 ","0.84 "
"366","Xia et al 2022","Xia et al 2022","SX Zhangjiang River Estuary 12","Zhangjiang River Estuary 12","Saltmarsh","23.9167","117.45","direct from dataset","1","China","Fujian",NA,0.2,0.3,"EA","15.86 ","1.11 ","0.90 "
"367","Xia et al 2022","Xia et al 2022","SX Zhangjiang River Estuary 12","Zhangjiang River Estuary 12","Saltmarsh","23.9167","117.45","direct from dataset","1","China","Fujian",NA,0.3,0.4,"EA","17.39 ","1.31 ","0.86 "
"368","Xia et al 2022","Xia et al 2022","SX Zhangjiang River Estuary 12","Zhangjiang River Estuary 12","Saltmarsh","23.9167","117.45","direct from dataset","1","China","Fujian",NA,0.4,0.6,"EA","nd",NA,NA
"369","Xia et al 2022","Xia et al 2022","SX Zhangjiang River Estuary 12","Zhangjiang River Estuary 12","Saltmarsh","23.9167","117.45","direct from dataset","1","China","Fujian",NA,0.6,0.8,"EA","nd",NA,NA
"370","Xia et al 2022","Xia et al 2022","SX Zhangjiang River Estuary 12","Zhangjiang River Estuary 12","Saltmarsh","23.9167","117.45","direct from dataset","1","China","Fujian",NA,0.8,1,"EA","nd",NA,NA
"371","Xia et al 2022","Xia et al 2022","SX Zhangjiang River Estuary 2","Zhangjiang River Estuary 2","Saltmarsh","23.9167","117.45","direct from dataset","1","China","Fujian",NA,0,0.1,"EA","22.72 ","1.74 ","0.61 "
"372","Xia et al 2022","Xia et al 2022","SX Zhangjiang River Estuary 2","Zhangjiang River Estuary 2","Saltmarsh","23.9167","117.45","direct from dataset","1","China","Fujian",NA,0.1,0.2,"EA","17.15 ","1.48 ","0.69 "
"373","Xia et al 2022","Xia et al 2022","SX Zhangjiang River Estuary 2","Zhangjiang River Estuary 2","Saltmarsh","23.9167","117.45","direct from dataset","1","China","Fujian",NA,0.2,0.3,"EA","15.97 ","1.51 ","0.67 "
"374","Xia et al 2022","Xia et al 2022","SX Zhangjiang River Estuary 2","Zhangjiang River Estuary 2","Saltmarsh","23.9167","117.45","direct from dataset","1","China","Fujian",NA,0.3,0.4,"EA","14.28 ","1.27 ","0.78 "
"375","Xia et al 2022","Xia et al 2022","SX Zhangjiang River Estuary 2","Zhangjiang River Estuary 2","Saltmarsh","23.9167","117.45","direct from dataset","1","China","Fujian",NA,0.4,0.6,"EA","nd",NA,NA
"376","Xia et al 2022","Xia et al 2022","SX Zhangjiang River Estuary 2","Zhangjiang River Estuary 2","Saltmarsh","23.9167","117.45","direct from dataset","1","China","Fujian",NA,0.6,0.8,"EA","nd",NA,NA
"377","Xia et al 2022","Xia et al 2022","SX Zhangjiang River Estuary 2","Zhangjiang River Estuary 2","Saltmarsh","23.9167","117.45","direct from dataset","1","China","Fujian",NA,0.8,1,"EA","nd",NA,NA
"378","Xia et al 2022","Xia et al 2022","SX Zhangjiang River Estuary 4","Zhangjiang River Estuary 4","Saltmarsh","23.9167","117.45","direct from dataset","1","China","Fujian",NA,0,0.1,"EA","23.94 ","1.57 ","0.68 "
"379","Xia et al 2022","Xia et al 2022","SX Zhangjiang River Estuary 4","Zhangjiang River Estuary 4","Saltmarsh","23.9167","117.45","direct from dataset","1","China","Fujian",NA,0.1,0.2,"EA","18.59 ","1.49 ","0.65 "
"380","Xia et al 2022","Xia et al 2022","SX Zhangjiang River Estuary 4","Zhangjiang River Estuary 4","Saltmarsh","23.9167","117.45","direct from dataset","1","China","Fujian",NA,0.2,0.3,"EA","17.07 ","1.28 ","0.78 "
"381","Xia et al 2022","Xia et al 2022","SX Zhangjiang River Estuary 4","Zhangjiang River Estuary 4","Saltmarsh","23.9167","117.45","direct from dataset","1","China","Fujian",NA,0.3,0.4,"EA","14.05 ","1.22 ","0.73 "
"382","Xia et al 2022","Xia et al 2022","SX Zhangjiang River Estuary 4","Zhangjiang River Estuary 4","Saltmarsh","23.9167","117.45","direct from dataset","1","China","Fujian",NA,0.4,0.6,"EA","nd",NA,NA
"383","Xia et al 2022","Xia et al 2022","SX Zhangjiang River Estuary 4","Zhangjiang River Estuary 4","Saltmarsh","23.9167","117.45","direct from dataset","1","China","Fujian",NA,0.6,0.8,"EA","nd",NA,NA
"384","Xia et al 2022","Xia et al 2022","SX Zhangjiang River Estuary 4","Zhangjiang River Estuary 4","Saltmarsh","23.9167","117.45","direct from dataset","1","China","Fujian",NA,0.8,1,"EA","nd",NA,NA
"385","Xia et al 2022","Xia et al 2022","SX Zhangjiang River Estuary 6","Zhangjiang River Estuary 6","Saltmarsh","23.9167","117.45","direct from dataset","1","China","Fujian",NA,0,0.1,"EA","24.92 ","1.61 ","0.50 "
"386","Xia et al 2022","Xia et al 2022","SX Zhangjiang River Estuary 6","Zhangjiang River Estuary 6","Saltmarsh","23.9167","117.45","direct from dataset","1","China","Fujian",NA,0.1,0.2,"EA","17.18 ","1.44 ","0.67 "
"387","Xia et al 2022","Xia et al 2022","SX Zhangjiang River Estuary 6","Zhangjiang River Estuary 6","Saltmarsh","23.9167","117.45","direct from dataset","1","China","Fujian",NA,0.2,0.3,"EA","15.82 ","1.31 ","0.66 "
"388","Xia et al 2022","Xia et al 2022","SX Zhangjiang River Estuary 6","Zhangjiang River Estuary 6","Saltmarsh","23.9167","117.45","direct from dataset","1","China","Fujian",NA,0.3,0.4,"EA","14.28 ","1.21 ","0.78 "
"389","Xia et al 2022","Xia et al 2022","SX Zhangjiang River Estuary 6","Zhangjiang River Estuary 6","Saltmarsh","23.9167","117.45","direct from dataset","1","China","Fujian",NA,0.4,0.6,"EA","nd",NA,NA
"390","Xia et al 2022","Xia et al 2022","SX Zhangjiang River Estuary 6","Zhangjiang River Estuary 6","Saltmarsh","23.9167","117.45","direct from dataset","1","China","Fujian",NA,0.6,0.8,"EA","nd",NA,NA
"391","Xia et al 2022","Xia et al 2022","SX Zhangjiang River Estuary 6","Zhangjiang River Estuary 6","Saltmarsh","23.9167","117.45","direct from dataset","1","China","Fujian",NA,0.8,1,"EA","nd",NA,NA
"392","Xia et al 2022","Xia et al 2022","SX Zhangjiang River Estuary 8","Zhangjiang River Estuary 8","Saltmarsh","23.9167","117.45","direct from dataset","1","China","Fujian",NA,0,0.1,"EA","21.25 ","1.49 ","0.78 "
"393","Xia et al 2022","Xia et al 2022","SX Zhangjiang River Estuary 8","Zhangjiang River Estuary 8","Saltmarsh","23.9167","117.45","direct from dataset","1","China","Fujian",NA,0.1,0.2,"EA","15.90 ","1.24 ","0.94 "
"394","Xia et al 2022","Xia et al 2022","SX Zhangjiang River Estuary 8","Zhangjiang River Estuary 8","Saltmarsh","23.9167","117.45","direct from dataset","1","China","Fujian",NA,0.2,0.3,"EA","14.93 ","1.14 ","0.97 "
"395","Xia et al 2022","Xia et al 2022","SX Zhangjiang River Estuary 8","Zhangjiang River Estuary 8","Saltmarsh","23.9167","117.45","direct from dataset","1","China","Fujian",NA,0.3,0.4,"EA","16.45 ","1.68 ","0.82 "
"396","Xia et al 2022","Xia et al 2022","SX Zhangjiang River Estuary 8","Zhangjiang River Estuary 8","Saltmarsh","23.9167","117.45","direct from dataset","1","China","Fujian",NA,0.4,0.6,"EA","nd",NA,NA
"397","Xia et al 2022","Xia et al 2022","SX Zhangjiang River Estuary 8","Zhangjiang River Estuary 8","Saltmarsh","23.9167","117.45","direct from dataset","1","China","Fujian",NA,0.6,0.8,"EA","nd",NA,NA
"398","Xia et al 2022","Xia et al 2022","SX Zhangjiang River Estuary 8","Zhangjiang River Estuary 8","Saltmarsh","23.9167","117.45","direct from dataset","1","China","Fujian",NA,0.8,1,"EA","nd",NA,NA
"399","Xia et al 2022","Xia et al 2022","SX Zhanjiang 2","Zhanjiang 2","Saltmarsh","20.9167","110.25","direct from dataset","1","China","Guangdong",NA,0,0.1,"EA","17.41 ","1.82 ","0.59 "
"400","Xia et al 2022","Xia et al 2022","SX Zhanjiang 2","Zhanjiang 2","Saltmarsh","20.9167","110.25","direct from dataset","1","China","Guangdong",NA,0.1,0.2,"EA","18.61 ","1.84 ","0.59 "
"401","Xia et al 2022","Xia et al 2022","SX Zhanjiang 2","Zhanjiang 2","Saltmarsh","20.9167","110.25","direct from dataset","1","China","Guangdong",NA,0.2,0.3,"EA","14.43 ","1.55 ","0.59 "
"402","Xia et al 2022","Xia et al 2022","SX Zhanjiang 2","Zhanjiang 2","Saltmarsh","20.9167","110.25","direct from dataset","1","China","Guangdong",NA,0.3,0.4,"EA","12.86 ","1.34 ","0.74 "
"403","Xia et al 2022","Xia et al 2022","SX Zhanjiang 2","Zhanjiang 2","Saltmarsh","20.9167","110.25","direct from dataset","1","China","Guangdong",NA,0.4,0.6,"EA","nd",NA,NA
"404","Xia et al 2022","Xia et al 2022","SX Zhanjiang 2","Zhanjiang 2","Saltmarsh","20.9167","110.25","direct from dataset","1","China","Guangdong",NA,0.6,0.8,"EA","nd",NA,NA
"405","Xia et al 2022","Xia et al 2022","SX Zhanjiang 2","Zhanjiang 2","Saltmarsh","20.9167","110.25","direct from dataset","1","China","Guangdong",NA,0.8,1,"EA","nd",NA,NA
"406","Xia et al 2022","Xia et al 2022","SX Zhanjiang 4","Zhanjiang 4","Saltmarsh","20.9167","110.25","direct from dataset","1","China","Guangdong",NA,0,0.1,"EA","16.85 ","1.73 ","0.53 "
"407","Xia et al 2022","Xia et al 2022","SX Zhanjiang 4","Zhanjiang 4","Saltmarsh","20.9167","110.25","direct from dataset","1","China","Guangdong",NA,0.1,0.2,"EA","15.98 ","1.64 ","0.56 "
"408","Xia et al 2022","Xia et al 2022","SX Zhanjiang 4","Zhanjiang 4","Saltmarsh","20.9167","110.25","direct from dataset","1","China","Guangdong",NA,0.2,0.3,"EA","16.20 ","1.67 ","0.58 "
"409","Xia et al 2022","Xia et al 2022","SX Zhanjiang 4","Zhanjiang 4","Saltmarsh","20.9167","110.25","direct from dataset","1","China","Guangdong",NA,0.3,0.4,"EA","16.75 ","1.73 ","0.60 "
"410","Xia et al 2022","Xia et al 2022","SX Zhanjiang 4","Zhanjiang 4","Saltmarsh","20.9167","110.25","direct from dataset","1","China","Guangdong",NA,0.4,0.6,"EA","nd",NA,NA
"411","Xia et al 2022","Xia et al 2022","SX Zhanjiang 4","Zhanjiang 4","Saltmarsh","20.9167","110.25","direct from dataset","1","China","Guangdong",NA,0.6,0.8,"EA","nd",NA,NA
"412","Xia et al 2022","Xia et al 2022","SX Zhanjiang 4","Zhanjiang 4","Saltmarsh","20.9167","110.25","direct from dataset","1","China","Guangdong",NA,0.8,1,"EA","nd",NA,NA
"413","Xia et al 2022","Xia et al 2022","SX Zhanjiang 6","Zhanjiang 6","Saltmarsh","20.9167","110.25","direct from dataset","1","China","Guangdong",NA,0,0.1,"EA","16.82 ","1.77 ","0.58 "
"414","Xia et al 2022","Xia et al 2022","SX Zhanjiang 6","Zhanjiang 6","Saltmarsh","20.9167","110.25","direct from dataset","1","China","Guangdong",NA,0.1,0.2,"EA","16.60 ","1.78 ","0.57 "
"415","Xia et al 2022","Xia et al 2022","SX Zhanjiang 6","Zhanjiang 6","Saltmarsh","20.9167","110.25","direct from dataset","1","China","Guangdong",NA,0.2,0.3,"EA","17.01 ","1.93 ","0.62 "
"416","Xia et al 2022","Xia et al 2022","SX Zhanjiang 6","Zhanjiang 6","Saltmarsh","20.9167","110.25","direct from dataset","1","China","Guangdong",NA,0.3,0.4,"EA","16.56 ","1.91 ","0.64 "
"417","Xia et al 2022","Xia et al 2022","SX Zhanjiang 6","Zhanjiang 6","Saltmarsh","20.9167","110.25","direct from dataset","1","China","Guangdong",NA,0.4,0.6,"EA","nd",NA,NA
"418","Xia et al 2022","Xia et al 2022","SX Zhanjiang 6","Zhanjiang 6","Saltmarsh","20.9167","110.25","direct from dataset","1","China","Guangdong",NA,0.6,0.8,"EA","nd",NA,NA
"419","Xia et al 2022","Xia et al 2022","SX Zhanjiang 6","Zhanjiang 6","Saltmarsh","20.9167","110.25","direct from dataset","1","China","Guangdong",NA,0.8,1,"EA","nd",NA,NA
