study_id,bibliography_id,publication_type,key,bibtype,doi,url,year,month,publisher,volume,number,author,title,journal,school,pages,keywords,copyright,institution,language
Abbott_et_al_2019,Abbott_et_al_2019,Misc,Abbott_et_al_2019_data,Misc,10.25573/data.10005215,https://smithsonian.figshare.com/articles/Dataset_Factors_influencing_blue_carbon_accumulation_across_a_32_year_chronosequence_of_created_coastal_marshes/10005215,2019,NA,The Smithsonian Institution,NA,NA,Katherine M Abbott and Tracy Quirk and Ronald D. Delaune,Dataset: Factors influencing blue carbon accumulation across a 32-year chronosequence of created coastal marshes,NA,NA,NA,"Soil Science, 50301 Carbon Sequestration Science",NA,NA,NA
Abbott_et_al_2019,Abbott_et_al_2019,Article,Abbott_2019,Article,10.1002/ecs2.2828,https://doi.org/10.1002/ecs2.2828,2019,aug,Wiley,10,8,Katherine M. Abbott and Tracy Elsey-Quirk and Ronald D. DeLaune,Factors influencing blue carbon accumulation across a 32-year chronosequence of created coastal marshes,Ecosphere,NA,NA,NA,NA,NA,NA
Arriola_and_Cable_2017,Arriola_and_Cable_2017,Article,Arriola_2017,Article,10.1002/lno.10652,https://doi.org/10.1002/lno.10652,2017,sep,Wiley,62,NA,Jill M. Arriola and Jaye E. Cable,Variations in carbon burial and sediment accretion along a tidal creek in a Florida salt marsh,Limnology and Oceanography,NA,S15--S28,NA,NA,NA,NA
Baustian_et_al_2021,Baustian_et_al_2021,Misc,Baustian_et_al_2021,Misc,10.5066/p93u3b3e,https://www.sciencebase.gov/catalog/item/5b3299d4e4b040769c159bb0,2021,NA,U.S. Geological Survey,NA,NA,Melissa M. Baustian and Camille L. Stagg and Carey L. Perry and Leland C. Moss and Tim J. B. Carruthers and Mead A. Allison and Courtney T Hall,Long-term soil carbon data and accretion from four marsh types in Mississippi River Delta in 2015,NA,NA,NA,"Land Use Change,Soil Sciences",NA,NA,NA
Boyd_2012,Boyd_2012,MastersThesis,Boyd_2012,MastersThesis,NA,http://udspace.udel.edu/handle/19716/12831,2012,NA,NA,NA,NA,Brandon Boyd,Comparison of sediment accumulation and accretion in impounded and unimpounded marshes of the Delaware Estuary,NA,University of Delaware,NA,NA,NA,NA,NA
Boyd_2012,Boyd_et_al_2019,Misc,Boyd_et_al_2019,Misc,10.25573/data.9747065,https://smithsonian.figshare.com/articles/Dataset_Accretion_and_sediment_accumulation_in_impounded_and_unimpounded_marshes_in_the_Delaware_Estuary_and_Barnegat_Bay/9747065,2019,NA,The Smithsonian Institution,NA,NA,Brandon Boyd and Christopher K. Sommerfield and Tracy Quirk and Viktoria Unger,Dataset: Accretion and sediment accumulation in impounded and unimpounded marshes in the Delaware Estuary and Barnegat Bay,NA,NA,NA,"50301 Carbon Sequestration Science, Soil Science",NA,NA,NA
Boyd_and_Sommerfield_2016,Boyd_and_Sommerfield_2016,Article,Boyd_and_Sommerfield_2016,Article,10.1016/j.ecoleng.2016.03.045,https://doi.org/10.1016/j.ecoleng.2016.03.045,2016,jul,Elsevier {BV},92,NA,Brandon M. Boyd and Christopher K. Sommerfield,Marsh accretion and sediment accumulation in a managed tidal wetland complex of Delaware Bay,Ecological Engineering,NA,37--46,NA,NA,NA,NA
Boyd_and_Sommerfield_2016,Boyd_et_al_2019,Misc,Boyd_et_al_2019,Misc,10.25573/data.9747065,https://smithsonian.figshare.com/articles/Dataset_Accretion_and_sediment_accumulation_in_impounded_and_unimpounded_marshes_in_the_Delaware_Estuary_and_Barnegat_Bay/9747065,2019,NA,The Smithsonian Institution,NA,NA,Brandon Boyd and Christopher K. Sommerfield and Tracy Quirk and Viktoria Unger,Dataset: Accretion and sediment accumulation in impounded and unimpounded marshes in the Delaware Estuary and Barnegat Bay,NA,NA,NA,"50301 Carbon Sequestration Science, Soil Science",NA,NA,NA
Boyd_et_al_2017,Boyd_et_al_2017,Article,Boyd_et_al_2017,Article,10.1016/j.margeo.2016.11.008,https://doi.org/10.1016/j.margeo.2016.11.008,2017,NA,Elsevier,383,NA,Brandon M. Boyd and Christopher K. Sommerfield and Tracy Elsey-Quirk,Hydrogeomorphic influences on salt marsh sediment accumulation and accretion in two estuaries of the U.S. Mid-Atlantic coast,Marine Geology,NA,132--145,NA,NA,NA,NA
Boyd_et_al_2017,Boyd_et_al_2019,Misc,Boyd_et_al_2019,Misc,10.25573/data.9747065,https://smithsonian.figshare.com/articles/Dataset_Accretion_and_sediment_accumulation_in_impounded_and_unimpounded_marshes_in_the_Delaware_Estuary_and_Barnegat_Bay/9747065,2019,NA,The Smithsonian Institution,NA,NA,Brandon Boyd and Christopher K. Sommerfield and Tracy Quirk and Viktoria Unger,Dataset: Accretion and sediment accumulation in impounded and unimpounded marshes in the Delaware Estuary and Barnegat Bay,NA,NA,NA,"50301 Carbon Sequestration Science, Soil Science",NA,NA,NA
Breithaupt_et_al_2020,Breithaupt_et_al_2020,Misc,https://doi.org/10.25573/data.9894266,Misc,10.25573/data.9894266,NA,2020,NA,The Smithsonian Institution,NA,NA,"Breithaupt, Joshua L. and Smoak, Joseph M. and Bianchi, Thomas S. and Vaughn, Derrick and Sanders, Christian J. and Radabaugh, Kara R. and  Michael J. Osland and Laura C. Feher and James C. Lynch and Donald R. Cahoon and Gordon H. Anderson and Kevin R.T. Whelan and Brad E. Rosenheim and Ryan P. Moyer and Lisa G. Chambers",Dataset: Increasing rates of carbon burial in southwest Florida coastal wetlands,NA,NA,NA,"Soil Science, 50301 Carbon Sequestration Science",NA,NA,NA
Callaway_et_al_2019,Callaway_et_al_2019,Misc,Callaway_et_al_2019,Misc,10.25573/data.9693251,https://smithsonian.figshare.com/articles/Dataset_Carbon_sequestration_and_sediment_accretion_in_San_Francisco_Bay_tidal_wetlands/9693251,2019,NA,The Smithsonian Institution,NA,NA,John C. Callaway and {Evyan L. Borgnis} and {R. Eugene Turner} and Charles S. Milan,Dataset: Carbon sequestration and sediment accretion in San Francisco Bay tidal wetlands,NA,NA,NA,"Soil Science, 50301 Carbon Sequestration Science",NA,NA,NA
Callaway_et_al_2019,Callaway_et_al_2019,Article,Callaway_et_al_2012,Article,10.1007/s12237-012-9508-9,https://doi.org/10.1007/s12237-012-9508-9,2012,jun,Springer Science and Business Media {LLC},35,5,John C. Callaway and Evyan L. Borgnis and R. Eugene Turner and Charles S. Milan,Carbon Sequestration and Sediment Accretion in San Francisco Bay Tidal Wetlands,Estuaries and Coasts,NA,1163--1181,NA,NA,NA,NA
Cochran_et_al_1998,Holmquist_et_al_2018,synthesis,Holmquist_et_al_2018,Misc,10.25572/ccrcn/10088/35684,https://repository.si.edu/handle/10088/35684,2018,NA,Smithsonian Research Online,NA,NA,James R. Holmquist and Lisamarie Windham-Myers and Norman Bliss and Stephen Crooks and James T. Morris and J. Patrick Megonigal and Tiffany Troxler and Donald Weller and John Callaway and Judith Drexler and Matthew C. Ferner and Meagan E. Gonneea and Kevin D. Kroeger and Lisa Schile-Beers and Isa Woo and Kevin Buffington and Brandon M. Boyd and Joshua Breithaupt and Lauren N. Brown and Nicole Dix and Lyndie Hice and Benjamin P. Horton and Glen M. MacDonald and Ryan P. Moyer and William Reay and Timothy Shaw and Erik Smith and Joseph M. Smoak and Christopher Sommerfield and Karen Thorne and David Velinsky and Elizabeth Watson and Kristen {Wilson Grimes} and Mark Woodrey,Accuracy and Precision of Tidal Wetland Soil Carbon Mapping in the Conterminous United States: Public Soil Carbon Data Release,NA,NA,NA,NA,NA,NA,NA
Cochran_et_al_1998,Cochran_et_al_1998,Article,Cochran_1998,Article,10.1006/ecss.1997.0299,https://doi.org/10.1006/ecss.1997.0299,1998,apr,Elsevier {BV},46,4,J.K. Cochran and D.J. Hirschberg and J. Wang and C. Dere,"Atmospheric Deposition of Metals to Coastal Waters (Long Island Sound, New York U.S.A.): Evidence from Saltmarsh Deposits","Estuarine, Coastal and Shelf Science",NA,503--522,NA,NA,NA,NA
Craft_2007,Craft_2007,Article,Craft_2007,Article,10.4319/lo.2007.52.3.1220,https://doi.org/10.4319/lo.2007.52.3.1220,2007,may,Wiley,52,3,Christopher Craft,"Freshwater input structures soil properties, vertical accretion, and nutrient accumulation of Georgia and U.S tidal marshes",Limnology and Oceanography,NA,1220--1230,NA,NA,NA,NA
CRMS_Database,Holmquist_et_al_2018,synthesis,Holmquist_et_al_2018,Misc,10.25572/ccrcn/10088/35684,https://repository.si.edu/handle/10088/35684,2018,NA,Smithsonian Research Online,NA,NA,James R. Holmquist and Lisamarie Windham-Myers and Norman Bliss and Stephen Crooks and James T. Morris and J. Patrick Megonigal and Tiffany Troxler and Donald Weller and John Callaway and Judith Drexler and Matthew C. Ferner and Meagan E. Gonneea and Kevin D. Kroeger and Lisa Schile-Beers and Isa Woo and Kevin Buffington and Brandon M. Boyd and Joshua Breithaupt and Lauren N. Brown and Nicole Dix and Lyndie Hice and Benjamin P. Horton and Glen M. MacDonald and Ryan P. Moyer and William Reay and Timothy Shaw and Erik Smith and Joseph M. Smoak and Christopher Sommerfield and Karen Thorne and David Velinsky and Elizabeth Watson and Kristen {Wilson Grimes} and Mark Woodrey,Accuracy and Precision of Tidal Wetland Soil Carbon Mapping in the Conterminous United States: Public Soil Carbon Data Release,NA,NA,NA,NA,NA,NA,NA
Doughty_et_al_2016,Doughty_et_al_2016,Misc,Doughty_et_al_2019,Misc,10.25573/data.9695918.v1,https://smithsonian.figshare.com/articles/Mangroves_marching_northward_the_impacts_of_rising_seas_and_temperatures_on_ecosystems_at_Kennedy_Space_Center/9695918/1,2019,NA,The Smithsonian Institution,NA,NA,Cheryl Doughty and {J. Adam Langley} and Wayne Walker and Ilka C. Feller and Ronald Schaub and Samantha Chapman,Mangroves marching northward: the impacts of rising seas and temperatures on ecosystems at Kennedy Space Center,NA,NA,NA,"Soil Science, 50301 Carbon Sequestration Science",NA,NA,NA
Doughty_et_al_2016,Doughty_et_al_2016,Article,Doughty_2015,Article,10.1007/s12237-015-9993-8,https://doi.org/10.1007/s12237-015-9993-8,2015,may,Springer Science and Business Media {LLC},39,2,Cheryl L. Doughty and J. Adam Langley and Wayne S. Walker and Ilka C. Feller and Ronald Schaub and Samantha K. Chapman,Mangrove Range Expansion Rapidly Increases Coastal Wetland Carbon Storage,Estuaries and Coasts,NA,385--396,NA,NA,NA,NA
Drake_et_al_2015,Holmquist_et_al_2018,synthesis,Holmquist_et_al_2018,Misc,10.25572/ccrcn/10088/35684,https://repository.si.edu/handle/10088/35684,2018,NA,Smithsonian Research Online,NA,NA,James R. Holmquist and Lisamarie Windham-Myers and Norman Bliss and Stephen Crooks and James T. Morris and J. Patrick Megonigal and Tiffany Troxler and Donald Weller and John Callaway and Judith Drexler and Matthew C. Ferner and Meagan E. Gonneea and Kevin D. Kroeger and Lisa Schile-Beers and Isa Woo and Kevin Buffington and Brandon M. Boyd and Joshua Breithaupt and Lauren N. Brown and Nicole Dix and Lyndie Hice and Benjamin P. Horton and Glen M. MacDonald and Ryan P. Moyer and William Reay and Timothy Shaw and Erik Smith and Joseph M. Smoak and Christopher Sommerfield and Karen Thorne and David Velinsky and Elizabeth Watson and Kristen {Wilson Grimes} and Mark Woodrey,Accuracy and Precision of Tidal Wetland Soil Carbon Mapping in the Conterminous United States: Public Soil Carbon Data Release,NA,NA,NA,NA,NA,NA,NA
Drake_et_al_2015,Drake_et_al_2015,Article,Drake_2015,Article,10.1007/s00267-015-0568-z,https://doi.org/10.1007/s00267-015-0568-z,2015,jun,Springer Science and Business Media {LLC},56,4,Katherine Drake and Holly Halifax and Susan C. Adamowicz and Christopher Craft,Carbon Sequestration in Tidal Salt Marshes of the Northeast United States,Environmental Management,NA,998--1008,NA,NA,NA,NA
Drexler_et_al_2013,Drexler_et_al_2013,Article,Drexler_et_al_2013,Article,10.1007/s13157-013-0456-3,https://doi.org/10.1007/s13157-013-0456-3,2013,jul,Springer Science and Business Media {LLC},33,5,Judith Z. Drexler and Ken W. Krauss and M. Craig Sasser and Christopher C. Fuller and Christopher M. Swarzenski and Amber Powell and Kathleen M. Swanson and James Orlando,"A Long-Term Comparison of Carbon Sequestration Rates in Impounded and Naturally Tidal Freshwater Marshes Along the Lower Waccamaw River, South Carolina",Wetlands,NA,965--974,NA,NA,NA,NA
Drexler_et_al_2019,Drexler_et_al_2019,Article,Drexler_et_al_2019,Article,10.1111/rec.12941,https://doi.org/10.1111/rec.12941,2019,mar,Wiley,NA,NA,Judith Z. Drexler and Isa Woo and Christopher C. Fuller and Glynnis Nakai,"Carbon accumulation and vertical accretion in a restored versus historic salt marsh in southern Puget Sound, Washington, United States",Restoration Ecology,NA,NA,NA,NA,NA,NA
Elsey_Quirk_et_al_2011,Holmquist_et_al_2018,synthesis,Holmquist_et_al_2018,Misc,10.25572/ccrcn/10088/35684,https://repository.si.edu/handle/10088/35684,2018,NA,Smithsonian Research Online,NA,NA,James R. Holmquist and Lisamarie Windham-Myers and Norman Bliss and Stephen Crooks and James T. Morris and J. Patrick Megonigal and Tiffany Troxler and Donald Weller and John Callaway and Judith Drexler and Matthew C. Ferner and Meagan E. Gonneea and Kevin D. Kroeger and Lisa Schile-Beers and Isa Woo and Kevin Buffington and Brandon M. Boyd and Joshua Breithaupt and Lauren N. Brown and Nicole Dix and Lyndie Hice and Benjamin P. Horton and Glen M. MacDonald and Ryan P. Moyer and William Reay and Timothy Shaw and Erik Smith and Joseph M. Smoak and Christopher Sommerfield and Karen Thorne and David Velinsky and Elizabeth Watson and Kristen {Wilson Grimes} and Mark Woodrey,Accuracy and Precision of Tidal Wetland Soil Carbon Mapping in the Conterminous United States: Public Soil Carbon Data Release,NA,NA,NA,NA,NA,NA,NA
Elsey_Quirk_et_al_2011,Elsey_Quirk_et_al_2011,Article,Elsey_Quirk_2011,Article,10.1007/s13157-010-0139-2,https://doi.org/10.1007/s13157-010-0139-2,2011,feb,Springer Science and Business Media {LLC},31,1,Tracy Elsey-Quirk and Denise M. Seliskar and Christopher K. Sommerfield and John L. Gallagher,"Salt Marsh Carbon Pool Distribution in a Mid-Atlantic Lagoon, {USA}: Sea Level Rise Implications",Wetlands,NA,87--99,NA,NA,NA,NA
Ensign_et_al_2020,Ensign_et_al_2020,Article,Ensign_et_al_2020,Article,10.1002/2015gl066830,https://doi.org/10.1002/2015gl066830,2015,dec,American Geophysical Union ({AGU}),42,24,Scott H. Ensign and Gregory B. Noe and Cliff R. Hupp and Katherine J. Skalak,Head-of-tide bottleneck of particulate material transport from watersheds to estuaries,Geophysical Research Letters,NA,"10,671--10,679",NA,NA,NA,NA
Gerlach_et_al_2017,Gerlach_et_al_2017,Article,Gerlach_2017,Article,10.1016/j.margeo.2017.07.001,https://doi.org/10.1016/j.margeo.2017.07.001,2017,aug,Elsevier {BV},390,NA,Matthew J. Gerlach and Simon E. Engelhart and Andrew C. Kemp and Ryan P. Moyer and Joseph M. Smoak and Christopher E. Bernhardt and Niamh Cahill,Reconstructing Common Era relative sea-level change on the Gulf Coast of Florida,Marine Geology,NA,254--269,NA,NA,NA,NA
Giblin_and_Forbrich_2018,Giblin_and_Forbrich_2018,data release,Giblin_and_Forbrich_2018,Misc,10.6073/pasta/d1d5cbf87602ccf51de30b87b8e46d01,https://portal.lternet.edu/nis/mapbrowse?packageid=knb-lter-pie.427.1,2018,NA,Environmental Data Initiative,NA,NA,Anne Giblin and Inke Forbrich and {Plum Island Ecosystems LTER},"PIE LTER high marsh sediment chemistry and activity measurements, Nelson Island Creek marsh, Rowley, MA",NA,NA,NA,NA,NA,NA,eng
Gonneea_et_al_2018,Gonneea_et_al_2018,data release,Gonneea_et_al_2018,Misc,10.5066/f7h41qpp,https://www.sciencebase.gov/catalog/item/5a748e35e4b00f54eb19f96c,2018,NA,U.S. Geological Survey,NA,NA,Meagan Gonneea and Kevin Kroeger and Jennifer O'Keefe-Suttles,"Collection, analysis, and age-dating of sediment cores from salt marshes on the south shore of Cape Cod, Massachusetts, from 2013 through 2014",NA,NA,NA,"Environmental Health,Geochemistry,Soil Sciences,Water Quality,Water Resources",NA,NA,NA
Hill_and_Anisfeld_2015,Holmquist_et_al_2018,synthesis,Holmquist_et_al_2018,Misc,10.25572/ccrcn/10088/35684,https://repository.si.edu/handle/10088/35684,2018,NA,Smithsonian Research Online,NA,NA,James R. Holmquist and Lisamarie Windham-Myers and Norman Bliss and Stephen Crooks and James T. Morris and J. Patrick Megonigal and Tiffany Troxler and Donald Weller and John Callaway and Judith Drexler and Matthew C. Ferner and Meagan E. Gonneea and Kevin D. Kroeger and Lisa Schile-Beers and Isa Woo and Kevin Buffington and Brandon M. Boyd and Joshua Breithaupt and Lauren N. Brown and Nicole Dix and Lyndie Hice and Benjamin P. Horton and Glen M. MacDonald and Ryan P. Moyer and William Reay and Timothy Shaw and Erik Smith and Joseph M. Smoak and Christopher Sommerfield and Karen Thorne and David Velinsky and Elizabeth Watson and Kristen {Wilson Grimes} and Mark Woodrey,Accuracy and Precision of Tidal Wetland Soil Carbon Mapping in the Conterminous United States: Public Soil Carbon Data Release,NA,NA,NA,NA,NA,NA,NA
Hill_and_Anisfeld_2015,Hill_and_Anisfeld_2015,Article,Hill_2015,Article,10.1016/j.ecss.2015.06.004,https://doi.org/10.1016/j.ecss.2015.06.004,2015,sep,Elsevier {BV},163,NA,Troy D. Hill and Shimon C. Anisfeld,Coastal wetland response to sea level rise in Connecticut and New York,"Estuarine, Coastal and Shelf Science",NA,185--193,NA,NA,NA,NA
Johnson_et_al_2007,Johnson_et_al_2007,Article,Johnson_et_al_2007,Article,10.1016/j.orggeochem.2006.06.006,https://doi.org/10.1016/j.orggeochem.2006.06.006,2007,mar,Elsevier {BV},38,3,Beverly J. Johnson and Karen A. Moore and Charlotte Lehmann and Curtis Bohlen and Thomas A. Brown,"Middle to late Holocene fluctuations of C3 and C4 vegetation in a Northern New England Salt Marsh, Sprague Marsh, Phippsburg Maine",Organic Geochemistry,NA,394--403,NA,NA,NA,NA
Kauffman_et_al_2020,Kauffman_et_al_2020,Misc,Kauffman_et_al_2020_data,Misc,10.25573/serc.12640172,https://smithsonian.figshare.com/articles/dataset/Dataset_Carbon_stocks_in_seagrass_meadows_emergent_marshes_and_forested_tidal_swamps_of_the_Pacific_Northwest/12640172,2020,aug,The Smithsonian Institution,NA,NA,{J. Boone Kauffman} and Leila Giovannoni and James Kelly and Nicholas Dunstan and Amy Borde and {Heida Diefenderfer} and Craig Cornu and Christopher Janousek and Jude Apple and Laura Brophy,"Dataset: Carbon stocks in seagrass meadows, emergent marshes, and forested tidal swamps of the Pacific Northwest",NA,NA,NA,"Soil Science, 50301 Carbon Sequestration Science, FOS: Agriculture, forestry and fisheries, FOS: Agriculture, forestry and fisheries",Creative Commons Attribution 4.0 International,NA,NA
Kauffman_et_al_2020,Kauffman_et_al_2020,Article,Kauffman_et_al_2020,Article,10.1111/gcb.15248,https://doi.org/10.1111/gcb.15248,2020,aug,Wiley,NA,NA,J. Boone Kauffman and Leila Giovannoni and James Kelly and Nicholas Dunstan and Amy Borde and Heida Diefenderfer and Craig Cornu and Christopher Janousek and Jude Apple and Laura Brophy,"Total ecosystem carbon stocks at the marine-terrestrial interface: Blue carbon of the Pacific Northwest Coast, United States",Global Change Biology,NA,NA,NA,NA,NA,NA
Kemp_et_al_2020,Kemp_et_al_2012,Article,Kemp_2012,Article,10.1016/j.quageo.2012.05.004,https://doi.org/10.1016/j.quageo.2012.05.004,2012,oct,Elsevier {BV},12,NA,Andrew C. Kemp and Christopher K. Sommerfield and Christopher H. Vane and Benjamin P. Horton and Simon Chenery and Shimon Anisfeld and Daria Nikitina,Use of lead isotopes for developing chronologies in recent salt-marsh sediments,Quaternary Geochronology,NA,40--49,NA,NA,NA,NA
Kemp_et_al_2020,Kemp_et_al_2020_Data_Release,Misc,kemp2020DataRelease,Misc,10.25573/serc.11569419,NA,2020,NA,The Smithsonian Institution,NA,NA,Andrew C. Kemp and Christopher K. Sommerfield and Christopher H. Vane and Benjamin P. Horton and Simon Chenery and Shimon Anisfeld and Daria Nikitina,Dataset: Use of lead isotopes for developing chronologies in recent salt-marsh sediments,NA,NA,NA,NA,NA,NA,NA
Keshta_et_al_2020_a,Keshta_et_al_2020_data_release,Misc,Keshta_et_al_2020_data,Misc,10.25573/serc.13187549,https://smithsonian.figshare.com/articles/dataset/Dataset_Soil_Redox_and_Hydropattern_control_Soil_Carbon_Stocks_across_different_habitats_in_Tidal_Freshwater_Wetlands_in_a_Sub-estuary_of_the_Chesapeake_Bay/13187549,2020,NA,The Smithsonian Institution,NA,NA,Amr E. Keshta and Stephanie A. Yarwood and Andrew H. Baldwin,Dataset: Soil Redox and Hydropattern control Soil Carbon Stocks across different habitats in Tidal Freshwater Wetlands in a Sub-estuary of the Chesapeake Bay,NA,NA,NA,"50301 Carbon Sequestration Science, FOS: Agriculture, forestry and fisheries, FOS: Agriculture, forestry and fisheries, Soil Science",Creative Commons Attribution 4.0 International,NA,NA
Keshta_et_al_2020_a,Keshta_et_al_2017,PhdThesis,Keshta_et_al_2017,PhdThesis,10.13016/M2S756M71,https://drum.lib.umd.edu/handle/1903/20335,2017,NA,NA,NA,NA,Amr E. Keshta and Stephanie A. Yarwood and Andrew H. Baldwin,"HYDROLOGY, SOIL REDOX, AND PORE-WATER IRON REGULATE CARBON CYCLING IN NATURAL AND RESTORED TIDAL FRESHWATER WETLANDS IN THE CHESAPEAKE BAY, MARYLAND, USA",NA,University of Maryland,NA,NA,NA,NA,NA
Krauss_et_al_2018b,Krauss_et_al_2018_data_release,Misc,Krauss_2018_data,Misc,10.5066/f7tm7930,https://www.sciencebase.gov/catalog/item/59e9f79de4b05fe04cd690a1,2018,NA,U.S. Geological Survey,NA,NA,Ken W Krauss and Gregory Noe and Jamie A. Duberstein and William H. Conner and Miriam C Jones and Christopher E Bernhardt and Nicole Cormier and Andrew From,"Carbon budget assessment of tidal freshwater forested wetland and oligohaline marsh ecosystems along the Waccamaw and Savannah rivers, U.S.A. (2005-2016)",NA,NA,NA,NA,NA,NA,NA
Krauss_et_al_2018b,Krauss_et_al_2018,Article,Krauss_2018,Article,10.1029/2018gb005897,https://doi.org/10.1029/2018gb005897,2018,may,American Geophysical Union ({AGU}),32,5,Ken W. Krauss and Gregory B. Noe and Jamie A. Duberstein and William H. Conner and Camille L. Stagg and Nicole Cormier and Miriam C. Jones and Christopher E. Bernhardt and B. Graeme Lockaby and Andrew S. From and Thomas W. Doyle and Richard H. Day and Scott H. Ensign and Katherine N. Pierfelice and Cliff R. Hupp and Alex T. Chow and Julie L. Whitbeck,The Role of the Upper Tidal Estuary in Wetland Blue Carbon Storage and Flux,Global Biogeochemical Cycles,NA,817--839,NA,NA,NA,NA
Krauss_et_al_2018b,Jones_et_al_2017,Article,Jones_2017,Article,10.1002/2017jg004015,https://doi.org/10.1002/2017jg004015,2017,dec,American Geophysical Union ({AGU}),122,12,Miriam C. Jones and Christopher E. Bernhardt and Ken W. Krauss and Gregory B. Noe,"The Impact of Late Holocene Land Use Change, Climate Variability, and Sea Level Rise on Carbon Storage in Tidal Freshwater Wetlands on the Southeastern United States Coastal Plain",Journal of Geophysical Research: Biogeosciences,NA,3126--3141,NA,NA,NA,NA
Krauss_et_al_2018c,Krauss_et_al_2018_data_release,Misc,Krauss_2018_data,Misc,10.5066/f7tm7930,https://www.sciencebase.gov/catalog/item/59e9f79de4b05fe04cd690a1,2018,NA,U.S. Geological Survey,NA,NA,Ken W Krauss and Gregory Noe and Jamie A. Duberstein and William H. Conner and Miriam C Jones and Christopher E Bernhardt and Nicole Cormier and Andrew From,"Carbon budget assessment of tidal freshwater forested wetland and oligohaline marsh ecosystems along the Waccamaw and Savannah rivers, U.S.A. (2005-2016)",NA,NA,NA,NA,NA,NA,NA
Krauss_et_al_2018c,Krauss_et_al_2018,Article,Krauss_2018,Article,10.1029/2018gb005897,https://doi.org/10.1029/2018gb005897,2018,may,American Geophysical Union ({AGU}),32,5,Ken W. Krauss and Gregory B. Noe and Jamie A. Duberstein and William H. Conner and Camille L. Stagg and Nicole Cormier and Miriam C. Jones and Christopher E. Bernhardt and B. Graeme Lockaby and Andrew S. From and Thomas W. Doyle and Richard H. Day and Scott H. Ensign and Katherine N. Pierfelice and Cliff R. Hupp and Alex T. Chow and Julie L. Whitbeck,The Role of the Upper Tidal Estuary in Wetland Blue Carbon Storage and Flux,Global Biogeochemical Cycles,NA,817--839,NA,NA,NA,NA
Krauss_et_al_2018c,Jones_et_al_2017,Article,Jones_2017,Article,10.1002/2017jg004015,https://doi.org/10.1002/2017jg004015,2017,dec,American Geophysical Union ({AGU}),122,12,Miriam C. Jones and Christopher E. Bernhardt and Ken W. Krauss and Gregory B. Noe,"The Impact of Late Holocene Land Use Change, Climate Variability, and Sea Level Rise on Carbon Storage in Tidal Freshwater Wetlands on the Southeastern United States Coastal Plain",Journal of Geophysical Research: Biogeosciences,NA,3126--3141,NA,NA,NA,NA
Kulawardhana_et_al_2015,Holmquist_et_al_2018,synthesis,Holmquist_et_al_2018,Misc,10.25572/ccrcn/10088/35684,https://repository.si.edu/handle/10088/35684,2018,NA,Smithsonian Research Online,NA,NA,James R. Holmquist and Lisamarie Windham-Myers and Norman Bliss and Stephen Crooks and James T. Morris and J. Patrick Megonigal and Tiffany Troxler and Donald Weller and John Callaway and Judith Drexler and Matthew C. Ferner and Meagan E. Gonneea and Kevin D. Kroeger and Lisa Schile-Beers and Isa Woo and Kevin Buffington and Brandon M. Boyd and Joshua Breithaupt and Lauren N. Brown and Nicole Dix and Lyndie Hice and Benjamin P. Horton and Glen M. MacDonald and Ryan P. Moyer and William Reay and Timothy Shaw and Erik Smith and Joseph M. Smoak and Christopher Sommerfield and Karen Thorne and David Velinsky and Elizabeth Watson and Kristen {Wilson Grimes} and Mark Woodrey,Accuracy and Precision of Tidal Wetland Soil Carbon Mapping in the Conterminous United States: Public Soil Carbon Data Release,NA,NA,NA,NA,NA,NA,NA
Kulawardhana_et_al_2015,Kulawardhana_et_al_2015,Article,Kulawardhana_2015,Article,10.1016/j.ecss.2014.12.032,https://doi.org/10.1016/j.ecss.2014.12.032,2015,mar,Elsevier {BV},154,NA,Ranjani W. Kulawardhana and Rusty A. Feagin and Sorin C. Popescu and Thomas W. Boutton and Kevin M. Yeager and Thomas S. Bianchi,"The role of elevation, relative sea-level history and vegetation transition in determining carbon distribution in Spartina alterniflora dominated salt marshes","Estuarine, Coastal and Shelf Science",NA,48--57,NA,NA,NA,NA
Lagomasino_et_al_2020,Lagomasino_et_al_2020,Lagomasino_et_al_2020,10.25573/SERC.12043335,Misc,10.25573/SERC.12043335,https://smithsonian.figshare.com/articles/Dataset_Influence_of_Wind-Driven_Inundation_and_Coastal_Geomorphology_on_Sedimentation_in_Two_Microtidal_Marshes_Pamlico_River_Estuary_NC/12043335,2020,NA,The Smithsonian Institution,NA,NA,David Lagomasino and {D. Reide Corbett} and {J.P. Walsh},"Dataset: Influence of Wind-Driven Inundation and Coastal Geomorphology on Sedimentation in Two Microtidal Marshes, Pamlico River Estuary, NC",NA,NA,NA,"Environmental Science, 40303 Geochronology, Geology, 40310 Sedimentology, Soil Science, 50301 Carbon Sequestration Science",NA,NA,NA
Lagomasino_et_al_2020,Lagomasino_et_al_2020,Lagomasino_et_al_2020,10.1007/s12237-013-9625-0,Article,10.1007/s12237-013-9625-0,NA,2013,NA,Springer,36,6,David Lagomasino and D Reide Corbett and JP Walsh,"Influence of wind-driven inundation and coastal geomorphology on sedimentation in two microtidal marshes, Pamlico River Estuary, NC",Estuaries and coasts,NA,1165--1180,NA,NA,NA,NA
Luk_et_al_2020_a,Luk_et_al_2021,Article,Luk_et_al_2021,Article,10.1029/2020gl090287,https://doi.org/10.1029/2020gl090287,2021,jan,American Geophysical Union ({AGU}),48,2,Sheron Y. Luk and Katherine Todd-Brown and Meagan Eagle and Ann P. McNichol and Jonathan Sanderman and Kelsey Gosselin and Amanda C. Spivak,Soil Organic Carbon Development and Turnover in Natural and Disturbed Salt Marsh Environments,Geophysical Research Letters,NA,NA,NA,NA,NA,NA
Luk_et_al_2020_a,Spivak_2020,Misc,Spivak_2020,Misc,10.26008/1912/bco-dmo.827298.1,https://hdl.handle.net/1912/26379,2020,NA,Biological and Chemical Oceanography Data Management Office (BCO-DMO),NA,NA,Amanda Spivak,Bulk soil and elemental properties of marsh and infilled pond soils collected in 2014-2015 within Plum Island Ecosystems LTER,NA,NA,NA,NA,NA,NA,en
Luk_et_al_2020_b,Luk_et_al_2021,Article,Luk_et_al_2021,Article,10.1029/2020gl090287,https://doi.org/10.1029/2020gl090287,2021,jan,American Geophysical Union ({AGU}),48,2,Sheron Y. Luk and Katherine Todd-Brown and Meagan Eagle and Ann P. McNichol and Jonathan Sanderman and Kelsey Gosselin and Amanda C. Spivak,Soil Organic Carbon Development and Turnover in Natural and Disturbed Salt Marsh Environments,Geophysical Research Letters,NA,NA,NA,NA,NA,NA
Luk_et_al_2020_b,Luk_et_al_2020,Misc,Luk_et_al_2020,Misc,10.5066/p9hiowkt,https://www.sciencebase.gov/catalog/item/5fb41153d34eb413d5e0af37,2020,NA,U.S. Geological Survey,NA,NA,Sheron Luk and Amanda Spivak and Meagan J Eagle and Jennifer A {O'keefe Suttles},"Collection, analysis, and age-dating of sediment cores from a salt marsh platform and ponds, Rowley, Massachusetts, 2014-15",NA,NA,NA,NA,NA,NA,NA
McTigue_et_al_2020,McTigue_et_al_2019,Article,mctigue2019sea,Article,NA,NA,2019,NA,Wiley Online Library,NA,NA,Nathan McTigue and Jenny Davis and Tony Rodriguez and Brent McKee and Anna Atencio and Carolyn Currin,Sea-level rise explains changing carbon accumulation rates in a salt marsh over the past two millennia,Journal of Geophysical Research: Biogeosciences,NA,NA,NA,NA,NA,NA
McTigue_et_al_2020,McTigue_et_al_2020,Misc,mctigue2020DataRelease,Misc,10.25573/serc.11421063,NA,2020,NA,The Smithsonian Institution,NA,NA,Nathan McTigue and Jenny Davis and Antonio Rodriguez and Brent McKee and Anna Atencio and Carolyn Currin,Dataset: Carbon accumulation rates in a salt marsh over the past two millennia,NA,NA,NA,NA,NA,NA,NA
Merrill_1999,Holmquist_et_al_2018,synthesis,Holmquist_et_al_2018,Misc,10.25572/ccrcn/10088/35684,https://repository.si.edu/handle/10088/35684,2018,NA,Smithsonian Research Online,NA,NA,James R. Holmquist and Lisamarie Windham-Myers and Norman Bliss and Stephen Crooks and James T. Morris and J. Patrick Megonigal and Tiffany Troxler and Donald Weller and John Callaway and Judith Drexler and Matthew C. Ferner and Meagan E. Gonneea and Kevin D. Kroeger and Lisa Schile-Beers and Isa Woo and Kevin Buffington and Brandon M. Boyd and Joshua Breithaupt and Lauren N. Brown and Nicole Dix and Lyndie Hice and Benjamin P. Horton and Glen M. MacDonald and Ryan P. Moyer and William Reay and Timothy Shaw and Erik Smith and Joseph M. Smoak and Christopher Sommerfield and Karen Thorne and David Velinsky and Elizabeth Watson and Kristen {Wilson Grimes} and Mark Woodrey,Accuracy and Precision of Tidal Wetland Soil Carbon Mapping in the Conterminous United States: Public Soil Carbon Data Release,NA,NA,NA,NA,NA,NA,NA
Merrill_1999,Merrill_1999,PhdThesis,Merrill_1999,PhdThesis,NA,https://elibrary.ru/item.asp?id=5305392,1999,NA,NA,NA,NA,J Z Merrill,Tidal Freshwater Marshes as Nutrient Sinks: Particulate Nutrient Burial and Denitrification,NA,"University of Maryland, College Park",NA,NA,NA,NA,NA
Messerschmidt_and_Kirwan_2020,Messerschmidt_and_Kirwan_2020,Misc,10.25573/SERC.11914140,Misc,10.25573/SERC.11914140,https://smithsonian.figshare.com/articles/Dataset_Soil_properties_and_accretion_rates_of_C3_and_C4_marshes_at_the_Global_Change_Research_Wetland_Edgewater_Maryland/11914140,2020,NA,The Smithsonian Institution,NA,NA,Tyler C. Messerschmidt and Matthew L. Kirwan,"Dataset: Soil properties and accretion rates of C3 and C4 marshes at the Global Change Research Wetland, Edgewater, Maryland",NA,NA,NA,"Soil Science, 50301 Carbon Sequestration Science",NA,NA,NA
Nahlik_and_Fennessy_2016,Nahlik_and_Fennessy_2016,Article,Nahlik_and_Fennessy_2016,Article,doi.org/10.1038/ncomms13835,https://doi.org/10.1038/ncomms13835,2016,dec,Springer Nature,NA,NA,"Nahlik, Amanda M. and Fennessy, Siobhan",Carbon storage in US wetlands,Nature Communications,NA,NA,NA,NA,NA,NA
Neubauer_2002,Holmquist_et_al_2018,synthesis,Holmquist_et_al_2018,Misc,10.25572/ccrcn/10088/35684,https://repository.si.edu/handle/10088/35684,2018,NA,Smithsonian Research Online,NA,NA,James R. Holmquist and Lisamarie Windham-Myers and Norman Bliss and Stephen Crooks and James T. Morris and J. Patrick Megonigal and Tiffany Troxler and Donald Weller and John Callaway and Judith Drexler and Matthew C. Ferner and Meagan E. Gonneea and Kevin D. Kroeger and Lisa Schile-Beers and Isa Woo and Kevin Buffington and Brandon M. Boyd and Joshua Breithaupt and Lauren N. Brown and Nicole Dix and Lyndie Hice and Benjamin P. Horton and Glen M. MacDonald and Ryan P. Moyer and William Reay and Timothy Shaw and Erik Smith and Joseph M. Smoak and Christopher Sommerfield and Karen Thorne and David Velinsky and Elizabeth Watson and Kristen {Wilson Grimes} and Mark Woodrey,Accuracy and Precision of Tidal Wetland Soil Carbon Mapping in the Conterminous United States: Public Soil Carbon Data Release,NA,NA,NA,NA,NA,NA,NA
Neubauer_2002,Neubauer_2002,Article,Neubauer_2002,Article,10.1006/ecss.2001.0854,https://doi.org/10.1006/ecss.2001.0854,2002,apr,Elsevier {BV},54,4,S.C. Neubauer and I.C. Anderson and J.A. Constantine and S.A. Kuehl,Sediment Deposition and Accretion in a Mid-Atlantic (U.S.A.) Tidal Freshwater Marsh,"Estuarine, Coastal and Shelf Science",NA,713--727,NA,NA,NA,NA
Noe_et_al_2016,Noe_et_al_2016,Article,Noe_et_al_2016,Article,10.1007/s12237-016-0066-4,https://doi.org/10.1007/s12237-016-0066-4,2016,jan,Springer Nature,39,4,Gregory B. Noe and Cliff R. Hupp and Christopher E. Bernhardt and Ken W. Krauss,Contemporary Deposition and Long-Term Accumulation of Sediment and Nutrients by Tidal Freshwater Forested Wetlands Impacted by Sea Level Rise,Estuaries and Coasts,NA,1006--1019,NA,NA,NA,NA
Nolte_2020,Nolte_2020,Misc,10.25573/SERC.11958996,Misc,10.25573/SERC.11958996,https://smithsonian.figshare.com/articles/Dataset_Does_livestock_grazing_affect_sediment_deposition_and_accretion_rates_in_salt_marshes_/11958996,2020,NA,The Smithsonian Institution,NA,NA,Stefanie Nolte,Dataset: Does livestock grazing affect sediment deposition and accretion rates in salt marshes?,NA,NA,NA,"Soil Science, 50301 Carbon Sequestration Science",NA,NA,NA
Nolte_2020,Nolte_2020,Article,nolte2013does,Article,10.1016/j.ecss.2013.10.026,NA,2013,NA,Elsevier,135,NA,Stefanie Nolte and Frauke MÃ¼ller and Mark Schuerch and Antonia Wanner and Peter Esselink and Jan P Bakker and Kai Jensen,Does livestock grazing affect sediment deposition and accretion rates in salt marshes?,"Estuarine, Coastal and Shelf Science",NA,296--305,NA,NA,NA,NA
Nuttle_1996,Holmquist_et_al_2018,synthesis,Holmquist_et_al_2018,Misc,10.25572/ccrcn/10088/35684,https://repository.si.edu/handle/10088/35684,2018,NA,Smithsonian Research Online,NA,NA,James R. Holmquist and Lisamarie Windham-Myers and Norman Bliss and Stephen Crooks and James T. Morris and J. Patrick Megonigal and Tiffany Troxler and Donald Weller and John Callaway and Judith Drexler and Matthew C. Ferner and Meagan E. Gonneea and Kevin D. Kroeger and Lisa Schile-Beers and Isa Woo and Kevin Buffington and Brandon M. Boyd and Joshua Breithaupt and Lauren N. Brown and Nicole Dix and Lyndie Hice and Benjamin P. Horton and Glen M. MacDonald and Ryan P. Moyer and William Reay and Timothy Shaw and Erik Smith and Joseph M. Smoak and Christopher Sommerfield and Karen Thorne and David Velinsky and Elizabeth Watson and Kristen {Wilson Grimes} and Mark Woodrey,Accuracy and Precision of Tidal Wetland Soil Carbon Mapping in the Conterminous United States: Public Soil Carbon Data Release,NA,NA,NA,NA,NA,NA,NA
Nuttle_1996,Nuttle_1996,Book,Nuttle_1996,Book,NA,NA,1996,NA,Environmental Data Initiative,NA,NA,William Nuttle,Tidal Freshwater Marshes as Nutrient Sinks: Particulate Nutrient Burial and Denitrification,NA,NA,NA,NA,NA,NA,NA
Nyman_et_al_1993,Holmquist_et_al_2018,synthesis,Holmquist_et_al_2018,Misc,10.25572/ccrcn/10088/35684,https://repository.si.edu/handle/10088/35684,2018,NA,Smithsonian Research Online,NA,NA,James R. Holmquist and Lisamarie Windham-Myers and Norman Bliss and Stephen Crooks and James T. Morris and J. Patrick Megonigal and Tiffany Troxler and Donald Weller and John Callaway and Judith Drexler and Matthew C. Ferner and Meagan E. Gonneea and Kevin D. Kroeger and Lisa Schile-Beers and Isa Woo and Kevin Buffington and Brandon M. Boyd and Joshua Breithaupt and Lauren N. Brown and Nicole Dix and Lyndie Hice and Benjamin P. Horton and Glen M. MacDonald and Ryan P. Moyer and William Reay and Timothy Shaw and Erik Smith and Joseph M. Smoak and Christopher Sommerfield and Karen Thorne and David Velinsky and Elizabeth Watson and Kristen {Wilson Grimes} and Mark Woodrey,Accuracy and Precision of Tidal Wetland Soil Carbon Mapping in the Conterminous United States: Public Soil Carbon Data Release,NA,NA,NA,NA,NA,NA,NA
Nyman_et_al_1993,Nyman_et_al_1993,Article,Nyman_1993,Article,10.3354/meps096269,https://doi.org/10.3354/meps096269,1993,NA,Inter-Research Science Center,96,NA,JA Nyman and RD DeLaune and HH Roberts and WH Patrick,Relationship between vegetation and soil formation in a rapidly submerging coastal marsh,Marine Ecology Progress Series,NA,269--279,NA,NA,NA,NA
Orson_1990,Holmquist_et_al_2018,synthesis,Holmquist_et_al_2018,Misc,10.25572/ccrcn/10088/35684,https://repository.si.edu/handle/10088/35684,2018,NA,Smithsonian Research Online,NA,NA,James R. Holmquist and Lisamarie Windham-Myers and Norman Bliss and Stephen Crooks and James T. Morris and J. Patrick Megonigal and Tiffany Troxler and Donald Weller and John Callaway and Judith Drexler and Matthew C. Ferner and Meagan E. Gonneea and Kevin D. Kroeger and Lisa Schile-Beers and Isa Woo and Kevin Buffington and Brandon M. Boyd and Joshua Breithaupt and Lauren N. Brown and Nicole Dix and Lyndie Hice and Benjamin P. Horton and Glen M. MacDonald and Ryan P. Moyer and William Reay and Timothy Shaw and Erik Smith and Joseph M. Smoak and Christopher Sommerfield and Karen Thorne and David Velinsky and Elizabeth Watson and Kristen {Wilson Grimes} and Mark Woodrey,Accuracy and Precision of Tidal Wetland Soil Carbon Mapping in the Conterminous United States: Public Soil Carbon Data Release,NA,NA,NA,NA,NA,NA,NA
Orson_1990,Orson_1990,Article,Richard_A_Orson_2_Robert_L_Sim_1990,Article,10.1306/d4267631-2b26-11d7-8648000102c1865d,https://doi.org/10.1306/d4267631-2b26-11d7-8648000102c1865d,1990,NA,Society for Sedimentary Geology,NA,NA,Robert L. Sim {Richard A. Orson (2)},Rates of Sediment Accumulation in a Tidal Freshwater Marsh,{SEPM} Journal of Sedimentary Research,NA,NA,NA,NA,NA,NA
Osland_et_al_2016,Osland_et_al_2016,data release,Osland_et_al_2016,Misc,10.5066/f7j1017g,https://www.sciencebase.gov/catalog/item/5731fbace4b0dae0d5dc1e59,2017,NA,U.S. Geological Survey,NA,NA,Michael J Osland,"Vegetation, soil, and landscape data",NA,NA,NA,NCCWSC/CSC Data Product,NA,NA,NA
Pastore_et_al_2017,Holmquist_et_al_2018,synthesis,Holmquist_et_al_2018,Misc,10.25572/ccrcn/10088/35684,https://repository.si.edu/handle/10088/35684,2018,NA,Smithsonian Research Online,NA,NA,James R. Holmquist and Lisamarie Windham-Myers and Norman Bliss and Stephen Crooks and James T. Morris and J. Patrick Megonigal and Tiffany Troxler and Donald Weller and John Callaway and Judith Drexler and Matthew C. Ferner and Meagan E. Gonneea and Kevin D. Kroeger and Lisa Schile-Beers and Isa Woo and Kevin Buffington and Brandon M. Boyd and Joshua Breithaupt and Lauren N. Brown and Nicole Dix and Lyndie Hice and Benjamin P. Horton and Glen M. MacDonald and Ryan P. Moyer and William Reay and Timothy Shaw and Erik Smith and Joseph M. Smoak and Christopher Sommerfield and Karen Thorne and David Velinsky and Elizabeth Watson and Kristen {Wilson Grimes} and Mark Woodrey,Accuracy and Precision of Tidal Wetland Soil Carbon Mapping in the Conterminous United States: Public Soil Carbon Data Release,NA,NA,NA,NA,NA,NA,NA
Pastore_et_al_2017,Pastore_et_al_2017,Article,Pastore_2017,Article,10.1007/s10533-017-0312-2,https://doi.org/10.1007/s10533-017-0312-2,2017,mar,Springer Science and Business Media {LLC},133,1,Melissa A. Pastore and J. Patrick Megonigal and J. Adam Langley,Elevated {CO}2 and nitrogen addition accelerate net carbon gain in a brackish marsh,Biogeochemistry,NA,73--87,NA,NA,NA,NA
Peck_et_al_2020,Peck_et_al_2020,Misc,https://doi.org/10.25573/serc.11317820.v2,Misc,10.25573/SERC.11317820.V2,https://smithsonian.figshare.com/articles/Dataset_Controls_on_sediment_accretion_and_blue_carbon_burial_in_tidal_saline_wetlands_Insights_from_the_Oregon_coast_U_S_A_/11317820/2,2020,NA,The Smithsonian Institution,NA,NA,Erin Peck and Robert Wheatcroft and Laura Brophy,"Dataset: Controls on sediment accretion and blue carbon burial in tidal saline wetlands: Insights from the Oregon coast, U.S.A.",NA,NA,NA,"Soil Science, 50301 Carbon Sequestration Science",NA,NA,NA
Piazza_et_al_2011,Holmquist_et_al_2018,synthesis,Holmquist_et_al_2018,Misc,10.25572/ccrcn/10088/35684,https://repository.si.edu/handle/10088/35684,2018,NA,Smithsonian Research Online,NA,NA,James R. Holmquist and Lisamarie Windham-Myers and Norman Bliss and Stephen Crooks and James T. Morris and J. Patrick Megonigal and Tiffany Troxler and Donald Weller and John Callaway and Judith Drexler and Matthew C. Ferner and Meagan E. Gonneea and Kevin D. Kroeger and Lisa Schile-Beers and Isa Woo and Kevin Buffington and Brandon M. Boyd and Joshua Breithaupt and Lauren N. Brown and Nicole Dix and Lyndie Hice and Benjamin P. Horton and Glen M. MacDonald and Ryan P. Moyer and William Reay and Timothy Shaw and Erik Smith and Joseph M. Smoak and Christopher Sommerfield and Karen Thorne and David Velinsky and Elizabeth Watson and Kristen {Wilson Grimes} and Mark Woodrey,Accuracy and Precision of Tidal Wetland Soil Carbon Mapping in the Conterminous United States: Public Soil Carbon Data Release,NA,NA,NA,NA,NA,NA,NA
Piazza_et_al_2011,Piazza_et_al_2011,Misc,Piazza_2011,Misc,10.3133/ofr20111094,https://doi.org/10.3133/ofr20111094,2011,NA,{US} Geological Survey,NA,NA,Sarai C. Piazza and Gregory D. Steyer and Kari F. Cretini and Charles E. Sasser and Jenneke M. Visser and Guerry O. Holm and Leigh A. Sharp and D. Elaine Evers and John R. Meriwether,Geomorphic and ecological effects of Hurricanes Katrina and Rita on coastal Louisiana marsh communities,NA,NA,i--126,NA,NA,NA,NA
Poppe_and_Rybczyk_2019,Poppe_and_Rybczyk_2019,synthesis,Poppe_and_Rybczyk_2019,Misc,10.25573/data.10005248,https://smithsonian.figshare.com/articles/Dataset_Sediment_carbon_stocks_and_sequestration_rates_in_the_Pacific_Northwest_region_of_Washington_USA/10005248,2019,NA,The Smithsonian Institution,NA,NA,Katrina Poppe and John Rybczyk,"Dataset: Sediment carbon stocks and sequestration rates in the Pacific Northwest region of Washington, USA",NA,NA,NA,NA,NA,NA,NA
Poppe_and_Rybczyk_2019,Poppe_and_Rybczyk_2019b,TechReport,Poppe_and_Rybczyk_2019b,TechReport,NA,NA,2019,NA,NA,NA,NA,KL Poppe and JM Rybczyk,A Blue Carbon Assessment for the Stillaguamish River Estuary: Quantifying the Climate Benefits of Tidal Marsh Restoration,NA,NA,NA,NA,NA,Western Washington University,NA
Poppe_et_al_2019,Poppe_and_Rybczyk_2019,synthesis,Poppe_and_Rybczyk_2019,Misc,10.25573/data.10005248,https://smithsonian.figshare.com/articles/Dataset_Sediment_carbon_stocks_and_sequestration_rates_in_the_Pacific_Northwest_region_of_Washington_USA/10005248,2019,NA,The Smithsonian Institution,NA,NA,Katrina Poppe and John Rybczyk,"Dataset: Sediment carbon stocks and sequestration rates in the Pacific Northwest region of Washington, USA",NA,NA,NA,NA,NA,NA,NA
Poppe_et_al_2019,Poppe_et_al_2019,TechReport,Poppe_et_al_2019,TechReport,NA,NA,2014,NA,NA,NA,NA,S Crooks and J Rybczyk and K O`Connell and D L Devier and K Poppe and S Emmett-Mattox,Coastal Blue Carbon Opportunity Assessment for the Snohomish Estuary: The Climate Benefits of Estuary Restoration,NA,NA,NA,NA,NA,Restore America’s Estuaries,NA
Radabaugh_et_al_2018,Holmquist_et_al_2018,synthesis,Holmquist_et_al_2018,Misc,10.25572/ccrcn/10088/35684,https://repository.si.edu/handle/10088/35684,2018,NA,Smithsonian Research Online,NA,NA,James R. Holmquist and Lisamarie Windham-Myers and Norman Bliss and Stephen Crooks and James T. Morris and J. Patrick Megonigal and Tiffany Troxler and Donald Weller and John Callaway and Judith Drexler and Matthew C. Ferner and Meagan E. Gonneea and Kevin D. Kroeger and Lisa Schile-Beers and Isa Woo and Kevin Buffington and Brandon M. Boyd and Joshua Breithaupt and Lauren N. Brown and Nicole Dix and Lyndie Hice and Benjamin P. Horton and Glen M. MacDonald and Ryan P. Moyer and William Reay and Timothy Shaw and Erik Smith and Joseph M. Smoak and Christopher Sommerfield and Karen Thorne and David Velinsky and Elizabeth Watson and Kristen {Wilson Grimes} and Mark Woodrey,Accuracy and Precision of Tidal Wetland Soil Carbon Mapping in the Conterminous United States: Public Soil Carbon Data Release,NA,NA,NA,NA,NA,NA,NA
Radabaugh_et_al_2018,Radabaugh_et_al_2018,Article,Radabaugh_2017,Article,10.1007/s12237-017-0362-7,https://doi.org/10.1007/s12237-017-0362-7,2017,dec,Springer Science and Business Media {LLC},41,5,Kara R. Radabaugh and Ryan P. Moyer and Amanda R. Chappel and Christina E. Powell and Ioana Bociu and Barbara C. Clark and Joseph M. Smoak,"Coastal Blue Carbon Assessment of Mangroves, Salt Marshes, and Salt Barrens in Tampa Bay, Florida, {USA}",Estuaries and Coasts,NA,1496--1510,NA,NA,NA,NA
Sanborn_and_Coxson_2020,Sanborn_and_Coxson_2020,synthesis,Sanborn_and_Coxson_2020,Misc,doi.org/10.25573/serc.12252005,https://smithsonian.figshare.com/articles/Dataset_Carbon_data_for_intertidal_soils_and_sediments_Skeena_River_estuary_British_Columbia/12252005,2020,jun,The Smithsonian Institution,NA,NA,"Sanbor, Paul and Coxson, Darwyn","Dataset: Carbon data for intertidal soils and sediments, Skeena River estuary, British Columbia",NA,NA,NA,NA,NA,NA,NA
Schile-Beers_and_Megonigal_2017,Schile-Beers_and_Megonigal_2017,data release,Schile-Beers_and_Megonigal_2017,Misc,10.5479/data_serc/10088/31949,https://repository.si.edu/handle/10088/31949,2017,NA,Smithsonian Environmental Research Center,NA,NA,Lisa M. Schile,Abu Dhabi Blue Carbon Demonstration Project,NA,NA,NA,NA,NA,NA,NA
Smith_et_al_2015,Smith_et_al_2015,data release,Smith_et_al_2015,Misc,10.3133/ds877,https://doi.org/10.3133/ds877,2015,NA,{US} Geological Survey,NA,NA,Kathryn E. L. Smith and James G. Flocks and Gregory D. Steyer and Sarai C. Piazza,Wetland paleoecological study of southwest coastal Louisiana: sediment cores and diatom calibration dataset,NA,NA,NA,NA,NA,NA,NA
StLaurent_et_al_2020,StLaurent_et_al_2020,Misc,StLaurent_et_al_2020_data,Misc,10.25573/serc.13315472,https://smithsonian.figshare.com/articles/dataset/Dataset_Assessing_coastal_carbon_variability_in_two_Delaware_tidal_marshes/13315472,2020,dec,The Smithsonian Institution,NA,NA,Kari A. St. Laurent and Daniel J. Hribar and Annette J. Carlson and {Calyn M. Crawford} and {Drexel Siok},Dataset: Assessing coastal carbon variability in two Delaware tidal marshes,NA,NA,NA,"Soil Science, 50301 Carbon Sequestration Science, FOS: Agriculture, forestry and fisheries, FOS: Agriculture, forestry and fisheries",Creative Commons Attribution 4.0 International,NA,NA
StLaurent_et_al_2020,StLaurent_et_al_2020,Article,StLaurent_et_al_2020,Article,10.1007/s11852-020-00783-3,https://doi.org/10.1007/s11852-020-00783-3,2020,oct,Springer Science and Business Media {LLC},24,6,Kari A. St. Laurent and Daniel J. Hribar and Annette J. Carlson and Calyn M. Crawford and Drexel Siok,Assessing coastal carbon variability in two Delaware tidal marshes,Journal of Coastal Conservation,NA,NA,NA,NA,NA,NA
Thom_1992,Thom_1992,Misc,Thom_2019,Misc,10.25573/data.10046189,https://smithsonian.figshare.com/articles/Dataset_Accretion_rates_of_low_intertidal_salt_marshes_in_the_Pacific_Northwest/10046189,2019,NA,The Smithsonian Institution,NA,NA,Ronald M. Thom,Dataset: Accretion rates of low intertidal salt marshes in the Pacific Northwest,NA,NA,NA,"Soil Science, 50301 Carbon Sequestration Science",NA,NA,NA
Thom_1992,Thom_1992,Article,Thom_1992,Article,10.1007/bf03160603,https://doi.org/10.1007/bf03160603,1992,dec,Springer Science and Business Media {LLC},12,3,Ronald M. Thom,Accretion rates of low intertidal salt marshes in the Pacific Northwest,Wetlands,NA,147--156,NA,NA,NA,NA
Thorne_et_al_2015,Thorne_et_al_2015,data release,Thorne_et_al_2015,Misc,10.5066/f7sj1hnc,https://www.sciencebase.gov/catalog/item/5006e99ee4b0abf7ce733f58,2015,NA,U.S. Geological Survey,NA,NA,U.S. Geological Survey {Karen Thorne},Marshes to Mudflats: Climate Change Effects Along a Latitudinal Gradient in the Pacific Northwest,NA,NA,NA,NA,NA,NA,NA
Unger_et_al_2016,Unger_et_al_2016,Article,Unger_et_al_2016,Article,10.1016/j.ecss.2016.10.001,https://doi.org/10.1016/j.ecss.2016.10.001,2016,dec,Elsevier {BV},182,NA,Viktoria Unger and Tracy Elsey-Quirk and Christopher Sommerfield and David Velinsky,Stability of organic carbon accumulating in Spartina alterniflora-dominated salt marshes of the Mid-Atlantic U.S.,"Estuarine, Coastal and Shelf Science",NA,179--189,NA,NA,NA,NA
Unger_et_al_2016,Boyd_et_al_2019,Misc,Boyd_et_al_2019,Misc,10.25573/data.9747065,https://smithsonian.figshare.com/articles/Dataset_Accretion_and_sediment_accumulation_in_impounded_and_unimpounded_marshes_in_the_Delaware_Estuary_and_Barnegat_Bay/9747065,2019,NA,The Smithsonian Institution,NA,NA,Brandon Boyd and Christopher K. Sommerfield and Tracy Quirk and Viktoria Unger,Dataset: Accretion and sediment accumulation in impounded and unimpounded marshes in the Delaware Estuary and Barnegat Bay,NA,NA,NA,"50301 Carbon Sequestration Science, Soil Science",NA,NA,NA
Vaughn_et_al_2020,Vaughn_et_al_2020,Misc,10.25573/SERC.10552004,Misc,10.25573/SERC.10552004,https://smithsonian.figshare.com/articles/Dataset_Increased_Organic_Carbon_Burial_in_Northern_Florida_Mangrove-Salt_Marsh_Transition_Zones/10552004,2020,NA,The Smithsonian Institution,NA,NA,Derrick Vaughn and Thomas Bianchi and Michael Shields and William Kenney and Todd Osborne,Dataset: Increased Organic Carbon Burial in Northern Florida Mangrove-Salt Marsh Transition Zones,NA,NA,NA,"50301 Carbon Sequestration Science, Soil Science",NA,NA,NA
Watson_and_Byrne_2013,Watson_and_Byrne_2013,Article,Watson_and_Byrne_2013,Article,10.1007/s12237-013-9598-z,https://doi.org/10.1007/s12237-013-9598-z,2013,feb,Springer Science and Business Media {LLC},36,3,Elizabeth Burke Watson and Roger Byrne,"Late Holocene Marsh Expansion in Southern San Francisco Bay, California",Estuaries and Coasts,NA,643--653,NA,NA,NA,NA
Weis_et_al_2001,Weis_et_al_2001,Article,Weis_et_al_2001,Article,10.2307/1353175,https://doi.org/10.2307/1353175,2001,dec,Springer Nature,24,6,Daniel A. Weis and John C. Callaway and Richard M. Gersberg,Vertical Accretion Rates and Heavy Metal Chronologies in Wetland Sediments of the Tijuana Estuary,Estuaries,NA,NA,NA,NA,NA,NA
Weis_et_al_2001,Weis_et_al_2001,MastersThesis,Weis 2001,MastersThesis,NA,NA,1999,NA,NA,NA,NA,Daniel Anthony Weis,Vertical accretion rates and heavy metal chronologies in wetland sediments of Tijuana Estuary,NA,San Diego State University,NA,NA,NA,NA,NA
Windham_Meyers_et_al_2010,Holmquist_et_al_2018,synthesis,Holmquist_et_al_2018,Misc,10.25572/ccrcn/10088/35684,https://repository.si.edu/handle/10088/35684,2018,NA,Smithsonian Research Online,NA,NA,James R. Holmquist and Lisamarie Windham-Myers and Norman Bliss and Stephen Crooks and James T. Morris and J. Patrick Megonigal and Tiffany Troxler and Donald Weller and John Callaway and Judith Drexler and Matthew C. Ferner and Meagan E. Gonneea and Kevin D. Kroeger and Lisa Schile-Beers and Isa Woo and Kevin Buffington and Brandon M. Boyd and Joshua Breithaupt and Lauren N. Brown and Nicole Dix and Lyndie Hice and Benjamin P. Horton and Glen M. MacDonald and Ryan P. Moyer and William Reay and Timothy Shaw and Erik Smith and Joseph M. Smoak and Christopher Sommerfield and Karen Thorne and David Velinsky and Elizabeth Watson and Kristen {Wilson Grimes} and Mark Woodrey,Accuracy and Precision of Tidal Wetland Soil Carbon Mapping in the Conterminous United States: Public Soil Carbon Data Release,NA,NA,NA,NA,NA,NA,NA
Windham_Meyers_et_al_2010,Windham_Meyers_et_al_2010,Misc,Windham_Myers_2010,Misc,10.3133/ofr20101299,https://doi.org/10.3133/ofr20101299,2010,NA,{US} Geological Survey,NA,NA,Lisamarie Windham-Myers and Mark C. Marvin-DiPasquale and Jennifer L. Agee and Le H. Kieu and Evangelos Kakouros and Li H. Erikson and Kristen Ward,"Biogeochemical processes in an urban, restored wetland of San Francisco Bay, California, 2007-2009$\mathsemicolon$ methods and data for plant, sediment and water parameters",NA,NA,NA,NA,NA,NA,NA
